date,adj_close
2003-09-29,49.256737
2003-09-30,49.512253
2003-10-01,49.488194
2003-10-02,49.411018
2003-10-03,49.054279
2003-10-06,49.126568
2003-10-07,48.957844
2003-10-08,49.078365
2003-10-09,48.904797
2003-10-10,49.174809
2003-10-13,48.957844
2003-10-14,48.86142
2003-10-15,48.740894
2003-10-16,48.610722
2003-10-17,48.842152
2003-10-20,48.813236
2003-10-21,48.909634
2003-10-22,49.126568
2003-10-23,49.00605
2003-10-24,49.24707
2003-10-27,49.150696
2003-10-28,49.343525
2003-10-29,49.126568
2003-10-30,49.126568
2003-10-31,49.049458
2003-11-03,48.961845
2003-11-04,49.05864
2003-11-05,49.05864
2003-11-06,48.792568
2003-11-07,48.816734
2003-11-10,48.908672
2003-11-11,48.821552
2003-11-12,48.913464
2003-11-13,49.27153
2003-11-14,49.310173
2003-11-17,49.51828
2003-11-18,49.494095
2003-11-19,49.261818
2003-11-20,49.431168
2003-11-21,49.484383
2003-11-24,49.276363
2003-11-25,49.469879
2003-11-26,49.290859
2003-11-28,49.213467
2003-12-01,49.078587
2003-12-02,49.064064
2003-12-03,49.11256
2003-12-04,49.185284
2003-12-05,49.43272
2003-12-08,49.43272
2003-12-09,49.156208
2003-12-10,49.350258
2003-12-11,49.524864
2003-12-12,49.553978
2003-12-15,49.524864
2003-12-16,49.553978
2003-12-17,49.67527
2003-12-18,49.748055
2003-12-19,49.772274
2003-12-22,49.748055
2003-12-23,49.553978
2003-12-24,49.592815
2003-12-26,49.840199
2003-12-29,49.718948
2003-12-30,49.626797
2003-12-31,49.695332
2004-01-02,49.413204
2004-01-05,49.471584
2004-01-06,49.695332
2004-01-07,49.807266
2004-01-08,49.792679
2004-01-09,50.206184
2004-01-12,50.065075
2004-01-13,50.18187
2004-01-14,50.176945
2004-01-15,50.240238
2004-01-16,50.201313
2004-01-20,50.157536
2004-01-21,50.191563
2004-01-22,50.279114
2004-01-23,50.157536
2004-01-26,49.96294
2004-01-27,50.035912
2004-01-28,49.933746
2004-01-29,49.816978
2004-01-30,49.914261
2004-02-02,49.927979
2004-02-03,50.064526
2004-02-04,50.069397
2004-02-05,49.927979
2004-02-06,50.132835
2004-02-09,50.166965
2004-02-10,50.059654
2004-02-11,50.254791
2004-02-12,50.25967
2004-02-13,50.484074
2004-02-17,50.362095
2004-02-18,50.32309
2004-02-19,50.376709
2004-02-20,50.220661
2004-02-23,50.357235
2004-02-24,50.313293
2004-02-25,50.43042
2004-02-26,50.347454
2004-02-27,50.484074
2004-03-01,50.506557
2004-03-02,50.330532
2004-03-03,50.276707
2004-03-04,50.398979
2004-03-05,50.770626
2004-03-08,50.941746
2004-03-09,51.015099
2004-03-10,50.956379
2004-03-11,51.068863
2004-03-12,50.912395
2004-03-15,50.922142
2004-03-16,51.044403
2004-03-17,51.019958
2004-03-18,50.971092
2004-03-19,50.917297
2004-03-22,51.049313
2004-03-23,51.054214
2004-03-24,51.083565
2004-03-25,51.054214
2004-03-26,50.87817
2004-03-29,50.785275
2004-03-30,50.584801
2004-03-31,50.829254
2004-04-01,50.853809
2004-04-02,50.388088
2004-04-05,50.07925
2004-04-06,50.221432
2004-04-07,50.098881
2004-04-08,50.128258
2004-04-12,50.11359
2004-04-13,50.02536
2004-04-14,49.878292
2004-04-15,49.804764
2004-04-16,49.942009
2004-04-19,49.878292
2004-04-20,49.71648
2004-04-21,49.598858
2004-04-22,49.780205
2004-04-23,49.682205
2004-04-26,49.667515
2004-04-27,49.790028
2004-04-28,49.559658
2004-04-29,49.417492
2004-04-30,49.402763
2004-05-03,49.329082
2004-05-04,49.417519
2004-05-05,49.353596
2004-05-06,49.201279
2004-05-07,48.783413
2004-05-10,48.709717
2004-05-11,48.832649
2004-05-12,48.763809
2004-05-13,48.753967
2004-05-14,48.763809
2004-05-17,49.009556
2004-05-18,49.034115
2004-05-19,48.950615
2004-05-20,49.083313
2004-05-21,49.00465
2004-05-24,49.043953
2004-05-25,49.029247
2004-05-26,49.152103
2004-05-27,49.388
2004-05-28,49.215996
2004-06-01,49.160305
2004-06-02,49.179996
2004-06-03,49.160305
2004-06-04,49.056751
2004-06-07,49.106087
2004-06-08,48.987686
2004-06-09,49.002533
2004-06-10,48.953213
2004-06-14,48.815136
2004-06-15,49.229328
2004-06-16,49.130707
2004-06-17,49.184975
2004-06-18,49.2589
2004-06-21,49.32299
2004-06-22,49.303253
2004-06-23,49.263813
2004-06-24,49.451183
2004-06-25,49.436409
2004-06-28,49.273697
2004-06-29,49.184975
2004-06-30,49.574493
2004-07-01,49.637302
2004-07-02,49.953831
2004-07-06,49.919235
2004-07-07,49.889545
2004-07-08,49.94397
2004-07-09,49.795578
2004-07-12,49.94397
2004-07-13,49.889545
2004-07-14,49.919235
2004-07-15,49.82523
2004-07-16,50.156662
2004-07-19,50.082481
2004-07-20,49.948902
2004-07-21,49.830215
2004-07-22,49.939003
2004-07-23,50.052746
2004-07-26,49.820316
2004-07-27,49.706539
2004-07-28,49.780739
2004-07-29,49.666939
2004-07-30,50.032982
2004-08-02,50.019096
2004-08-03,50.088596
2004-08-04,50.197769
2004-08-05,50.23246
2004-08-06,50.554943
2004-08-09,50.589752
2004-08-10,50.455788
2004-08-11,50.490505
2004-08-12,50.594727
2004-08-13,50.693989
2004-08-16,50.634422
2004-08-17,50.783306
2004-08-18,50.619503
2004-08-19,50.788265
2004-08-20,50.639374
2004-08-23,50.654327
2004-08-24,50.659233
2004-08-25,50.664188
2004-08-26,50.758476
2004-08-27,50.793262
2004-08-30,50.842819
2004-08-31,50.842819
2004-09-01,51.026024
2004-09-02,50.821911
2004-09-03,50.797047
2004-09-07,50.792091
2004-09-08,50.946381
2004-09-09,50.896595
2004-09-10,51.0061
2004-09-13,51.055908
2004-09-14,51.110649
2004-09-15,51.080784
2004-09-16,51.235104
2004-09-17,51.021027
2004-09-20,51.240063
2004-09-21,51.225109
2004-09-22,51.394367
2004-09-23,51.240063
2004-09-24,51.254997
2004-09-27,51.240063
2004-09-28,51.324696
2004-09-29,51.030994
2004-09-30,51.105637
2004-10-01,51.014267
2004-10-04,51.029285
2004-10-05,51.024277
2004-10-06,50.929417
2004-10-07,50.929417
2004-10-08,51.17905
2004-10-11,51.228973
2004-10-12,51.17905
2004-10-13,51.253967
2004-10-14,51.498619
2004-10-15,51.403767
2004-10-18,51.358829
2004-10-19,51.383801
2004-10-20,51.56353
2004-10-21,51.433659
2004-10-22,51.558517
2004-10-25,51.618439
2004-10-26,51.46867
2004-10-27,51.353825
2004-10-28,51.413719
2004-10-29,51.548561
2004-11-01,51.437881
2004-11-02,51.392868
2004-11-03,51.502987
2004-11-04,51.457901
2004-11-05,51.327724
2004-11-08,51.142506
2004-11-09,51.262707
2004-11-10,51.202576
2004-11-11,51.252628
2004-11-12,51.312756
2004-11-15,51.337788
2004-11-16,51.287727
2004-11-17,51.417824
2004-11-18,51.437881
2004-11-19,51.332764
2004-11-22,51.412907
2004-11-23,51.382812
2004-11-24,51.432938
2004-11-26,51.282684
2004-11-29,51.142506
2004-11-30,51.167553
2004-12-01,50.975719
2004-12-02,51.071117
2004-12-03,51.367432
2004-12-06,51.42263
2004-12-07,51.492958
2004-12-08,51.668671
2004-12-09,51.598423
2004-12-10,51.533127
2004-12-13,51.608467
2004-12-14,51.658718
2004-12-15,51.774181
2004-12-16,51.573288
2004-12-17,51.447758
2004-12-20,51.497974
2004-12-21,51.497974
2004-12-22,51.608467
2004-12-23,51.633533
2004-12-27,51.437698
2004-12-28,51.412613
2004-12-29,51.402599
2004-12-30,51.508003
2004-12-31,51.575493
2005-01-03,51.575493
2005-01-04,51.525131
2005-01-05,51.504993
2005-01-06,51.540253
2005-01-07,51.525131
2005-01-10,51.499935
2005-01-11,51.570473
2005-01-12,51.64603
2005-01-13,51.771885
2005-01-14,51.585621
2005-01-18,51.721573
2005-01-19,51.797085
2005-01-20,51.867668
2005-01-21,51.892849
2005-01-24,51.902897
2005-01-25,51.812283
2005-01-26,51.787025
2005-01-27,51.716515
2005-01-28,51.892849
2005-01-31,51.827354
2005-02-01,51.882397
2005-02-02,51.922813
2005-02-03,51.857162
2005-02-04,52.074326
2005-02-07,52.084492
2005-02-08,52.114769
2005-02-09,52.25626
2005-02-10,51.988495
2005-02-11,52.059235
2005-02-14,52.069324
2005-02-15,51.96833
2005-02-16,51.907692
2005-02-17,51.882397
2005-02-18,51.897537
2005-02-22,51.751095
2005-02-23,51.776356
2005-02-24,51.7258
2005-02-25,51.771252
2005-02-28,51.63485
2005-03-01,51.597885
2005-03-02,51.532051
2005-03-03,51.572556
2005-03-04,51.719475
2005-03-07,51.734665
2005-03-08,51.623192
2005-03-09,51.309151
2005-03-10,51.248306
2005-03-11,51.288841
2005-03-14,51.268551
2005-03-15,51.278709
2005-03-16,51.314182
2005-03-17,51.304062
2005-03-18,51.268551
2005-03-21,51.268551
2005-03-22,50.989952
2005-03-23,51.055824
2005-03-24,51.086178
2005-03-28,50.984913
2005-03-29,50.954468
2005-03-30,51.106476
2005-03-31,51.131802
2005-04-01,51.433247
2005-04-04,51.372215
2005-04-05,51.270573
2005-04-06,51.402748
2005-04-07,51.341736
2005-04-08,51.341736
2005-04-11,51.438313
2005-04-12,51.580666
2005-04-13,51.651852
2005-04-14,51.697575
2005-04-15,51.880581
2005-04-18,51.819584
2005-04-19,51.885601
2005-04-20,51.921234
2005-04-21,51.794159
2005-04-22,51.900944
2005-04-25,51.880581
2005-04-26,51.753498
2005-04-27,51.967022
2005-04-28,52.099167
2005-04-29,52.012714
2005-05-02,52.01479
2005-05-03,51.979095
2005-05-04,52.035202
2005-05-05,52.07093
2005-05-06,51.877075
2005-05-09,51.83625
2005-05-10,51.892391
2005-05-11,51.979095
2005-05-12,52.101498
2005-05-13,52.152481
2005-05-16,52.075985
2005-05-17,52.137192
2005-05-18,52.274879
2005-05-19,52.147369
2005-05-20,52.086151
2005-05-23,52.259571
2005-05-24,52.351387
2005-05-25,52.341187
2005-05-26,52.336082
2005-05-27,52.300415
2005-05-31,52.443169
2005-06-01,52.831089
2005-06-02,52.795223
2005-06-03,52.662212
2005-06-06,52.672459
2005-06-07,52.810604
2005-06-08,52.713364
2005-06-09,52.708248
2005-06-10,52.503555
2005-06-13,52.457546
2005-06-14,52.390995
2005-06-15,52.360252
2005-06-16,52.518921
2005-06-17,52.518921
2005-06-20,52.401226
2005-06-21,52.6161
2005-06-22,52.841331
2005-06-23,52.79015
2005-06-24,52.872021
2005-06-27,52.912998
2005-06-28,52.759415
2005-06-29,52.733852
2005-06-30,52.902695
2005-07-01,52.714314
2005-07-05,52.519196
2005-07-06,52.601387
2005-07-07,52.668083
2005-07-08,52.580864
2005-07-11,52.585979
2005-07-12,52.560318
2005-07-13,52.48838
2005-07-14,52.48838
2005-07-15,52.514141
2005-07-18,52.42168
2005-07-19,52.447338
2005-07-20,52.534634
2005-07-21,52.262577
2005-07-22,52.339542
2005-07-25,52.339542
2005-07-26,52.396004
2005-07-27,52.3652
2005-07-28,52.519196
2005-07-29,52.354965
2005-08-01,52.324509
2005-08-02,52.211243
2005-08-03,52.381195
2005-08-04,52.3297
2005-08-05,52.072178
2005-08-08,52.061855
2005-08-09,52.154602
2005-08-10,52.159744
2005-08-11,52.298798
2005-08-12,52.44817
2005-08-15,52.40181
2005-08-16,52.525436
2005-08-17,52.417267
2005-08-18,52.561489
2005-08-19,52.509979
2005-08-22,52.556355
2005-08-23,52.592373
2005-08-24,52.65934
2005-08-25,52.65934
2005-08-26,52.618122
2005-08-29,52.638752
2005-08-30,52.767517
2005-08-31,52.973511
2005-09-01,53.045891
2005-09-02,53.02005
2005-09-06,52.916683
2005-09-07,52.828846
2005-09-08,52.823681
2005-09-09,52.808151
2005-09-12,52.735836
2005-09-13,52.865017
2005-09-14,52.808151
2005-09-15,52.678951
2005-09-16,52.560116
2005-09-19,52.606609
2005-09-20,52.570454
2005-09-21,52.689293
2005-09-22,52.735836
2005-09-23,52.642792
2005-09-26,52.513634
2005-09-27,52.477432
2005-09-28,52.622097
2005-09-29,52.503254
2005-09-30,52.477432
2005-10-03,52.299583
2005-10-04,52.372173
2005-10-05,52.45512
2005-10-06,52.418823
2005-10-07,52.367012
2005-10-10,52.434418
2005-10-11,52.278831
2005-10-12,52.258106
2005-10-13,52.123295
2005-10-14,52.107735
2005-10-17,52.190701
2005-10-18,52.169998
2005-10-19,52.263252
2005-10-20,52.273685
2005-10-21,52.398087
2005-10-24,52.289249
2005-10-25,52.133678
2005-10-26,51.926262
2005-10-27,52.045544
2005-10-28,51.962578
2005-10-31,51.957409
2005-11-01,51.975037
2005-11-02,51.928265
2005-11-03,51.75127
2005-11-04,51.803375
2005-11-07,51.808594
2005-11-08,51.985466
2005-11-09,51.850204
2005-11-10,52.032326
2005-11-11,52.084347
2005-11-14,51.907425
2005-11-15,51.980232
2005-11-16,52.099972
2005-11-17,52.115578
2005-11-18,52.094784
2005-11-21,52.261303
2005-11-22,52.396591
2005-11-23,52.360191
2005-11-25,52.407024
2005-11-28,52.334137
2005-11-29,52.261303
2005-11-30,52.151955
2005-12-01,52.078358
2005-12-02,52.078358
2005-12-05,52.104519
2005-12-06,52.193272
2005-12-07,52.125351
2005-12-08,52.391762
2005-12-09,52.214138
2005-12-12,52.104519
2005-12-13,52.302963
2005-12-14,52.444031
2005-12-15,52.391762
2005-12-16,52.386513
2005-12-19,52.428333
2005-12-20,52.444031
2005-12-21,52.444031
2005-12-22,52.558899
2005-12-23,52.694706
2005-12-27,52.830544
2005-12-28,52.643867
2005-12-29,52.680557
2005-12-30,52.743477
2006-01-03,52.769699
2006-01-04,52.89555
2006-01-05,52.89555
2006-01-06,52.774944
2006-01-09,52.832634
2006-01-10,52.727745
2006-01-11,52.691025
2006-01-12,52.827408
2006-01-13,52.974213
2006-01-17,53.000431
2006-01-18,53.063316
2006-01-19,52.984718
2006-01-20,53.01091
2006-01-23,53.01091
2006-01-24,52.921734
2006-01-25,52.790684
2006-01-26,52.628132
2006-01-27,52.696339
2006-01-30,52.701565
2006-01-31,52.712013
2006-02-01,52.565155
2006-02-02,52.602043
2006-02-03,52.749374
2006-02-06,52.738903
2006-02-07,52.702007
2006-02-08,52.675747
2006-02-09,52.707302
2006-02-10,52.596779
2006-02-13,52.633617
2006-02-14,52.549427
2006-02-15,52.607277
2006-02-16,52.554653
2006-02-17,52.770454
2006-02-21,52.57571
2006-02-22,52.786243
2006-02-23,52.754639
2006-02-24,52.796783
2006-02-27,52.686249
2006-02-28,52.796783
2006-03-01,52.798359
2006-03-02,52.666313
2006-03-03,52.560642
2006-03-06,52.270103
2006-03-07,52.402153
2006-03-08,52.428593
2006-03-09,52.359905
2006-03-10,52.381046
2006-03-13,52.476166
2006-03-14,52.650452
2006-03-15,52.507812
2006-03-16,52.729694
2006-03-17,52.613491
2006-03-20,52.592316
2006-03-21,52.454998
2006-03-22,52.550091
2006-03-23,52.507812
2006-03-24,52.597591
2006-03-27,52.639851
2006-03-28,52.507812
2006-03-29,52.402153
2006-03-30,52.164478
2006-03-31,52.338806
2006-04-03,52.287346
2006-04-04,52.356297
2006-04-05,52.393379
2006-04-06,52.351013
2006-04-07,52.175999
2006-04-10,52.128254
2006-04-11,52.234276
2006-04-12,52.186569
2006-04-13,52.080532
2006-04-17,52.165367
2006-04-18,52.128254
2006-04-19,52.175999
2006-04-20,52.096397
2006-04-21,52.091156
2006-04-24,52.287346
2006-04-25,52.112366
2006-04-26,52.02219
2006-04-27,52.144161
2006-04-28,52.260792
2006-05-01,52.055866
2006-05-02,52.109066
2006-05-03,52.071861
2006-05-04,52.045238
2006-05-05,52.141056
2006-05-08,52.178303
2006-05-09,52.151703
2006-05-10,52.093182
2006-05-11,52.061203
2006-05-12,51.949413
2006-05-15,51.981331
2006-05-16,52.236866
2006-05-17,52.08783
2006-05-18,52.306099
2006-05-19,52.295418
2006-05-22,52.306099
2006-05-23,52.162354
2006-05-24,52.172981
2006-05-25,52.167671
2006-05-26,52.391178
2006-05-30,52.274162
2006-05-31,52.157032
2006-06-01,52.115887
2006-06-02,52.516708
2006-06-05,52.345661
2006-06-06,52.484592
2006-06-07,52.318951
2006-06-08,52.495319
2006-06-09,52.570114
2006-06-12,52.40979
2006-06-13,52.559452
2006-06-14,52.361702
2006-06-15,52.276192
2006-06-16,52.244087
2006-06-19,52.105175
2006-06-20,52.137184
2006-06-21,52.153286
2006-06-22,51.928852
2006-06-23,51.955551
2006-06-26,51.805916
2006-06-27,51.950203
2006-06-28,51.89677
2006-06-29,52.078472
2006-06-30,52.073128
2006-07-03,52.152504
2006-07-05,51.996948
2006-07-06,52.045223
2006-07-07,52.238392
2006-07-10,52.286655
2006-07-11,52.372528
2006-07-12,52.404705
2006-07-13,52.447617
2006-07-14,52.517361
2006-07-17,52.404705
2006-07-18,52.367138
2006-07-19,52.571053
2006-07-20,52.624714
2006-07-21,52.592464
2006-07-24,52.672974
2006-07-25,52.630032
2006-07-26,52.662262
2006-07-27,52.748116
2006-07-28,52.860737
2006-07-31,52.796371
2006-08-01,52.925171
2006-08-02,52.946747
2006-08-03,52.957512
2006-08-04,53.124538
2006-08-07,53.129848
2006-08-08,53.129848
2006-08-09,53.172985
2006-08-10,53.146015
2006-08-11,53.054478
2006-08-14,52.99519
2006-08-15,53.124538
2006-08-16,53.302261
2006-08-17,53.307701
2006-08-18,53.345448
2006-08-21,53.474735
2006-08-22,53.485508
2006-08-23,53.463959
2006-08-24,53.458542
2006-08-25,53.512424
2006-08-28,53.463959
2006-08-29,53.485508
2006-08-30,53.566307
2006-08-31,53.636353
2006-09-01,53.643375
2006-09-05,53.578518
2006-09-06,53.589283
2006-09-07,53.573055
2006-09-08,53.643375
2006-09-11,53.605503
2006-09-12,53.735382
2006-09-13,53.778618
2006-09-14,53.702896
2006-09-15,53.686668
2006-09-18,53.675846
2006-09-19,53.800289
2006-09-20,53.859741
2006-09-21,54.092346
2006-09-22,54.124767
2006-09-25,54.233006
2006-09-26,54.227592
2006-09-27,54.205936
2006-09-28,54.222153
2006-09-29,54.178879
2006-10-02,54.229919
2006-10-03,54.219093
2006-10-04,54.430927
2006-10-05,54.262531
2006-10-06,54.061569
2006-10-09,54.175648
2006-10-10,53.963799
2006-10-11,53.904049
2006-10-12,53.958412
2006-10-13,53.822601
2006-10-16,53.909504
2006-10-17,53.990974
2006-10-18,54.056129
2006-10-19,54.028934
2006-10-20,54.012714
2006-10-23,53.855171
2006-10-24,53.914917
2006-10-25,54.045273
2006-10-26,54.229919
2006-10-27,54.338558
2006-10-30,54.349403
2006-10-31,54.550423
2006-11-01,54.644238
2006-11-02,54.584267
2006-11-03,54.30061
2006-11-06,54.30061
2006-11-07,54.436996
2006-11-08,54.584267
2006-11-09,54.60062
2006-11-10,54.720581
2006-11-13,54.655163
2006-11-14,54.731525
2006-11-15,54.62788
2006-11-16,54.578785
2006-11-17,54.720581
2006-11-20,54.758804
2006-11-21,54.829681
2006-11-22,54.906052
2006-11-24,54.922478
2006-11-27,54.895168
2006-11-28,55.042439
2006-11-29,54.960625
2006-11-30,55.129723
2006-12-01,55.232651
2006-12-04,55.287384
2006-12-05,55.25457
2006-12-06,55.210773
2006-12-07,55.161472
2006-12-08,55.046459
2006-12-11,55.035534
2006-12-12,55.188885
2006-12-13,55.0191
2006-12-14,54.942413
2006-12-15,54.931496
2006-12-18,54.964333
2006-12-19,55.002644
2006-12-20,54.980789
2006-12-21,55.090324
2006-12-22,55.040947
2006-12-26,55.024601
2006-12-27,54.875622
2006-12-28,54.80418
2006-12-29,54.798656
2007-01-03,54.914036
2007-01-04,55.029507
2007-01-05,54.991028
2007-01-08,55.023994
2007-01-09,55.023994
2007-01-10,54.963593
2007-01-11,54.859112
2007-01-12,54.782177
2007-01-16,54.853672
2007-01-17,54.82061
2007-01-18,54.89756
2007-01-19,54.875622
2007-01-22,54.903049
2007-01-23,54.798656
2007-01-24,54.782177
2007-01-25,54.710728
2007-01-26,54.705242
2007-01-29,54.633766
2007-01-30,54.716221
2007-01-31,54.760136
2007-02-01,54.789444
2007-02-02,54.866711
2007-02-05,54.955002
2007-02-06,55.059856
2007-02-07,55.126003
2007-02-08,55.159157
2007-02-09,55.032253
2007-02-12,54.977001
2007-02-13,54.971489
2007-02-14,55.181252
2007-02-15,55.258472
2007-02-16,55.297119
2007-02-20,55.324692
2007-02-21,55.319172
2007-02-22,55.208836
2007-02-23,55.34124
2007-02-26,55.462601
2007-02-27,55.688873
2007-02-28,55.65028
2007-03-01,55.641415
2007-03-02,55.75774
2007-03-05,55.72451
2007-03-06,55.685734
2007-03-07,55.730061
2007-03-08,55.680138
2007-03-09,55.525066
2007-03-12,55.696777
2007-03-13,55.840878
2007-03-14,55.774353
2007-03-15,55.713409
2007-03-16,55.718983
2007-03-19,55.680138
2007-03-20,55.7356
2007-03-21,55.807575
2007-03-22,55.702305
2007-03-23,55.62479
2007-03-26,55.59156
2007-03-27,55.602642
2007-03-28,55.63031
2007-03-29,55.541653
2007-03-30,55.541653
2007-04-02,55.613403
2007-04-03,55.557808
2007-04-04,55.619038
2007-04-05,55.568954
2007-04-09,55.357597
2007-04-10,55.441029
2007-04-11,55.407589
2007-04-12,55.474388
2007-04-13,55.385464
2007-04-16,55.496628
2007-04-17,55.657917
2007-04-18,55.741348
2007-04-19,55.719116
2007-04-20,55.691288
2007-04-23,55.746899
2007-04-24,55.774723
2007-04-25,55.796944
2007-04-26,55.691288
2007-04-27,55.68013
2007-04-30,55.869255
2007-05-01,55.836857
2007-05-02,55.853596
2007-05-03,55.792187
2007-05-04,55.864777
2007-05-07,55.920624
2007-05-08,55.859169
2007-05-09,55.792187
2007-05-10,55.887108
2007-05-11,55.775486
2007-05-14,55.786617
2007-05-15,55.764317
2007-05-16,55.775486
2007-05-17,55.680565
2007-05-18,55.518665
2007-05-21,55.630318
2007-05-22,55.518665
2007-05-23,55.474052
2007-05-24,55.4963
2007-05-25,55.468449
2007-05-29,55.412582
2007-05-30,55.479538
2007-05-31,55.356773
2007-06-01,55.299568
2007-06-04,55.366879
2007-06-05,55.209869
2007-06-06,55.232307
2007-06-07,54.851051
2007-06-08,54.783821
2007-06-11,54.823017
2007-06-12,54.497803
2007-06-13,54.581913
2007-06-14,54.688446
2007-06-15,54.884682
2007-06-18,54.923935
2007-06-19,55.09771
2007-06-20,54.929516
2007-06-21,54.862263
2007-06-22,54.991203
2007-06-25,55.041695
2007-06-26,54.974419
2007-06-27,55.080921
2007-06-28,55.041695
2007-06-29,55.148193
2007-07-02,55.295166
2007-07-03,55.233231
2007-07-05,55.002361
2007-07-06,54.906631
2007-07-09,55.002361
2007-07-10,55.238842
2007-07-11,55.114948
2007-07-12,55.058681
2007-07-13,55.126232
2007-07-16,55.238842
2007-07-17,55.137486
2007-07-18,55.278297
2007-07-19,55.278297
2007-07-20,55.407799
2007-07-23,55.373978
2007-07-24,55.486637
2007-07-25,55.452816
2007-07-26,55.649914
2007-07-27,55.593609
2007-07-30,55.565441
2007-07-31,55.739998
2007-08-01,55.610523
2007-08-02,55.582233
2007-08-03,55.825397
2007-08-06,55.734898
2007-08-07,55.695324
2007-08-08,55.627491
2007-08-09,55.695324
2007-08-10,55.508659
2007-08-13,55.610523
2007-08-14,55.763199
2007-08-15,55.836761
2007-08-16,55.802769
2007-08-17,55.92725
2007-08-20,55.87632
2007-08-21,56.136452
2007-08-22,56.091148
2007-08-23,56.159065
2007-08-24,56.017677
2007-08-27,56.187347
2007-08-28,56.413639
2007-08-29,56.300461
2007-08-30,56.419209
2007-08-31,56.453152
2007-09-04,56.390106
2007-09-05,56.571869
2007-09-06,56.560528
2007-09-07,56.91264
2007-09-10,57.048962
2007-09-11,56.946724
2007-09-12,56.86721
2007-09-13,56.702545
2007-09-14,56.742279
2007-09-17,56.765007
2007-09-18,56.884247
2007-09-19,56.872906
2007-09-20,56.469631
2007-09-21,56.63435
2007-09-24,56.640011
2007-09-25,56.685452
2007-09-26,56.628674
2007-09-27,56.725208
2007-09-28,56.810429
2007-10-01,56.61879
2007-10-02,56.835533
2007-10-03,56.864059
2007-10-04,56.84124
2007-10-05,56.390644
2007-10-08,56.835533
2007-10-09,56.715733
2007-10-10,56.789902
2007-10-11,56.829826
2007-10-12,56.721436
2007-10-15,56.73856
2007-10-16,56.829826
2007-10-17,57.023766
2007-10-18,57.189106
2007-10-19,57.451508
2007-10-22,57.434391
2007-10-23,57.417263
2007-10-24,57.668198
2007-10-25,57.519966
2007-10-26,57.468571
2007-10-29,57.468571
2007-10-30,57.542747
2007-10-31,57.383045
2007-11-01,57.524517
2007-11-02,57.587486
2007-11-05,57.535976
2007-11-06,57.461536
2007-11-07,57.472992
2007-11-08,57.530262
2007-11-09,57.730686
2007-11-12,57.650482
2007-11-13,57.656231
2007-11-14,57.633369
2007-11-15,57.879597
2007-11-16,57.83955
2007-11-19,57.965511
2007-11-20,57.845253
2007-11-21,58.286251
2007-11-23,57.988422
2007-11-26,58.515343
2007-11-27,58.274803
2007-11-28,58.131653
2007-11-29,58.297745
2007-11-30,58.417995
2007-12-03,58.726738
2007-12-04,58.502499
2007-12-05,58.393242
2007-12-06,58.329971
2007-12-07,57.996502
2007-12-10,57.881477
2007-12-11,58.163223
2007-12-12,58.105686
2007-12-13,57.881477
2007-12-14,57.72049
2007-12-17,57.806747
2007-12-18,58.111485
2007-12-19,58.232265
2007-12-20,58.180492
2007-12-21,57.927517
2007-12-24,57.944782
2007-12-26,57.766518
2007-12-27,58.083458
2007-12-28,58.395241
2007-12-31,58.412552
2008-01-02,58.689671
2008-01-03,58.84557
2008-01-04,58.966805
2008-01-07,59.041866
2008-01-08,59.191959
2008-01-09,59.053448
2008-01-10,58.932213
2008-01-11,59.186249
2008-01-14,59.232418
2008-01-15,59.446049
2008-01-16,59.267044
2008-01-17,59.625008
2008-01-18,59.61351
2008-01-22,59.705853
2008-01-23,59.526848
2008-01-24,59.37677
2008-01-25,59.480701
2008-01-28,59.59618
2008-01-29,59.411362
2008-01-30,59.50378
2008-01-31,59.76358
2008-02-01,59.702782
2008-02-04,59.667908
2008-02-05,59.853481
2008-02-06,59.807117
2008-02-07,59.279537
2008-02-08,59.56361
2008-02-11,59.691143
2008-02-12,59.667908
2008-02-13,59.314342
2008-02-14,59.128773
2008-02-15,59.099827
2008-02-19,58.815819
2008-02-20,58.723053
2008-02-21,59.204151
2008-02-22,58.891125
2008-02-25,58.682514
2008-02-26,58.966511
2008-02-27,59.088242
2008-02-28,59.441875
2008-02-29,59.667908
2008-03-03,59.658039
2008-03-04,59.402035
2008-03-05,59.023815
2008-03-06,58.936546
2008-03-07,59.116928
2008-03-10,59.431126
2008-03-11,59.070419
2008-03-12,59.675537
2008-03-13,59.419537
2008-03-14,59.669697
2008-03-17,59.925743
2008-03-18,59.786045
2008-03-19,59.966438
2008-03-20,60.175907
2008-03-24,59.733719
2008-03-25,59.844246
2008-03-26,59.669697
2008-03-27,59.692982
2008-03-28,59.838413
2008-03-31,59.745403
2008-04-01,59.339325
2008-04-02,59.368504
2008-04-03,59.555447
2008-04-04,59.859287
2008-04-07,59.853413
2008-04-08,59.847569
2008-04-09,60.110485
2008-04-10,59.92355
2008-04-11,60.052021
2008-04-14,59.981926
2008-04-15,59.660637
2008-04-16,59.444454
2008-04-17,59.432785
2008-04-18,59.590485
2008-04-21,59.596336
2008-04-22,59.683983
2008-04-23,59.625587
2008-04-24,59.403534
2008-04-25,59.345139
2008-04-28,59.491184
2008-04-29,59.578865
2008-04-30,59.94104
2008-05-01,59.839073
2008-05-02,59.739433
2008-05-05,59.762871
2008-05-06,59.569477
2008-05-07,59.739433
2008-05-08,59.891861
2008-05-09,59.915291
2008-05-12,59.809765
2008-05-13,59.469872
2008-05-14,59.557758
2008-05-15,59.87429
2008-05-16,59.727718
2008-05-19,59.827362
2008-05-20,59.956345
2008-05-21,59.87429
2008-05-22,59.516724
2008-05-23,59.745319
2008-05-27,59.411186
2008-05-28,59.135723
2008-05-29,58.971676
2008-05-30,59.182652
2008-06-02,59.402718
2008-06-03,59.514484
2008-06-04,59.30265
2008-06-05,59.085003
2008-06-06,59.414482
2008-06-09,59.114422
2008-06-10,58.802551
2008-06-11,58.879044
2008-06-12,58.514259
2008-06-13,58.367142
2008-06-16,58.431908
2008-06-17,58.631927
2008-06-18,58.879044
2008-06-19,58.579033
2008-06-20,58.755535
2008-06-23,58.679031
2008-06-24,58.796696
2008-06-25,58.826107
2008-06-26,58.902573
2008-06-27,59.043835
2008-06-30,59.073215
2008-07-01,58.868855
2008-07-02,58.798008
2008-07-03,58.815674
2008-07-07,59.022434
2008-07-08,59.252796
2008-07-09,59.483097
2008-07-10,59.536274
2008-07-11,59.199684
2008-07-14,59.288223
2008-07-15,59.518597
2008-07-16,59.063797
2008-07-17,58.803932
2008-07-18,58.461327
2008-07-21,58.768448
2008-07-22,58.567638
2008-07-23,58.638477
2008-07-24,59.046093
2008-07-25,58.744862
2008-07-28,59.010647
2008-07-29,58.939732
2008-07-30,59.004704
2008-07-31,59.305931
2008-08-01,59.23597
2008-08-04,59.063969
2008-08-05,58.963154
2008-08-06,58.897949
2008-08-07,59.206318
2008-08-08,59.117359
2008-08-11,58.969109
2008-08-12,59.218189
2008-08-13,59.117359
2008-08-14,59.259701
2008-08-15,59.43166
2008-08-18,59.532448
2008-08-19,59.485001
2008-08-20,59.579929
2008-08-21,59.591755
2008-08-22,59.526512
2008-08-25,59.710373
2008-08-26,59.639141
2008-08-27,59.710373
2008-08-28,59.763771
2008-08-29,59.745964
2008-09-02,59.944786
2008-09-03,59.932907
2008-09-04,60.153194
2008-09-05,59.974606
2008-09-08,60.349602
2008-09-09,60.61755
2008-09-10,60.575848
2008-09-11,60.498451
2008-09-12,60.254379
2008-09-15,60.492474
2008-09-16,59.879295
2008-09-17,60.028137
2008-09-18,59.861435
2008-09-19,60.129398
2008-09-22,59.188698
2008-09-23,59.099407
2008-09-24,59.170868
2008-09-25,59.063663
2008-09-26,58.766033
2008-09-29,58.498127
2008-09-30,58.694572
2008-10-01,58.276222
2008-10-02,58.503304
2008-10-03,58.945599
2008-10-06,58.963539
2008-10-07,57.74419
2008-10-08,56.584633
2008-10-09,56.716179
2008-10-10,52.837067
2008-10-13,54.88121
2008-10-14,56.034786
2008-10-15,56.931366
2008-10-16,56.034786
2008-10-17,56.237999
2008-10-20,57.242184
2008-10-21,57.74419
2008-10-22,58.413685
2008-10-23,57.385612
2008-10-24,56.901482
2008-10-27,56.333618
2008-10-28,56.530903
2008-10-29,57.606724
2008-10-30,57.535042
2008-10-31,57.355732
2008-11-03,56.443409
2008-11-04,57.349762
2008-11-05,58.220039
2008-11-06,57.979912
2008-11-07,58.274006
2008-11-10,57.901909
2008-11-11,58.340088
2008-11-12,57.835945
2008-11-13,58.033962
2008-11-14,58.208
2008-11-17,58.364105
2008-11-18,58.280022
2008-11-19,58.448044
2008-11-20,58.460098
2008-11-21,57.991909
2008-11-24,57.985882
2008-11-25,59.432446
2008-11-26,59.204388
2008-11-28,59.090324
2008-12-01,59.92382
2008-12-02,59.984093
2008-12-03,59.990135
2008-12-04,60.189003
2008-12-05,59.857491
2008-12-08,59.779217
2008-12-09,60.339645
2008-12-10,60.231163
2008-12-11,60.544559
2008-12-12,60.562664
2008-12-15,60.70731
2008-12-16,60.94838
2008-12-17,61.273819
2008-12-18,61.659492
2008-12-19,61.460617
2008-12-22,61.792141
2008-12-23,62.394775
2008-12-24,62.690132
2008-12-26,62.479095
2008-12-29,62.960587
2008-12-30,62.984821
2008-12-31,63.027172
2009-01-02,62.633999
2009-01-05,63.632042
2009-01-06,63.275185
2009-01-07,62.694489
2009-01-08,62.216648
2009-01-09,62.004955
2009-01-12,62.331596
2009-01-13,62.43438
2009-01-14,62.349716
2009-01-15,62.343666
2009-01-16,62.664246
2009-01-20,62.33762
2009-01-21,62.010979
2009-01-22,61.744873
2009-01-23,61.648026
2009-01-26,61.58754
2009-01-27,61.90213
2009-01-28,61.938374
2009-01-29,61.387993
2009-01-30,61.775105
2009-02-02,61.669411
2009-02-03,61.396324
2009-02-04,61.311321
2009-02-05,61.117085
2009-02-06,61.280975
2009-02-09,61.287033
2009-02-10,61.663372
2009-02-11,61.651184
2009-02-12,61.979
2009-02-13,61.790821
2009-02-17,61.839466
2009-02-18,61.711975
2009-02-19,61.614811
2009-02-20,61.299129
2009-02-23,61.614811
2009-02-24,61.493443
2009-02-25,61.43877
2009-02-26,61.117085
2009-02-27,61.123093
2009-03-02,61.328388
2009-03-03,61.249207
2009-03-04,60.962933
2009-03-05,61.163956
2009-03-06,61.328388
2009-03-09,60.908138
2009-03-10,61.048161
2009-03-11,61.194374
2009-03-12,61.249207
2009-03-13,61.310074
2009-03-16,61.121319
2009-03-17,60.938591
2009-03-18,61.90691
2009-03-19,62.059124
2009-03-20,61.712051
2009-03-23,61.712051
2009-03-24,61.29184
2009-03-25,61.023846
2009-03-26,61.145622
2009-03-27,61.194374
2009-03-30,61.480625
2009-03-31,61.79731
2009-04-01,61.767349
2009-04-02,61.571789
2009-04-03,61.370148
2009-04-06,61.357872
2009-04-07,61.26009
2009-04-08,61.4618
2009-04-09,61.370148
2009-04-13,61.816235
2009-04-14,61.80405
2009-04-15,61.975163
2009-04-16,61.865112
2009-04-17,61.522892
2009-04-20,61.877377
2009-04-21,61.681774
2009-04-22,61.846798
2009-04-23,61.926277
2009-04-24,61.993511
2009-04-27,62.091263
2009-04-28,62.07291
2009-04-29,61.816235
2009-04-30,62.115662
2009-05-01,61.876007
2009-05-04,61.925018
2009-05-05,62.053768
2009-05-06,62.194801
2009-05-07,61.918915
2009-05-08,62.035408
2009-05-11,62.078331
2009-05-12,62.421658
2009-05-13,62.476833
2009-05-14,62.513615
2009-05-15,62.654633
2009-05-18,62.470684
2009-05-19,62.525925
2009-05-20,62.715954
2009-05-21,62.51976
2009-05-22,62.354183
2009-05-26,62.213219
2009-05-27,61.8699
2009-05-28,61.89439
2009-05-29,62.556557
2009-06-01,61.780411
2009-06-02,62.204731
2009-06-03,62.376961
2009-06-04,61.860401
2009-06-05,61.540642
2009-06-08,61.374535
2009-06-09,61.651356
2009-06-10,61.479115
2009-06-11,61.694363
2009-06-12,61.99567
2009-06-15,62.229393
2009-06-16,62.315479
2009-06-17,62.438461
2009-06-18,62.032574
2009-06-19,62.260082
2009-06-22,62.352356
2009-06-23,62.555298
2009-06-24,62.389282
2009-06-25,62.678337
2009-06-26,62.862793
2009-06-29,62.807438
2009-06-30,62.819733
2009-07-01,62.796307
2009-07-02,62.944393
2009-07-06,62.895046
2009-07-07,63.098667
2009-07-08,63.444187
2009-07-09,63.265247
2009-07-10,63.481228
2009-07-13,63.450409
2009-07-14,63.259083
2009-07-15,62.845661
2009-07-16,63.043098
2009-07-17,63.043098
2009-07-20,63.117203
2009-07-21,63.55526
2009-07-22,63.339336
2009-07-23,63.178856
2009-07-24,63.178856
2009-07-27,62.987587
2009-07-28,63.104828
2009-07-29,63.215858
2009-07-30,63.296135
2009-07-31,63.616951
2009-08-03,63.48328
2009-08-04,63.291389
2009-08-05,63.235672
2009-08-06,63.266575
2009-08-07,62.888969
2009-08-10,63.378017
2009-08-11,63.600857
2009-08-12,63.56995
2009-08-13,63.730877
2009-08-14,63.842331
2009-08-17,64.108482
2009-08-18,63.898041
2009-08-19,64.028053
2009-08-20,64.13327
2009-08-21,63.761806
2009-08-24,64.021812
2009-08-25,64.127098
2009-08-26,64.219925
2009-08-27,64.170441
2009-08-28,64.127098
2009-08-31,64.393257
2009-09-01,64.282761
2009-09-02,64.624283
2009-09-03,64.506241
2009-09-04,64.382065
2009-09-08,64.28894
2009-09-09,64.413139
2009-09-10,64.742256
2009-09-11,64.736046
2009-09-14,64.642929
2009-09-15,64.543541
2009-09-16,64.593231
2009-09-17,64.897545
2009-09-18,64.736046
2009-09-21,64.686363
2009-09-22,64.642929
2009-09-23,64.80439
2009-09-24,64.885063
2009-09-25,65.077629
2009-09-28,65.071381
2009-09-29,65.040359
2009-09-30,65.158363
2009-10-01,65.309143
2009-10-02,65.184563
2009-10-05,65.228142
2009-10-06,65.134666
2009-10-07,65.396355
2009-10-08,65.352745
2009-10-09,64.897926
2009-10-12,65.047455
2009-10-13,65.209465
2009-10-14,65.05368
2009-10-15,64.953979
2009-10-16,64.947777
2009-10-19,65.078598
2009-10-20,65.234352
2009-10-21,65.190788
2009-10-22,65.091103
2009-10-23,65.010078
2009-10-26,64.835609
2009-10-27,65.091103
2009-10-28,65.184563
2009-10-29,65.05368
2009-10-30,65.302917
2009-11-02,65.199158
2009-11-03,65.111694
2009-11-04,65.005424
2009-11-05,65.174156
2009-11-06,65.230423
2009-11-09,65.317909
2009-11-10,65.336639
2009-11-11,65.361679
2009-11-12,65.492935
2009-11-13,65.56163
2009-11-16,65.717873
2009-11-17,65.77417
2009-11-18,65.636604
2009-11-19,65.705482
2009-11-20,65.730362
2009-11-23,65.717873
2009-11-24,65.911621
2009-11-25,65.974121
2009-11-27,66.030426
2009-11-30,66.142906
2009-12-01,65.981758
2009-12-02,65.856285
2009-12-03,65.862633
2009-12-04,65.730888
2009-12-07,65.793648
2009-12-08,65.881393
2009-12-09,65.812416
2009-12-10,65.762268
2009-12-11,65.605499
2009-12-14,65.643112
2009-12-15,65.461235
2009-12-16,65.580421
2009-12-17,65.686966
2009-12-18,65.686966
2009-12-21,65.411079
2009-12-22,65.223007
2009-12-23,65.248055
2009-12-24,65.135139
2009-12-28,64.740135
2009-12-29,64.816833
2009-12-30,64.980354
2009-12-31,64.898613
2010-01-04,64.974068
2010-01-05,65.269691
2010-01-06,65.231918
2010-01-07,65.156433
2010-01-08,65.194214
2010-01-11,65.143906
2010-01-12,65.558975
2010-01-13,65.282265
2010-01-14,65.452065
2010-01-15,65.577866
2010-01-19,65.470886
2010-01-20,65.640755
2010-01-21,65.659584
2010-01-22,65.69735
2010-01-25,65.691093
2010-01-26,65.772812
2010-01-27,65.722466
2010-01-28,65.665863
2010-01-29,65.816849
2010-02-01,65.726631
2010-02-02,65.802345
2010-02-03,65.682465
2010-02-04,65.840126
2010-02-05,65.865425
2010-02-08,65.991638
2010-02-09,65.871712
2010-02-10,65.720329
2010-02-11,65.613029
2010-02-12,65.625671
2010-02-16,65.789734
2010-02-17,65.587822
2010-02-18,65.562561
2010-02-19,65.613029
2010-02-22,65.499451
2010-02-23,65.732941
2010-02-24,65.802345
2010-02-25,65.934776
2010-02-26,65.947449
2010-03-01,66.044266
2010-03-02,66.069557
2010-03-03,66.069557
2010-03-04,66.189835
2010-03-05,66.063202
2010-03-08,66.107567
2010-03-09,66.183495
2010-03-10,66.139214
2010-03-11,66.139214
2010-03-12,66.145538
2010-03-15,66.227806
2010-03-16,66.347992
2010-03-17,66.398643
2010-03-18,66.341728
2010-03-19,66.291008
2010-03-22,66.341728
2010-03-23,66.354378
2010-03-24,66.018921
2010-03-25,65.848068
2010-03-26,65.955635
2010-03-29,65.879662
2010-03-30,65.905029
2010-03-31,65.943016
2010-04-01,65.918274
2010-04-05,65.511948
2010-04-06,65.594482
2010-04-07,65.873833
2010-04-08,65.81028
2010-04-09,65.880157
2010-04-12,66.032501
2010-04-13,66.140427
2010-04-14,66.064278
2010-04-15,66.18486
2010-04-16,66.2864
2010-04-19,66.16584
2010-04-20,66.273735
2010-04-21,66.388
2010-04-22,66.2547
2010-04-23,66.172134
2010-04-26,66.16584
2010-04-27,66.375305
2010-04-28,66.273735
2010-04-29,66.29911
2010-04-30,66.584801
2010-05-03,66.458687
2010-05-04,66.726158
2010-05-05,66.675179
2010-05-06,66.770653
2010-05-07,66.477821
2010-05-10,66.471466
2010-05-11,66.719749
2010-05-12,66.649719
2010-05-13,66.745239
2010-05-14,66.98719
2010-05-17,66.936241
2010-05-18,67.165474
2010-05-19,67.197258
2010-05-20,67.139999
2010-05-21,67.426498
2010-05-24,67.388283
2010-05-25,67.471077
2010-05-26,67.394676
2010-05-27,67.235504
2010-05-28,67.305534
2010-06-01,67.416687
2010-06-02,67.346405
2010-06-03,67.314507
2010-06-04,67.486877
2010-06-07,67.684868
2010-06-08,67.608284
2010-06-09,67.646576
2010-06-10,67.4422
2010-06-11,67.480499
2010-06-14,67.576286
2010-06-15,67.576286
2010-06-16,67.678497
2010-06-17,67.838226
2010-06-18,67.729591
2010-06-21,67.876465
2010-06-22,67.946754
2010-06-23,68.119179
2010-06-24,68.061676
2010-06-25,68.157448
2010-06-28,68.285225
2010-06-29,68.489578
2010-06-30,68.49604
2010-07-01,68.460106
2010-07-02,68.364044
2010-07-06,68.575447
2010-07-07,68.485718
2010-07-08,68.472946
2010-07-09,68.370461
2010-07-12,68.447289
2010-07-13,68.274361
2010-07-14,68.504936
2010-07-15,68.601074
2010-07-16,68.812447
2010-07-19,68.748375
2010-07-20,68.697151
2010-07-21,68.998131
2010-07-22,68.934097
2010-07-23,68.812447
2010-07-26,68.799622
2010-07-27,68.773987
2010-07-28,68.902115
2010-07-29,68.966133
2010-07-30,69.081467
2010-08-02,68.987701
2010-08-03,69.032639
2010-08-04,68.910576
2010-08-05,68.994072
2010-08-06,69.128944
2010-08-09,69.128944
2010-08-10,69.244553
2010-08-11,69.308815
2010-08-12,69.199631
2010-08-13,69.360191
2010-08-16,69.591415
2010-08-17,69.507942
2010-08-18,69.43087
2010-08-19,69.655624
2010-08-20,69.559296
2010-08-23,69.629951
2010-08-24,69.906136
2010-08-25,69.745544
2010-08-26,69.83548
2010-08-27,69.450081
2010-08-30,69.918953
2010-08-31,69.970367
2010-09-01,69.82093
2010-09-02,69.730789
2010-09-03,69.569778
2010-09-07,69.769424
2010-09-08,69.71785
2010-09-09,69.382957
2010-09-10,69.234856
2010-09-13,69.38945
2010-09-14,69.640602
2010-09-15,69.51181
2010-09-16,69.395882
2010-09-17,69.486023
2010-09-20,69.51181
2010-09-21,69.808006
2010-09-22,69.827354
2010-09-23,69.904701
2010-09-24,69.647057
2010-09-27,69.885277
2010-09-28,70.052818
2010-09-29,70.001282
2010-09-30,69.975487
2010-10-01,69.894753
2010-10-04,70.011024
2010-10-05,70.011024
2010-10-06,70.082031
2010-10-07,70.114296
2010-10-08,70.256371
2010-10-11,70.21759
2010-10-12,70.146606
2010-10-13,70.140167
2010-10-14,69.881905
2010-10-15,69.739861
2010-10-18,69.985184
2010-10-19,70.043236
2010-10-20,70.12722
2010-10-21,70.017426
2010-10-22,70.049759
2010-10-25,70.056213
2010-10-26,69.894753
2010-10-27,69.759239
2010-10-28,69.933517
2010-10-29,70.082031
2010-11-01,70.053551
2010-11-02,70.176521
2010-11-03,70.163605
2010-11-04,70.500183
2010-11-05,70.305992
2010-11-08,70.273636
2010-11-09,69.930565
2010-11-10,69.872322
2010-11-11,69.865829
2010-11-12,69.587486
2010-11-15,69.20565
2010-11-16,69.373909
2010-11-17,69.393341
2010-11-18,69.373909
2010-11-19,69.451599
2010-11-22,69.619873
2010-11-23,69.691071
2010-11-24,69.354538
2010-11-26,69.49688
2010-11-29,69.54216
2010-11-30,69.49688
2010-12-01,69.134544
2010-12-02,68.997887
2010-12-03,69.134544
2010-12-06,69.388222
2010-12-07,68.848251
2010-12-08,68.516411
2010-12-09,68.640068
2010-12-10,68.509926
2010-12-13,68.555473
2010-12-14,68.171585
2010-12-15,68.054535
2010-12-16,68.184601
2010-12-17,68.555473
2010-12-20,68.600975
2010-12-21,68.731102
2010-12-22,68.653091
2010-12-23,68.522926
2010-12-27,68.718124
2010-12-28,68.316055
2010-12-29,68.799049
2010-12-30,68.746811
2010-12-31,69.027573
2011-01-03,68.949203
2011-01-04,68.968765
2011-01-05,68.635918
2011-01-06,68.648895
2011-01-07,68.870903
2011-01-10,69.053619
2011-01-11,68.91655
2011-01-12,68.910049
2011-01-13,69.158043
2011-01-14,69.014442
2011-01-18,68.968765
2011-01-19,68.981804
2011-01-20,68.720726
2011-01-21,68.93615
2011-01-24,68.896973
2011-01-25,69.112381
2011-01-26,68.883942
2011-01-27,69.001404
2011-01-28,69.099327
2011-01-31,68.968765
2011-02-01,68.822128
2011-02-02,68.743515
2011-02-03,68.488213
2011-02-04,68.259102
2011-02-07,68.285263
2011-02-08,68.088829
2011-02-09,68.213226
2011-02-10,68.01683
2011-02-11,68.285263
2011-02-14,68.318024
2011-02-15,68.403076
2011-02-16,68.403076
2011-02-17,68.566795
2011-02-18,68.540581
2011-02-22,68.789421
2011-02-23,68.841782
2011-02-24,68.85482
2011-02-25,69.038177
2011-02-28,69.16909
2011-03-01,69.113327
2011-03-02,69.001701
2011-03-03,68.758827
2011-03-04,68.942604
2011-03-07,68.975433
2011-03-08,68.922974
2011-03-09,69.087044
2011-03-10,69.329926
2011-03-11,69.343094
2011-03-14,69.382469
2011-03-15,69.408699
2011-03-16,69.605659
2011-03-17,69.5597
2011-03-18,69.533455
2011-03-21,69.369377
2011-03-22,69.375847
2011-03-23,69.343094
2011-03-24,69.152679
2011-03-25,69.093613
2011-03-28,69.060822
2011-03-29,68.975433
2011-03-30,69.093613
2011-03-31,69.014839
2011-04-01,69.108955
2011-04-04,69.220924
2011-04-05,69.076057
2011-04-06,68.871948
2011-04-07,68.977341
2011-04-08,68.845581
2011-04-11,68.911484
2011-04-12,69.174835
2011-04-13,69.247276
2011-04-14,69.181427
2011-04-15,69.431648
2011-04-18,69.550171
2011-04-19,69.688461
2011-04-20,69.589638
2011-04-21,69.635719
2011-04-25,69.675285
2011-04-26,69.932083
2011-04-27,69.872787
2011-04-28,70.037376
2011-04-29,70.096619
2011-05-02,70.133652
2011-05-03,70.153427
2011-05-04,70.285515
2011-05-05,70.443962
2011-05-06,70.437431
2011-05-09,70.51664
2011-05-10,70.391159
2011-05-11,70.51664
2011-05-12,70.410995
2011-05-13,70.523209
2011-05-16,70.675171
2011-05-17,70.754356
2011-05-18,70.64212
2011-05-19,70.589279
2011-05-20,70.655327
2011-05-23,70.71476
2011-05-24,70.741211
2011-05-25,70.727989
2011-05-26,70.879868
2011-05-27,70.9459
2011-05-31,70.965698
2011-06-01,71.272362
2011-06-02,70.987579
2011-06-03,71.080261
2011-06-06,71.093575
2011-06-07,71.239243
2011-06-08,71.298851
2011-06-09,71.192886
2011-06-10,71.186234
2011-06-13,71.093575
2011-06-14,70.901482
2011-06-15,71.080261
2011-06-16,71.126686
2011-06-17,71.192886
2011-06-20,71.100197
2011-06-21,71.16642
2011-06-22,71.120033
2011-06-23,71.351883
2011-06-24,71.285637
2011-06-27,71.159798
2011-06-28,70.875008
2011-06-29,70.663025
2011-06-30,70.649742
2011-07-01,70.672401
2011-07-05,70.94471
2011-07-06,70.984589
2011-07-07,70.785301
2011-07-08,71.150604
2011-07-11,71.343231
2011-07-12,71.403008
2011-07-13,71.54248
2011-07-14,71.363159
2011-07-15,71.462799
2011-07-18,71.356522
2011-07-19,71.509277
2011-07-20,71.396378
2011-07-21,71.283447
2011-07-22,71.436188
2011-07-25,71.230293
2011-07-26,71.396378
2011-07-27,71.276863
2011-07-28,71.416306
2011-07-29,71.841385
2011-08-01,72.014565
2011-08-02,72.320984
2011-08-03,72.394241
2011-08-04,72.78054
2011-08-05,72.300964
2011-08-08,72.334297
2011-08-09,72.760529
2011-08-10,73.353348
2011-08-11,72.440895
2011-08-12,72.760529
2011-08-15,72.873817
2011-08-16,73.026993
2011-08-17,73.14682
2011-08-18,73.253426
2011-08-19,73.286774
2011-08-22,73.19352
2011-08-23,73.020302
2011-08-24,72.607338
2011-08-25,72.753891
2011-08-26,72.853783
2011-08-29,72.773865
2011-08-30,73.000328
2011-08-31,72.933731
2011-09-01,73.168678
2011-09-02,73.388962
2011-09-06,73.58252
2011-09-07,73.408974
2011-09-08,73.429008
2011-09-09,73.529137
2011-09-12,73.382301
2011-09-13,73.408974
2011-09-14,73.422333
2011-09-15,73.208778
2011-09-16,73.315498
2011-09-19,73.475731
2011-09-20,73.622574
2011-09-21,73.742737
2011-09-22,73.956329
2011-09-23,73.575844
2011-09-26,73.408974
2011-09-27,73.308815
2011-09-28,73.248802
2011-09-29,73.222099
2011-09-30,73.49575
2011-10-03,73.796036
2011-10-04,73.568657
2011-10-05,73.321167
2011-10-06,73.20079
2011-10-07,73.053688
2011-10-10,72.906525
2011-10-11,73.080414
2011-10-12,72.939995
2011-10-13,72.980064
2011-10-14,72.859703
2011-10-17,73.147354
2011-10-18,73.066994
2011-10-19,73.17408
2011-10-20,73.133919
2011-10-21,73.17408
2011-10-24,73.060341
2011-10-25,73.434914
2011-10-26,73.234245
2011-10-27,72.953316
2011-10-28,73.240921
2011-10-31,73.588753
2011-11-01,73.942078
2011-11-02,73.942078
2011-11-03,73.781181
2011-11-04,73.761055
2011-11-07,73.821388
2011-11-08,73.72084
2011-11-09,73.848213
2011-11-10,73.707397
2011-11-11,73.620201
2011-11-14,73.680603
2011-11-15,73.586716
2011-11-16,73.559898
2011-11-17,73.519653
2011-11-18,73.506226
2011-11-21,73.492836
2011-11-22,73.546516
2011-11-23,73.61351
2011-11-25,73.512955
2011-11-28,73.506226
2011-11-29,73.533066
2011-11-30,73.345276
2011-12-01,73.370895
2011-12-02,73.559647
2011-12-05,73.640556
2011-12-06,73.573158
2011-12-07,73.70797
2011-12-08,73.782097
2011-12-09,73.741692
2011-12-12,73.761909
2011-12-13,73.910225
2011-12-14,74.092201
2011-12-15,73.937218
2011-12-16,74.186539
2011-12-19,74.260765
2011-12-20,74.159615
2011-12-21,73.970917
2011-12-22,74.085503
2011-12-23,73.997841
2011-12-27,74.131332
2011-12-28,74.25946
2011-12-29,74.434753
2011-12-30,74.340385
2012-01-03,74.192062
2012-01-04,74.090919
2012-01-05,74.192062
2012-01-06,74.252716
2012-01-09,74.192062
2012-01-10,74.171799
2012-01-11,74.434753
2012-01-12,74.37413
2012-01-13,74.542656
2012-01-17,74.562874
2012-01-18,74.468513
2012-01-19,74.347153
2012-01-20,74.158325
2012-01-23,74.097626
2012-01-24,74.158325
2012-01-25,74.266212
2012-01-26,74.414581
2012-01-27,74.535912
2012-01-30,74.751701
2012-01-31,74.879791
2012-02-01,74.747993
2012-02-02,74.768265
2012-02-03,74.734467
2012-02-06,74.788528
2012-02-07,74.714241
2012-02-08,74.653389
2012-02-09,74.531662
2012-02-10,74.633057
2012-02-13,74.660118
2012-02-14,74.721001
2012-02-15,74.693924
2012-02-16,74.68045
2012-02-17,74.585747
2012-02-21,74.470848
2012-02-22,74.68045
2012-02-23,74.741249
2012-02-24,74.761513
2012-02-27,74.9981
2012-02-28,74.944016
2012-02-29,74.869682
2012-03-01,74.718536
2012-03-02,74.881195
2012-03-05,74.772766
2012-03-06,74.921822
2012-03-07,74.854095
2012-03-08,74.684631
2012-03-09,74.671127
2012-03-12,74.738907
2012-03-13,74.488159
2012-03-14,74.08152
2012-03-15,74.047684
2012-03-16,74.05442
2012-03-19,73.817291
2012-03-20,73.925667
2012-03-21,74.101906
2012-03-22,74.169586
2012-03-23,74.339035
2012-03-26,74.284874
2012-03-27,74.36615
2012-03-28,74.352623
2012-03-29,74.555901
2012-03-30,74.44075
2012-04-02,74.449547
2012-04-03,74.130348
2012-04-04,74.286522
2012-04-05,74.45636
2012-04-09,74.782303
2012-04-10,74.789116
2012-04-11,74.795891
2012-04-12,74.721214
2012-04-13,74.952126
2012-04-16,74.965714
2012-04-17,74.979294
2012-04-18,75.074371
2012-04-19,75.02005
2012-04-20,75.033646
2012-04-23,75.108284
2012-04-24,74.99968
2012-04-25,75.033646
2012-04-26,75.149063
2012-04-27,75.142265
2012-04-30,75.115097
2012-05-01,75.087929
2012-05-02,75.162827
2012-05-03,75.244423
2012-05-04,75.319328
2012-05-07,75.346504
2012-05-08,75.40097
2012-05-09,75.421326
2012-05-10,75.346504
2012-05-11,75.40097
2012-05-14,75.571114
2012-05-15,75.530296
2012-05-16,75.51667
2012-05-17,75.564339
2012-05-18,75.543877
2012-05-21,75.530296
2012-05-22,75.346504
2012-05-23,75.435059
2012-05-24,75.373772
2012-05-25,75.489418
2012-05-29,75.448608
2012-05-30,75.70047
2012-05-31,75.924995
2012-06-01,76.114655
2012-06-04,75.937286
2012-06-05,75.78038
2012-06-06,75.555344
2012-06-07,75.671288
2012-06-08,75.637215
2012-06-11,75.705406
2012-06-12,75.644035
2012-06-13,75.841805
2012-06-14,75.787239
2012-06-15,75.964539
2012-06-18,75.944084
2012-06-19,75.855476
2012-06-20,75.739494
2012-06-21,75.841805
2012-06-22,75.732658
2012-06-25,75.97142
2012-06-26,75.88958
2012-06-27,75.92363
2012-06-28,76.012314
2012-06-29,75.909973
2012-07-02,76.055588
2012-07-03,76.000885
2012-07-05,76.199059
2012-07-06,76.253746
2012-07-09,76.404121
2012-07-10,76.438263
2012-07-11,76.431389
2012-07-12,76.568069
2012-07-13,76.595451
2012-07-16,76.65696
2012-07-17,76.629608
2012-07-18,76.779938
2012-07-19,76.71846
2012-07-20,76.827797
2012-07-23,76.896149
2012-07-24,76.991798
2012-07-25,77.01915
2012-07-26,76.971336
2012-07-27,76.738945
2012-07-30,76.868797
2012-07-31,76.943954
2012-08-01,76.85498
2012-08-02,76.868668
2012-08-03,76.683784
2012-08-06,76.800232
2012-08-07,76.594765
2012-08-08,76.49894
2012-08-09,76.478401
2012-08-10,76.601616
2012-08-13,76.594765
2012-08-14,76.416733
2012-08-15,76.170273
2012-08-16,76.074303
2012-08-17,76.163383
2012-08-20,76.135971
2012-08-21,76.238678
2012-08-22,76.567368
2012-08-23,76.622177
2012-08-24,76.567368
2012-08-27,76.670105
2012-08-28,76.73172
2012-08-29,76.656403
2012-08-30,76.704346
2012-08-31,76.94397
2012-09-04,76.929565
2012-09-05,76.929565
2012-09-06,76.751205
2012-09-07,76.764954
2012-09-10,76.778618
2012-09-11,76.689484
2012-09-12,76.545403
2012-09-13,76.72374
2012-09-14,76.408157
2012-09-17,76.531654
2012-09-18,76.579689
2012-09-19,76.730598
2012-09-20,76.682564
2012-09-21,76.806107
2012-09-24,76.888428
2012-09-25,77.011848
2012-09-26,77.087379
2012-09-27,77.039352
2012-09-28,77.149132
2012-10-01,77.11956
2012-10-02,77.181404
2012-10-03,77.153893
2012-10-04,77.043961
2012-10-05,76.885849
2012-10-08,77.002716
2012-10-09,76.920219
2012-10-10,77.043961
2012-10-11,77.140175
2012-10-12,77.202003
2012-10-15,77.243279
2012-10-16,77.11956
2012-10-17,76.878983
2012-10-18,76.851486
2012-10-19,76.947769
2012-10-22,76.844666
2012-10-23,77.016502
2012-10-24,76.961449
2012-10-25,76.796478
2012-10-26,77.002716
2012-10-31,77.112648
2012-11-01,77.011436
2012-11-02,77.059669
2012-11-05,77.190506
2012-11-06,76.970062
2012-11-07,77.149239
2012-11-08,77.245613
2012-11-09,77.2043
2012-11-12,77.18367
2012-11-13,77.321388
2012-11-14,77.342026
2012-11-15,77.266296
2012-11-16,77.293861
2012-11-19,77.348915
2012-11-20,77.2043
2012-11-21,77.073441
2012-11-23,77.121674
2012-11-26,77.149239
2012-11-27,77.252548
2012-11-28,77.266296
2012-11-29,77.362755
2012-11-30,77.321388
2012-12-03,77.332535
2012-12-04,77.38102
2012-12-05,77.450256
2012-12-06,77.443382
2012-12-07,77.374062
2012-12-10,77.387901
2012-12-11,77.360268
2012-12-12,77.145416
2012-12-13,77.020706
2012-12-14,77.159218
2012-12-17,76.97216
2012-12-18,76.791992
2012-12-19,76.923653
2012-12-20,76.93058
2012-12-21,76.999893
2012-12-24,77.006821
2012-12-26,77.111
2012-12-27,77.152596
2012-12-28,77.270668
2012-12-31,77.131783
2013-01-02,77.041519
2013-01-03,76.847107
2013-01-04,76.93042
2013-01-07,76.88871
2013-01-08,76.958229
2013-01-09,76.902657
2013-01-10,76.895721
2013-01-11,76.972084
2013-01-14,77.041519
2013-01-15,77.06237
2013-01-16,77.104042
2013-01-17,76.937393
2013-01-18,77.027664
2013-01-22,76.986008
2013-01-23,77.069298
2013-01-24,76.965157
2013-01-25,76.777649
2013-01-28,76.666595
2013-01-29,76.617943
2013-01-30,76.583275
2013-01-31,76.652695
2013-02-01,76.486435
2013-02-04,76.702095
2013-02-05,76.542053
2013-02-06,76.674255
2013-02-07,76.702095
2013-02-08,76.722908
2013-02-11,76.646469
2013-02-12,76.632477
2013-02-13,76.555923
2013-02-14,76.695107
2013-02-15,76.702095
2013-02-19,76.611633
2013-02-20,76.660347
2013-02-21,76.702095
2013-02-22,76.74379
2013-02-25,77.036034
2013-02-26,77.015129
2013-02-27,77.036034
2013-02-28,77.105576
2013-03-01,77.132736
2013-03-04,77.077011
2013-03-05,77.014282
2013-03-06,76.930588
2013-03-07,76.770309
2013-03-08,76.547264
2013-03-11,76.589088
2013-03-12,76.728493
2013-03-13,76.665749
2013-03-14,76.749405
2013-03-15,76.819069
2013-03-18,76.888741
2013-03-19,77.000328
2013-03-20,76.916695
2013-03-21,76.930588
2013-03-22,76.958534
2013-03-25,76.930588
2013-03-26,77.021255
2013-03-27,77.181549
2013-03-28,77.181549
2013-04-01,77.251427
2013-04-02,77.167587
2013-04-03,77.251427
2013-04-04,77.467979
2013-04-05,77.691566
2013-04-08,77.55883
2013-04-09,77.586784
2013-04-10,77.426094
2013-04-11,77.440109
2013-04-12,77.691566
2013-04-15,77.726532
2013-04-16,77.726532
2013-04-17,77.726532
2013-04-18,77.71257
2013-04-19,77.719528
2013-04-22,77.817329
2013-04-23,77.782387
2013-04-24,77.768394
2013-04-25,77.733528
2013-04-26,77.894203
2013-04-29,77.943169
2013-04-30,77.929123
2013-05-01,77.96553
2013-05-02,77.972519
2013-05-03,77.685562
2013-05-06,77.559502
2013-05-07,77.517548
2013-05-08,77.587585
2013-05-09,77.482567
2013-05-10,77.328575
2013-05-13,77.258606
2013-05-14,77.076614
2013-05-15,77.188606
2013-05-16,77.398605
2013-05-17,77.209564
2013-05-20,77.132591
2013-05-21,77.195633
2013-05-22,76.936615
2013-05-23,76.908661
2013-05-24,76.908661
2013-05-28,76.432686
2013-05-29,76.537682
2013-05-30,76.516685
2013-05-31,76.369682
2013-06-03,76.408226
2013-06-04,76.239952
2013-06-05,76.197838
2013-06-06,76.394203
2013-06-07,76.155869
2013-06-10,76.001564
2013-06-11,76.008575
2013-06-12,75.882332
2013-06-13,76.253975
2013-06-14,76.275024
2013-06-17,76.218948
2013-06-18,76.19088
2013-06-19,75.679024
2013-06-20,75.174126
2013-06-21,74.753487
2013-06-24,74.45195
2013-06-25,74.536125
2013-06-26,74.851593
2013-06-27,75.167168
2013-06-28,75.174126
2013-07-01,75.278183
2013-07-02,75.278183
2013-07-03,75.172775
2013-07-05,74.350899
2013-07-08,74.737213
2013-07-09,74.814499
2013-07-10,74.617798
2013-07-11,75.116539
2013-07-12,75.03231
2013-07-15,75.19381
2013-07-16,75.313263
2013-07-17,75.474831
2013-07-18,75.334366
2013-07-19,75.531052
2013-07-22,75.629349
2013-07-23,75.58725
2013-07-24,75.341347
2013-07-25,75.369469
2013-07-26,75.348366
2013-07-29,75.348366
2013-07-30,75.320274
2013-07-31,75.376526
2013-08-01,74.950684
2013-08-02,75.204018
2013-08-05,75.239227
2013-08-06,75.161835
2013-08-07,75.260315
2013-08-08,75.365891
2013-08-09,75.415245
2013-08-12,75.365891
2013-08-13,75.063271
2013-08-14,74.964722
2013-08-15,74.697273
2013-08-16,74.48616
2013-08-19,74.253876
2013-08-20,74.472046
2013-08-21,74.197578
2013-08-22,74.289047
2013-08-23,74.535431
2013-08-26,74.669159
2013-08-27,74.866219
2013-08-28,74.725426
2013-08-29,74.873222
2013-08-30,74.753593
2013-09-03,74.568848
2013-09-04,74.463074
2013-09-05,73.96241
2013-09-06,74.237404
2013-09-09,74.385506
2013-09-10,74.251488
2013-09-11,74.505363
2013-09-12,74.420761
2013-09-13,74.526527
2013-09-16,74.681671
2013-09-17,74.752197
2013-09-18,75.379784
2013-09-19,75.288071
2013-09-20,75.288071
2013-09-23,75.344475
2013-09-24,75.520821
2013-09-25,75.626587
2013-09-26,75.612488
2013-09-27,75.654755
2013-09-30,75.591347
2013-10-01,75.535469
2013-10-02,75.634392
2013-10-03,75.690903
2013-10-04,75.627319
2013-10-07,75.613197
2013-10-08,75.577888
2013-10-09,75.521339
2013-10-10,75.606125
2013-10-11,75.634392
2013-10-14,75.493088
2013-10-15,75.457802
2013-10-16,75.782753
2013-10-17,75.994644
2013-10-18,76.121826
2013-10-21,76.051132
2013-10-22,76.319633
2013-10-23,76.298355
2013-10-24,76.270157
2013-10-25,76.298355
2013-10-28,76.263046
2013-10-29,76.354912
2013-10-30,76.2136
2013-10-31,76.220665
2013-11-01,76.036674
2013-11-04,76.114578
2013-11-05,75.888092
2013-11-06,76.008415
2013-11-07,76.065063
2013-11-08,75.590912
2013-11-11,75.548431
2013-11-12,75.520103
2013-11-13,75.718307
2013-11-14,75.95179
2013-11-15,75.973015
2013-11-18,76.121628
2013-11-19,75.916435
2013-11-20,75.70414
2013-11-21,75.781982
2013-11-22,75.888092
2013-11-25,75.944771
2013-11-26,75.965965
2013-11-27,76.001328
2013-11-29,76.029663
2013-12-02,75.741104
2013-12-03,75.833252
2013-12-04,75.63472
2013-12-05,75.471634
2013-12-06,75.599266
2013-12-09,75.691429
2013-12-10,75.812019
2013-12-11,75.691429
2013-12-12,75.577972
2013-12-13,75.613457
2013-12-16,75.670219
2013-12-17,75.797775
2013-12-18,75.762321
2013-12-19,75.63472
2013-12-20,75.762321
2013-12-23,75.72686
2013-12-24,75.62056
2013-12-26,75.577911
2013-12-27,75.606361
2013-12-30,75.677345
2013-12-31,75.606361
2014-01-02,75.656075
2014-01-03,75.684494
2014-01-06,75.783882
2014-01-07,75.819473
2014-01-08,75.59211
2014-01-09,75.698708
2014-01-10,76.082306
2014-01-13,76.153366
2014-01-14,76.03968
2014-01-15,75.975723
2014-01-16,76.153366
2014-01-17,76.188828
2014-01-21,76.224342
2014-01-22,76.060997
2014-01-23,76.259872
2014-01-24,76.423317
2014-01-27,76.259872
2014-01-28,76.387749
2014-01-29,76.615097
2014-01-30,76.629295
2014-01-31,76.77137
2014-02-03,77.031883
2014-02-04,76.846863
2014-02-05,76.654701
2014-02-06,76.619087
2014-02-07,76.740021
2014-02-10,76.818344
2014-02-11,76.668831
2014-02-12,76.540802
2014-02-13,76.704468
2014-02-14,76.704468
2014-02-18,76.754288
2014-02-19,76.697395
2014-02-20,76.654701
2014-02-21,76.725868
2014-02-24,76.654701
2014-02-25,76.861031
2014-02-26,77.024742
2014-02-27,77.103035
2014-02-28,77.060326
2014-03-03,77.260033
2014-03-04,76.97477
2014-03-05,77.017525
2014-03-06,76.846405
2014-03-07,76.632492
2014-03-10,76.632492
2014-03-11,76.625374
2014-03-12,76.796555
2014-03-13,76.996193
2014-03-14,76.960503
2014-03-17,76.91777
2014-03-18,77.010406
2014-03-19,76.668175
2014-03-20,76.61113
2014-03-21,76.718086
2014-03-24,76.832176
2014-03-25,76.753738
2014-03-26,76.996193
2014-03-27,77.05323
2014-03-28,76.939102
2014-03-31,76.946228
2014-04-01,76.828331
2014-04-02,76.699783
2014-04-03,76.756973
2014-04-04,76.999893
2014-04-07,77.114159
2014-04-08,77.207008
2014-04-09,77.214172
2014-04-10,77.392769
2014-04-11,77.464195
2014-04-14,77.492798
2014-04-15,77.499954
2014-04-16,77.542809
2014-04-17,77.292702
2014-04-21,77.285591
2014-04-22,77.271355
2014-04-23,77.349922
2014-04-24,77.421341
2014-04-25,77.435616
2014-04-28,77.385666
2014-04-29,77.421341
2014-04-30,77.578491
2014-05-01,77.691559
2014-05-02,77.784645
2014-05-05,77.756035
2014-05-06,77.813202
2014-05-07,77.813202
2014-05-08,77.86338
2014-05-09,77.791786
2014-05-12,77.727371
2014-05-13,77.856201
2014-05-14,78.078072
2014-05-15,78.242706
2014-05-16,78.156845
2014-05-19,78.128166
2014-05-20,78.163933
2014-05-21,78.135307
2014-05-22,78.099564
2014-05-23,78.178299
2014-05-27,78.249825
2014-05-28,78.464516
2014-05-29,78.421646
2014-05-30,78.493225
2014-06-02,78.254425
2014-06-03,78.046448
2014-06-04,78.017792
2014-06-05,78.118172
2014-06-06,78.075111
2014-06-09,78.003433
2014-06-10,77.88871
2014-06-11,77.946014
2014-06-12,78.096642
2014-06-13,78.075111
2014-06-16,78.032158
2014-06-17,77.88871
2014-06-18,78.096642
2014-06-19,77.981888
2014-06-20,78.118172
2014-06-23,78.046448
2014-06-24,78.182701
2014-06-25,78.290276
2014-06-26,78.440849
2014-06-27,78.440849
2014-06-30,78.448036
2014-07-01,78.351753
2014-07-02,78.078796
2014-07-03,78.028526
2014-07-07,78.050034
2014-07-08,78.208107
2014-07-09,78.272766
2014-07-10,78.308655
2014-07-11,78.416405
2014-07-14,78.351753
2014-07-15,78.251198
2014-07-16,78.315826
2014-07-17,78.545738
2014-07-18,78.45948
2014-07-21,78.488297
2014-07-22,78.617592
2014-07-23,78.631927
2014-07-24,78.387703
2014-07-25,78.538498
2014-07-28,78.552917
2014-07-29,78.631927
2014-07-30,78.351753
2014-07-31,78.251198
2014-08-01,78.546257
2014-08-04,78.531883
2014-08-05,78.531883
2014-08-06,78.539101
2014-08-07,78.690216
2014-08-08,78.719002
2014-08-11,78.726196
2014-08-12,78.690216
2014-08-13,78.848526
2014-08-14,78.891708
2014-08-15,79.086052
2014-08-18,78.920486
2014-08-19,78.812553
2014-08-20,78.726196
2014-08-21,78.862923
2014-08-22,78.848526
2014-08-25,78.913292
2014-08-26,78.920486
2014-08-27,79.021233
2014-08-28,79.179565
2014-08-29,79.150787
2014-09-02,78.909271
2014-09-03,78.995796
2014-09-04,78.894829
2014-09-05,78.851608
2014-09-08,78.77227
2014-09-09,78.6642
2014-09-10,78.555977
2014-09-11,78.476692
2014-09-12,78.318047
2014-09-15,78.303673
2014-09-16,78.303673
2014-09-17,78.217148
2014-09-18,78.224365
2014-09-19,78.354156
2014-09-22,78.462242
2014-09-23,78.534378
2014-09-24,78.483894
2014-09-25,78.635338
2014-09-26,78.628059
2014-09-29,78.714607
2014-09-30,78.6642
2014-10-01,79.103951
2014-10-02,78.974007
2014-10-03,78.937897
2014-10-06,79.010078
2014-10-07,79.313431
2014-10-08,79.5373
2014-10-09,79.378403
2014-10-10,79.436218
2014-10-13,79.667305
2014-10-14,79.847839
2014-10-15,79.992287
2014-10-16,79.927353
2014-10-17,79.818954
2014-10-20,79.912872
2014-10-21,79.840607
2014-10-22,79.797333
2014-10-23,79.609535
2014-10-24,79.63842
2014-10-27,79.667305
2014-10-28,79.544525
2014-10-29,79.371178
2014-10-30,79.501236
2014-10-31,79.501236
2014-11-03,79.35067
2014-11-04,79.357964
2014-11-05,79.386902
2014-11-06,79.249435
2014-11-07,79.517097
2014-11-10,79.328979
2014-11-11,79.365196
2014-11-12,79.372444
2014-11-13,79.408562
2014-11-14,79.480957
2014-11-17,79.386902
2014-11-18,79.459274
2014-11-19,79.271126
2014-11-20,79.415855
2014-11-21,79.509865
2014-11-24,79.538849
2014-11-25,79.712479
2014-11-26,79.777557
2014-11-28,80.023552
2014-12-01,79.843666
2014-12-02,79.684074
2014-12-03,79.611504
2014-12-04,79.850899
2014-12-05,79.509995
2014-12-08,79.705879
2014-12-09,79.82917
2014-12-10,79.96701
2014-12-11,79.937965
2014-12-12,80.191811
2014-12-15,79.97419
2014-12-16,80.170082
2014-12-17,80.068481
2014-12-18,79.858192
2014-12-19,79.988724
2014-12-22,80.111977
2014-12-23,79.742126
2014-12-24,79.828751
2014-12-26,79.865097
2014-12-29,80.032524
2014-12-30,80.119797
2014-12-31,80.141632
2015-01-02,80.367317
2015-01-05,80.54187
2015-01-06,80.745728
2015-01-07,80.731155
2015-01-08,80.607468
2015-01-09,80.803955
2015-01-12,80.86937
2015-01-13,80.891266
2015-01-14,81.087776
2015-01-15,81.458916
2015-01-16,81.146019
2015-01-20,81.284256
2015-01-21,81.138672
2015-01-22,81.095039
2015-01-23,81.298805
2015-01-26,81.262405
2015-01-27,81.21875
2015-01-28,81.560875
2015-01-29,81.495285
2015-01-30,81.786438
2015-02-02,81.783516
2015-02-03,81.470062
2015-02-04,81.593994
2015-02-05,81.426338
2015-02-06,80.952538
2015-02-09,80.937912
2015-02-10,80.85051
2015-02-11,80.814034
2015-02-12,80.828651
2015-02-13,80.733894
2015-02-17,80.40583
2015-02-18,80.631805
2015-02-19,80.566246
2015-02-20,80.580811
2015-02-23,80.726562
2015-02-24,81.08374
2015-02-25,81.142067
2015-02-26,80.85051
2015-02-27,81.054596
2015-03-02,80.642799
2015-03-03,80.540604
2015-03-04,80.584396
2015-03-05,80.62088
2015-03-06,80.095184
2015-03-09,80.299614
2015-03-10,80.489479
2015-03-11,80.650116
2015-03-12,80.71582
2015-03-13,80.562523
2015-03-16,80.737717
2015-03-17,80.723083
2015-03-18,81.314499
2015-03-19,81.02977
2015-03-20,81.278061
2015-03-23,81.292618
2015-03-24,81.511665
2015-03-25,81.35833
2015-03-26,81.066246
2015-03-27,81.183121
2015-03-30,81.219635
2015-03-31,81.35833
2015-04-01,81.622414
2015-04-02,81.512657
2015-04-06,81.563896
2015-04-07,81.578491
2015-04-08,81.585861
2015-04-09,81.38105
2015-04-10,81.38105
2015-04-13,81.468773
2015-04-14,81.556564
2015-04-15,81.666252
2015-04-16,81.622414
2015-04-17,81.688217
2015-04-20,81.629707
2015-04-21,81.541885
2015-04-22,81.300499
2015-04-23,81.424881
2015-04-24,81.563896
2015-04-27,81.593155
2015-04-28,81.278519
2015-04-29,81.095741
2015-04-30,81.095741
2015-05-01,80.865601
2015-05-04,80.711693
2015-05-05,80.638336
2015-05-06,80.367271
2015-05-07,80.56514
2015-05-08,80.828957
2015-05-11,80.315933
2015-05-12,80.308632
2015-05-13,80.3013
2015-05-14,80.42588
2015-05-15,80.762993
2015-05-18,80.455162
2015-05-19,80.176689
2015-05-20,80.3013
2015-05-21,80.550423
2015-05-22,80.462547
2015-05-26,80.660393
2015-05-27,80.740997
2015-05-28,80.711693
2015-05-29,80.740997
2015-06-01,80.517815
2015-06-02,80.202072
2015-06-03,79.886337
2015-06-04,80.055237
2015-06-05,79.702797
2015-06-08,79.820267
2015-06-09,79.592636
2015-06-10,79.394371
2015-06-11,79.820267
2015-06-12,79.724808
2015-06-15,79.820267
2015-06-16,79.952393
2015-06-17,79.95974
2015-06-18,79.937714
2015-06-19,80.187347
2015-06-22,79.790894
2015-06-23,79.607338
2015-06-24,79.732132
2015-06-25,79.64399
2015-06-26,79.453133
2015-06-29,79.923065
2015-06-30,79.871666
2015-07-01,79.670067
2015-07-02,79.780449
2015-07-06,80.067314
2015-07-07,80.177704
2015-07-08,80.369011
2015-07-09,80.074684
2015-07-10,79.736237
2015-07-13,79.618561
2015-07-14,79.751022
2015-07-15,79.964348
2015-07-16,80.030563
2015-07-17,80.037964
2015-07-20,79.898132
2015-07-21,80.030563
2015-07-22,80.067314
2015-07-23,80.295387
2015-07-24,80.280685
2015-07-27,80.383743
2015-07-28,80.302795
2015-07-29,80.236572
2015-07-30,80.243927
2015-07-31,80.560265
2015-08-03,80.643578
2015-08-04,80.407684
2015-08-05,80.260307
2015-08-06,80.35611
2015-08-07,80.496162
2015-08-10,80.39299
2015-08-11,80.658318
2015-08-12,80.606682
2015-08-13,80.437157
2015-08-14,80.400314
2015-08-17,80.54039
2015-08-18,80.39299
2015-08-19,80.643578
2015-08-20,80.768929
2015-08-21,80.908943
2015-08-24,80.879425
2015-08-25,80.68782
2015-08-26,80.311882
2015-08-27,80.42244
2015-08-28,80.348709
2015-08-31,80.289749
2015-09-01,80.527565
2015-09-02,80.42421
2015-09-03,80.542374
2015-09-04,80.712242
2015-09-08,80.520226
2015-09-09,80.549782
2015-09-10,80.461098
2015-09-11,80.557144
2015-09-14,80.579269
2015-09-15,80.217361
2015-09-16,80.150932
2015-09-17,80.653168
2015-09-18,80.719612
2015-09-21,80.505447
2015-09-22,80.697479
2015-09-23,80.631035
2015-09-24,80.734459
2015-09-25,80.594093
2015-09-28,80.786102
2015-09-29,80.911674
2015-09-30,80.9412
2015-10-01,81.00415
2015-10-02,81.24836
2015-10-05,80.944916
2015-10-06,81.144722
2015-10-07,81.085594
2015-10-08,80.974533
2015-10-09,80.907928
2015-10-12,81.115128
2015-10-13,81.122597
2015-10-14,81.425941
2015-10-15,81.314957
2015-10-16,81.233521
2015-10-19,81.314957
2015-10-20,81.152145
2015-10-21,81.344543
2015-10-22,81.359329
2015-10-23,81.218727
2015-10-26,81.255699
2015-10-27,81.374138
2015-10-28,81.129929
2015-10-29,80.782135
2015-10-30,80.996742
2015-11-02,80.837334
2015-11-03,80.689018
2015-11-04,80.689018
2015-11-05,80.651917
2015-11-06,80.26638
2015-11-09,80.214493
2015-11-10,80.362747
2015-11-11,80.258942
2015-11-12,80.333122
2015-11-13,80.488823
2015-11-16,80.555595
2015-11-17,80.614861
2015-11-18,80.555595
2015-11-19,80.59259
2015-11-20,80.54071
2015-11-23,80.56295
2015-11-24,80.637108
2015-11-25,80.674179
2015-11-27,80.651917
2015-11-30,80.681633
2015-12-01,80.964363
2015-12-02,80.867607
2015-12-03,80.272362
2015-12-04,80.532799
2015-12-07,80.65181
2015-12-08,80.681641
2015-12-09,80.681641
2015-12-10,80.666725
2015-12-11,80.867607
2015-12-14,80.488152
2015-12-15,80.49559
2015-12-16,80.35421
2015-12-17,80.465851
2015-12-18,80.636971
2015-12-21,80.562607
2015-12-22,80.503014
2015-12-23,80.488152
2015-12-24,80.526924
2015-12-28,80.526924
2015-12-29,80.3256
2015-12-30,80.31073
2015-12-31,80.526924
2016-01-04,80.497131
2016-01-05,80.53437
2016-01-06,80.840111
2016-01-07,80.832642
2016-01-08,81.01152
2016-01-11,80.780411
2016-01-12,80.959335
2016-01-13,81.145721
2016-01-14,81.115936
2016-01-15,81.212845
2016-01-19,81.130821
2016-01-20,81.197937
2016-01-21,81.086067
2016-01-22,81.145721
2016-01-25,81.10099
2016-01-26,81.205383
2016-01-27,81.220276
2016-01-28,81.287407
2016-01-29,81.525932
2016-02-01,81.427361
2016-02-02,81.673866
2016-02-03,81.666412
2016-02-04,81.748611
2016-02-05,81.673866
2016-02-08,81.98764
2016-02-09,81.980202
2016-02-10,82.181931
2016-02-11,82.234184
2016-02-12,82.010078
2016-02-16,81.808388
2016-02-17,81.763535
2016-02-18,82.010078
2016-02-19,82.02507
2016-02-22,82.047485
2016-02-23,82.062378
2016-02-24,82.092262
2016-02-25,82.301453
2016-02-26,82.152061
2016-02-29,82.249138
2016-03-01,82.002838
2016-03-02,81.91304
2016-03-03,82.010338
2016-03-04,81.88311
2016-03-07,81.860619
2016-03-08,82.062767
2016-03-09,82.025352
2016-03-10,82.062767
2016-03-11,81.91304
2016-03-14,81.957977
2016-03-15,81.88311
2016-03-16,82.23494
2016-03-17,82.407097
2016-03-18,82.474518
2016-03-21,82.294807
2016-03-22,82.242432
2016-03-23,82.422096
2016-03-24,82.429565
2016-03-28,82.489494
2016-03-29,82.736496
2016-03-30,82.706573
2016-03-31,82.968575
2016-04-01,82.895103
2016-04-04,82.9776
2016-04-05,83.090096
2016-04-06,83.075058
2016-04-07,83.255089
2016-04-08,83.1726
2016-04-11,83.23259
2016-04-12,83.097557
2016-04-13,83.135117
2016-04-14,82.992554
2016-04-15,83.225136
2016-04-18,83.217613
2016-04-19,83.210114
2016-04-20,83.007545
2016-04-21,82.895103
2016-04-22,82.902519
2016-04-25,82.812515
2016-04-26,82.775063
2016-04-27,83.022598
2016-04-28,83.187569
2016-04-29,83.180077
2016-05-02,83.123734
2016-05-03,83.274048
2016-05-04,83.311615
2016-05-05,83.522041
2016-05-06,83.394318
2016-05-09,83.446899
2016-05-10,83.484413
2016-05-11,83.484413
2016-05-12,83.409348
2016-05-13,83.567131
2016-05-16,83.424416
2016-05-17,83.311615
2016-05-18,82.965897
2016-05-19,83.018532
2016-05-20,83.071175
2016-05-23,83.056068
2016-05-24,83.011017
2016-05-25,83.026062
2016-05-26,83.153786
2016-05-27,83.138786
2016-05-31,83.191376
2016-06-01,83.144653
2016-06-02,83.355537
2016-06-03,83.807365
2016-06-06,83.694412
2016-06-07,83.769722
2016-06-08,83.799774
2016-06-09,83.860016
2016-06-10,83.972969
2016-06-13,84.040764
2016-06-14,84.003082
2016-06-15,84.183846
2016-06-16,84.236511
2016-06-17,84.176292
2016-06-20,83.942871
2016-06-21,83.882614
2016-06-22,83.935341
2016-06-23,83.792213
2016-06-24,84.244019
2016-06-27,84.582878
2016-06-28,84.688309
2016-06-29,84.628082
2016-06-30,84.80127
2016-07-01,84.983826
2016-07-05,85.210159
2016-07-06,85.368599
2016-07-07,85.308205
2016-07-08,85.43647
2016-07-11,85.210159
2016-07-12,84.953674
2016-07-13,85.074379
2016-07-14,84.998909
2016-07-15,84.68959
2016-07-18,84.704704
2016-07-19,84.878212
2016-07-20,84.80278
2016-07-21,84.878212
2016-07-22,84.893311
2016-07-25,84.795258
2016-07-26,84.795258
2016-07-27,85.044174
2016-07-28,85.036659
2016-07-29,85.262932
2016-08-01,85.064178
2016-08-02,84.814774
2016-08-03,84.905441
2016-08-04,85.064178
2016-08-05,84.776993
2016-08-08,84.829895
2016-08-09,85.049057
2016-08-10,85.147308
2016-08-11,84.920586
2016-08-12,85.124657
2016-08-15,84.973473
2016-08-16,84.920586
2016-08-17,85.079285
2016-08-18,85.200249
2016-08-19,85.011284
2016-08-22,85.139763
2016-08-23,85.16246
2016-08-24,85.13221
2016-08-25,85.041512
2016-08-26,84.905441
2016-08-29,85.139763
2016-08-30,85.094429
2016-08-31,85.079285
2016-09-01,85.153511
2016-09-02,85.039948
2016-09-06,85.221626
2016-09-07,85.267082
2016-09-08,84.971802
2016-09-09,84.600754
2016-09-12,84.668915
2016-09-13,84.434143
2016-09-14,84.540215
2016-09-15,84.593178
2016-09-16,84.653755
2016-09-19,84.585625
2016-09-20,84.615891
2016-09-21,84.827919
2016-09-22,85.002068
2016-09-23,84.979355
2016-09-26,85.085304
2016-09-27,85.191353
2016-09-28,85.214066
2016-09-29,85.214066
2016-09-30,85.123215
2016-10-03,85.026917
2016-10-04,84.738647
2016-10-05,84.624847
2016-10-06,84.624847
2016-10-07,84.64003
2016-10-10,84.602066
2016-10-11,84.47316
2016-10-12,84.503471
2016-10-13,84.624847
2016-10-14,84.480736
2016-10-17,84.624847
2016-10-18,84.761375
2016-10-19,84.80687
2016-10-20,84.776535
2016-10-21,84.829643
2016-10-24,84.700745
2016-10-25,84.700745
2016-10-26,84.533791
2016-10-27,84.321419
2016-10-28,84.321419
2016-10-31,84.427605
2016-11-01,84.382034
2016-11-02,84.480804
2016-11-03,84.366852
2016-11-04,84.541595
2016-11-07,84.442848
2016-11-08,84.306038
2016-11-09,83.523209
2016-11-10,83.181244
2016-11-11,83.029213
2016-11-14,82.694824
2016-11-15,82.755638
2016-11-16,82.938026
2016-11-17,82.626411
2016-11-18,82.360451
2016-11-21,82.428772
2016-11-22,82.504845
2016-11-23,82.216057
2016-11-25,82.208443
2016-11-28,82.497246
2016-11-29,82.588417
2016-11-30,82.261627
2016-12-01,81.990555
2016-12-02,82.249443
2016-12-05,82.318001
2016-12-06,82.302742
2016-12-07,82.516022
2016-12-08,82.363678
2016-12-09,82.112442
2016-12-12,82.036263
2016-12-13,82.142853
2016-12-14,81.693611
2016-12-15,81.594612
2016-12-16,81.647934
2016-12-19,81.861153
2016-12-20,81.785019
2016-12-21,81.960121
2016-12-22,81.959335
2016-12-23,81.982239
2016-12-27,81.921204
2016-12-28,82.050949
2016-12-29,82.302841
2016-12-30,82.470695
2017-01-03,82.554657
2017-01-04,82.57756
2017-01-05,82.920952
2017-01-06,82.646248
2017-01-09,82.7836
2017-01-10,82.760712
2017-01-11,82.859932
2017-01-12,82.89045
2017-01-13,82.745445
2017-01-17,83.02784
2017-01-18,82.669144
2017-01-19,82.455406
2017-01-20,82.485947
2017-01-23,82.714897
2017-01-24,82.585197
2017-01-25,82.3638
2017-01-26,82.417259
2017-01-27,82.485947
2017-01-30,82.447754
2017-01-31,82.646248
2017-02-01,82.529976
2017-02-02,82.575867
2017-02-03,82.598816
2017-02-06,82.835907
2017-02-07,82.919983
2017-02-08,83.157059
2017-02-09,82.95826
2017-02-10,82.942932
2017-02-13,82.820602
2017-02-14,82.637054
2017-02-15,82.507034
2017-02-16,82.682915
2017-02-17,82.866447
2017-02-21,82.858841
2017-02-22,82.912338
2017-02-23,83.049988
2017-02-24,83.355896
2017-02-27,83.202957
2017-02-28,83.180023
2017-03-01,82.789192
2017-03-02,82.635941
2017-03-03,82.69725
2017-03-06,82.658943
2017-03-07,82.551674
2017-03-08,82.352432
2017-03-09,82.099525
2017-03-10,82.22216
2017-03-13,82.084206
2017-03-14,82.114876
2017-03-15,82.589973
2017-03-16,82.498024
2017-03-17,82.674294
2017-03-20,82.796852
2017-03-21,82.965454
2017-03-22,83.080376
2017-03-23,83.103371
2017-03-24,83.034401
2017-03-27,83.233688
2017-03-28,83.042099
2017-03-29,83.225967
2017-03-30,83.072731
2017-03-31,83.134048
2017-04-03,83.442696
2017-04-04,83.365921
2017-04-05,83.458099
2017-04-06,83.450394
2017-04-07,83.266121
2017-04-10,83.37365
2017-04-11,83.611633
2017-04-12,83.795898
2017-04-13,83.903419
2017-04-17,83.857353
2017-04-18,84.195221
2017-04-19,84.064674
2017-04-20,83.934113
2017-04-21,83.957169
2017-04-24,83.834328
2017-04-25,83.557869
2017-04-26,83.665367
2017-04-27,83.742172
2017-04-28,83.888069
2017-05-01,83.67186
2017-05-02,83.787231
2017-05-03,83.702606
2017-05-04,83.633354
2017-05-05,83.648705
2017-05-08,83.487122
2017-05-09,83.49482
2017-05-10,83.517921
2017-05-11,83.510201
2017-05-12,83.818031
2017-05-15,83.787231
2017-05-16,83.894989
2017-05-17,84.32592
2017-05-18,84.279747
2017-05-19,84.279747
2017-05-22,84.225899
2017-05-23,84.064285
2017-05-24,84.210487
2017-05-25,84.248978
2017-05-26,84.218201
2017-05-30,84.379799
2017-05-31,84.464478
2017-06-01,84.425888
2017-06-02,84.703522
2017-06-05,84.572411
2017-06-06,84.742073
2017-06-07,84.641823
2017-06-08,84.557007
2017-06-09,84.487572
2017-06-12,84.487572
2017-06-13,84.510742
2017-06-14,84.780624
2017-06-15,84.726624
2017-06-16,84.780624
2017-06-19,84.664917
2017-06-20,84.796051
2017-06-21,84.811501
2017-06-22,84.849991
2017-06-23,84.865471
2017-06-26,84.942535
2017-06-27,84.688065
2017-06-28,84.718933
2017-06-29,84.557007
2017-06-30,84.449051
2017-07-03,84.298332
2017-07-05,84.344711
2017-07-06,84.182426
2017-07-07,84.151527
2017-07-10,84.190155
2017-07-11,84.267441
2017-07-12,84.522423
2017-07-13,84.429726
2017-07-14,84.514717
2017-07-17,84.553375
2017-07-18,84.746552
2017-07-19,84.769691
2017-07-20,84.7929
2017-07-21,84.939751
2017-07-24,84.86245
2017-07-25,84.561073
2017-07-26,84.723335
2017-07-27,84.599716
2017-07-28,84.769691
2017-07-31,84.731087
2017-08-01,84.963348
2017-08-02,84.901413
2017-08-03,85.071808
2017-08-04,84.932426
2017-08-07,84.924644
2017-08-08,84.847252
2017-08-09,84.924644
2017-08-10,85.009842
2017-08-11,85.079544
2017-08-14,85.040825
2017-08-15,84.916931
2017-08-16,85.071808
2017-08-17,85.195694
2017-08-18,85.141479
2017-08-21,85.20343
2017-08-22,85.126015
2017-08-23,85.319664
2017-08-24,85.211197
2017-08-25,85.273148
2017-08-28,85.304108
2017-08-29,85.428024
2017-08-30,85.412537
2017-08-31,85.528664
2017-09-01,85.33474
2017-09-05,85.683846
2017-09-06,85.590767
2017-09-07,85.800278
2017-09-08,85.699417
2017-09-11,85.46656
2017-09-12,85.342461
2017-09-13,85.257111
2017-09-14,85.303688
2017-09-15,85.288109
2017-09-18,85.249344
2017-09-19,85.202789
2017-09-20,85.132957
2017-09-21,85.117401
2017-09-22,85.179474
2017-09-25,85.381203
2017-09-26,85.350227
2017-09-27,85.101868
2017-09-28,85.10965
2017-09-29,85.039787
2017-10-02,85.091881
2017-10-03,85.161873
2017-10-04,85.138573
2017-10-05,85.099663
2017-10-06,84.975311
2017-10-09,85.091881
2017-10-10,85.099663
2017-10-11,85.11525
2017-10-12,85.216316
2017-10-13,85.426254
2017-10-16,85.340714
2017-10-17,85.309616
2017-10-18,85.177475
2017-10-19,85.23967
2017-10-20,84.990791
2017-10-23,85.084129
2017-10-24,84.905281
2017-10-25,84.850845
2017-10-26,84.757538
2017-10-27,84.944191
2017-10-30,85.177475
2017-10-31,85.123024
2017-11-01,85.160416
2017-11-02,85.207191
2017-11-03,85.285103
2017-11-06,85.363029
2017-11-07,85.386391
2017-11-08,85.331856
2017-11-09,85.269501
2017-11-10,84.926613
2017-11-13,84.926613
2017-11-14,85.012383
2017-11-15,85.175995
2017-11-16,85.082481
2017-11-17,85.175995
2017-11-20,85.129257
2017-11-21,85.214966
2017-11-22,85.363029
2017-11-24,85.347397
2017-11-27,85.347397
2017-11-28,85.347397
2017-11-29,85.137024
2017-11-30,84.99675
2017-12-01,85.239655
2017-12-04,85.23185
2017-12-05,85.317719
2017-12-06,85.403625
2017-12-07,85.294281
2017-12-08,85.263054
2017-12-11,85.23185
2017-12-12,85.192787
2017-12-13,85.434822
2017-12-14,85.458267
2017-12-15,85.481697
2017-12-18,85.372353
2017-12-19,85.12249
2017-12-20,84.927292
2017-12-21,85.002251
2017-12-22,85.041313
2017-12-26,85.111626
2017-12-27,85.37722
2017-12-28,85.314697
2017-12-29,85.400673
2018-01-02,85.275635
2018-01-03,85.283485
2018-01-04,85.228813
2018-01-05,85.174103
2018-01-08,85.150665
2018-01-09,84.916344
2018-01-10,84.916344
2018-01-11,84.955383
2018-01-12,84.939774
2018-01-16,84.963234
2018-01-17,84.869492
2018-01-18,84.681984
2018-01-19,84.50238
2018-01-22,84.4711
2018-01-23,84.674179
2018-01-24,84.588249
2018-01-25,84.806953
2018-01-26,84.65078
2018-01-29,84.50238
2018-01-30,84.36956
2018-01-31,84.439865
2018-02-01,84.175247
2018-02-02,83.924706
2018-02-05,84.261383
2018-02-06,84.018661
2018-02-07,83.83078
2018-02-08,83.68988
2018-02-09,83.580292
2018-02-12,83.603737
2018-02-13,83.627281
2018-02-14,83.345398
2018-02-15,83.447136
2018-02-16,83.611565
2018-02-20,83.52549
2018-02-21,83.259254
2018-02-22,83.267159
2018-02-23,83.478485
2018-02-26,83.541115
2018-02-27,83.361084
2018-02-28,83.588058
2018-03-01,83.662628
2018-03-02,83.529228
2018-03-05,83.482208
2018-03-06,83.497826
2018-03-07,83.482208
2018-03-08,83.615562
2018-03-09,83.458611
2018-03-12,83.505692
2018-03-13,83.615562
2018-03-14,83.75676
2018-03-15,83.764656
2018-03-16,83.717545
2018-03-19,83.631203
2018-03-20,83.497826
2018-03-21,83.48999
2018-03-22,83.64695
2018-03-23,83.64695
2018-03-26,83.615562
2018-03-27,83.858772
2018-03-28,83.905846
2018-03-29,84.149063
2018-04-02,84.064934
2018-04-03,83.970535
2018-04-04,84.002098
2018-04-05,83.884056
2018-04-06,84.072861
2018-04-09,84.14357
2018-04-10,84.080696
2018-04-11,84.151459
2018-04-12,83.9627
2018-04-13,83.986275
2018-04-16,84.002098
2018-04-17,84.025627
2018-04-18,83.789658
2018-04-19,83.585243
2018-04-20,83.357178
2018-04-23,83.317879
2018-04-24,83.207787
2018-04-25,83.09774
2018-04-26,83.239212
2018-04-27,83.341484
2018-04-30,83.357178
2018-05-01,83.286278
2018-05-02,83.286278
2018-05-03,83.380829
2018-05-04,83.436035
2018-05-07,83.396599
2018-05-08,83.30201
2018-05-09,83.207436
2018-05-10,83.396599
2018-05-11,83.436035
2018-05-14,83.357185
2018-05-15,82.98671
2018-05-16,82.892159
2018-05-17,82.781792
2018-05-18,82.994629
2018-05-21,83.00251
2018-05-22,83.00251
2018-05-23,83.231079
2018-05-24,83.459656
2018-05-25,83.640915
2018-05-29,84.192665
2018-05-30,83.97982
2018-05-31,83.908905
2018-06-01,83.805412
2018-06-04,83.607925
2018-06-05,83.67115
2018-06-06,83.481514
2018-06-07,83.6632
2018-06-08,83.544769
2018-06-11,83.457809
2018-06-12,83.481514
2018-06-13,83.402504
2018-06-14,83.615837
2018-06-15,83.647423
2018-06-18,83.6632
2018-06-19,83.750114
2018-06-20,83.592056
2018-06-21,83.615837
2018-06-22,83.694817
2018-06-25,83.647423
2018-06-26,83.781746
2018-06-27,83.931824
2018-06-28,83.923889
2018-06-29,83.995003
2018-07-02,83.915047
2018-07-03,84.089241
2018-07-05,84.168449
2018-07-06,84.255455
2018-07-09,84.176331
2018-07-10,84.113022
2018-07-11,84.144691
2018-07-12,84.247597
2018-07-13,84.326767
2018-07-16,84.23175
2018-07-17,84.200104
2018-07-18,84.176331
2018-07-19,84.303017
2018-07-20,84.136757
2018-07-23,83.843788
2018-07-24,83.962585
2018-07-25,83.970451
2018-07-26,83.922989
2018-07-27,83.986305
2018-07-30,83.899223
2018-07-31,83.970451
2018-08-01,83.883965
2018-08-02,83.915756
2018-08-03,84.098251
2018-08-06,84.153831
2018-08-07,84.003006
2018-08-08,84.003006
2018-08-09,84.12207
2018-08-10,84.304558
2018-08-13,84.352211
2018-08-14,84.27285
2018-08-15,84.391884
2018-08-16,84.439491
2018-08-17,84.487122
2018-08-20,84.653748
2018-08-21,84.582375
2018-08-22,84.653748
2018-08-23,84.606155
2018-08-24,84.701401
2018-08-27,84.590294
2018-08-28,84.431564
2018-08-29,84.415688
2018-08-30,84.45533
2018-08-31,84.447449
2018-09-04,84.353569
2018-09-05,84.313828
2018-09-06,84.456985
2018-09-07,84.154716
2018-09-10,84.234322
2018-09-11,84.09111
2018-09-12,84.14682
2018-09-13,84.202446
2018-09-14,84.043411
2018-09-17,84.043411
2018-09-18,83.860481
2018-09-19,83.701401
2018-09-20,83.812759
2018-09-21,83.876381
2018-09-24,83.796837
2018-09-25,83.757088
2018-09-26,83.955902
2018-09-27,84.011581
2018-09-28,83.92408
2018-10-01,83.901772
2018-10-02,83.997467
2018-10-03,83.598816
2018-10-04,83.359673
2018-10-05,83.1763
2018-10-08,83.144417
2018-10-09,83.264015
2018-10-10,83.240089
2018-10-11,83.487206
2018-10-12,83.511131
2018-10-15,83.45533
2018-10-16,83.503174
2018-10-17,83.335739
2018-10-18,83.279915
2018-10-19,83.208176
2018-10-22,83.192223
2018-10-23,83.295853
2018-10-24,83.511131
2018-10-25,83.439392
2018-10-26,83.630722
2018-10-29,83.543053
2018-10-30,83.423416
2018-10-31,83.383545
2018-11-01,83.594307
2018-11-02,83.345909
2018-11-05,83.401993
2018-11-06,83.410011
2018-11-07,83.48214
2018-11-08,83.329895
2018-11-09,83.434021
2018-11-12,83.570213
2018-11-13,83.60228
2018-11-14,83.610329
2018-11-15,83.714455
2018-11-16,83.850655
2018-11-19,83.842651
2018-11-20,83.810593
2018-11-21,83.866669
2018-11-23,83.842651
2018-11-26,83.826607
2018-11-27,83.850655
2018-11-28,84.010902
2018-11-29,84.050949
2018-11-30,84.026901
2018-12-03,84.164207
2018-12-04,84.389099
2018-12-06,84.597885
2018-12-07,84.710335
2018-12-10,84.766594
2018-12-11,84.79068
2018-12-12,84.726372
2018-12-13,84.750504
2018-12-14,84.774567
2018-12-17,84.919189
2018-12-18,85.16864
2018-12-19,85.249046
2018-12-20,85.16864
2018-12-21,85.128365
2018-12-24,85.184692
2018-12-26,85.023766
2018-12-27,85.160568
2018-12-28,85.474373
2018-12-31,85.691658
2019-01-02,85.756027
2019-01-03,86.110054
2019-01-04,85.852577
2019-01-07,85.707741
2019-01-08,85.643356
2019-01-09,85.715805
2019-01-10,85.619225
2019-01-11,85.739944
2019-01-14,85.619225
2019-01-15,85.6353
2019-01-16,85.707741
2019-01-17,85.643356
2019-01-18,85.57901
2019-01-22,85.651428
2019-01-23,85.739944
2019-01-24,85.884758
2019-01-25,85.844559
2019-01-28,85.796265
2019-01-29,86.021553
2019-01-30,86.214745
2019-01-31,86.472183
2019-02-01,86.293144
2019-02-04,86.220505
2019-02-05,86.406067
2019-02-06,86.357643
2019-02-07,86.398003
2019-02-08,86.591599
2019-02-11,86.502869
2019-02-12,86.519028
2019-02-13,86.365707
2019-02-14,86.49482
2019-02-15,86.559319
2019-02-19,86.60775
2019-02-20,86.615799
2019-02-21,86.42218
2019-02-22,86.639984
2019-02-25,86.615799
2019-02-26,86.712624
2019-02-27,86.527077
2019-02-28,86.373772
2019-03-01,86.233894
2019-03-04,86.339005
2019-03-05,86.39563
2019-03-06,86.525017
2019-03-07,86.767662
2019-03-08,86.880836
2019-03-11,86.888947
2019-03-12,87.05072
2019-03-13,87.010239
2019-03-14,86.880836
2019-03-15,87.09922
2019-03-18,87.083069
2019-03-19,87.034523
2019-03-20,87.390327
2019-03-21,87.406525
2019-03-22,87.843193
2019-03-25,88.005005
2019-03-26,88.021187
2019-03-27,88.207161
2019-03-28,88.215233
2019-03-29,88.207161
2019-04-01,87.803459
2019-04-02,87.900734
2019-04-03,87.738594
2019-04-04,87.803459
2019-04-05,87.868286
2019-04-08,87.827751
2019-04-09,87.87635
2019-04-10,88.046661
2019-04-11,87.941238
2019-04-12,87.771027
2019-04-15,87.754791
2019-04-16,87.600777
2019-04-17,87.592651
2019-04-18,87.706146
2019-04-22,87.600777
2019-04-23,87.754791
2019-04-24,87.957481
2019-04-25,87.949394
2019-04-26,88.127724
2019-04-29,87.973717
2019-04-30,88.030418
2019-05-01,88.087303
2019-05-02,87.892326
2019-05-03,88.038582
2019-05-06,88.152298
2019-05-07,88.257965
2019-05-08,88.241707
2019-05-09,88.290489
2019-05-10,88.306717
2019-05-13,88.452988
2019-05-14,88.526138
2019-05-15,88.68055
2019-05-16,88.574852
2019-05-17,88.599266
2019-05-20,88.477394
2019-05-21,88.469208
2019-05-22,88.615532
2019-05-23,88.875565
2019-05-24,88.908035
2019-05-28,89.038094
2019-05-29,89.062416
2019-05-30,89.298119
2019-05-31,89.712517
2019-06-03,89.924286
2019-06-04,89.84285
2019-06-05,89.793961
2019-06-06,89.77771
2019-06-07,90.03022
2019-06-10,89.793961
2019-06-11,89.77771
2019-06-12,89.891747
2019-06-13,90.087227
2019-06-14,90.062782
2019-06-17,90.038406
2019-06-18,90.282715
2019-06-19,90.592262
2019-06-20,90.746971
2019-06-21,90.510773
2019-06-24,90.673714
2019-06-25,90.68998
2019-06-26,90.486351
2019-06-27,90.738861
2019-06-28,90.698128
2019-07-01,90.765083
2019-07-02,90.928345
2019-07-03,91.075279
2019-07-05,90.691589
2019-07-08,90.642616
2019-07-09,90.618141
2019-07-10,90.683426
2019-07-11,90.348724
2019-07-12,90.446686
2019-07-15,90.577271
2019-07-16,90.479301
2019-07-17,90.71608
2019-07-18,90.863037
2019-07-19,90.75692
2019-07-22,90.871208
2019-07-23,90.781387
2019-07-24,90.912003
2019-07-25,90.773254
2019-07-26,90.789528
2019-07-29,90.83036
2019-07-30,90.82222
2019-07-31,90.863037
2019-08-01,91.574959
2019-08-02,91.607681
2019-08-05,92.008621
2019-08-06,92.254128
2019-08-07,92.204994
2019-08-08,92.295059
2019-08-09,92.17231
2019-08-12,92.507805
2019-08-13,92.376862
2019-08-14,92.663277
2019-08-15,93.088783
2019-08-16,93.015121
2019-08-19,92.769661
2019-08-20,93.02327
2019-08-21,92.974251
2019-08-22,92.728752
2019-08-23,93.105171
2019-08-26,93.06424
2019-08-27,93.35881
2019-08-28,93.367004
2019-08-29,93.309708
2019-08-30,93.391571
2019-09-03,93.3694
2019-09-04,93.533432
2019-09-05,93.131546
2019-09-06,93.22995
2019-09-09,92.836304
2019-09-10,92.335945
2019-09-11,92.352402
2019-09-12,92.20475
2019-09-13,91.655251
2019-09-16,91.901321
2019-09-17,92.040688
2019-09-18,92.147316
2019-09-19,92.278587
2019-09-20,92.614838
2019-09-23,92.655846
2019-09-24,92.910103
2019-09-25,92.524605
2019-09-26,92.680458
2019-09-27,92.795311
2019-09-30,92.819901
2019-10-01,92.988426
2019-10-02,93.054161
2019-10-03,93.41584
2019-10-04,93.563828
2019-10-07,93.309021
2019-10-08,93.341866
2019-10-09,93.292549
2019-10-10,92.971954
2019-10-11,92.667809
2019-10-14,92.823967
2019-10-15,92.519829
2019-10-16,92.68425
2019-10-17,92.659615
2019-10-18,92.725365
2019-10-21,92.470497
2019-10-22,92.610268
2019-10-23,92.68425
2019-10-24,92.708923
2019-10-25,92.577385
2019-10-28,92.380074
2019-10-29,92.388336
2019-10-30,92.651375
2019-10-31,93.013062
2019-11-01,93.038605
2019-11-04,92.807915
2019-11-05,92.461914
2019-11-06,92.601974
2019-11-07,92.165321
2019-11-08,92.115891
2019-11-11,92.132385
2019-11-12,92.231216
2019-11-13,92.395981
2019-11-14,92.65963
2019-11-15,92.610199
2019-11-18,92.78318
2019-11-19,92.849083
2019-11-20,93.071556
2019-11-21,92.939751
2019-11-22,92.989159
2019-11-25,93.079826
2019-11-26,93.211617
2019-11-27,93.096306
2019-11-29,92.980995
2019-12-02,92.878578
2019-12-03,93.299637
2019-12-04,93.142776
2019-12-05,93.035416
2019-12-06,92.90332
2019-12-09,92.952843
2019-12-10,92.919861
2019-12-11,93.167511
2019-12-12,92.771217
2019-12-13,93.142776
2019-12-16,92.952843
2019-12-17,92.961098
2019-12-18,92.779457
2019-12-19,92.879562
2019-12-20,92.896065
2019-12-23,92.829903
2019-12-24,92.945717
2019-12-26,93.028419
2019-12-27,93.152473
2019-12-30,93.152473
2019-12-31,92.937416
2020-01-02,93.193832
2020-01-03,93.466759
2020-01-06,93.392319
2020-01-07,93.293091
2020-01-08,93.185593
2020-01-09,93.28479
2020-01-10,93.441956
2020-01-13,93.384048
2020-01-14,93.466759
2020-01-15,93.607391
2020-01-16,93.607391
2020-01-17,93.499863
2020-01-21,93.764503
2020-01-22,93.814156
2020-01-23,93.938179
2020-01-24,94.111862
2020-01-27,94.401367
2020-01-28,94.318642
2020-01-29,94.533684
2020-01-30,94.541924
2020-01-31,94.823174
2020-02-03,94.792519
2020-02-04,94.477531
2020-02-05,94.336639
2020-02-06,94.394684
2020-02-07,94.66819
2020-02-10,94.775917
2020-02-11,94.659866
2020-02-12,94.560394
2020-02-13,94.626671
2020-02-14,94.726204
2020-02-18,94.85051
2020-02-19,94.825638
2020-02-20,95.041161
2020-02-21,95.231758
2020-02-24,95.538376
2020-02-25,95.704185
2020-02-26,95.604721
2020-02-27,95.621307
2020-02-28,96.32579
2020-03-02,96.291733
2020-03-03,96.947884
2020-03-04,96.873146
2020-03-05,97.172127
2020-03-06,97.886353
2020-03-09,97.76181
2020-03-10,96.657219
2020-03-11,95.278503
2020-03-12,91.466354
2020-03-13,92.903221
2020-03-16,94.456299
2020-03-17,92.014549
2020-03-18,88.509628
2020-03-19,90.486343
2020-03-20,91.383316
2020-03-23,93.551018
2020-03-24,94.323387
2020-03-25,95.286804
2020-03-26,95.577492
2020-03-27,95.984444
2020-03-30,96.075836
2020-03-31,95.818314
2020-04-01,95.492905
2020-04-02,95.634407
2020-04-03,95.701012
2020-04-06,96.167122
2020-04-07,96.300247
2020-04-08,96.391785
2020-04-09,97.59037
2020-04-13,97.132614
2020-04-14,97.182549
2020-04-15,97.582008
2020-04-16,97.706917
2020-04-17,97.59037
2020-04-20,97.448868
2020-04-21,97.49881
2020-04-22,97.49881
2020-04-23,97.73188
2020-04-24,97.681961
2020-04-27,97.232475
2020-04-28,97.615349
2020-04-29,97.681961
2020-04-30,97.465523
2020-05-01,97.470566
2020-05-04,97.553947
2020-05-05,97.478889
2020-05-06,97.086876
2020-05-07,97.387131
2020-05-08,97.128586
2020-05-11,96.836662
2020-05-12,97.086876
2020-05-13,97.245323
2020-05-14,97.545593
2020-05-15,97.604004
2020-05-18,97.462196
2020-05-19,97.57061
2020-05-20,97.820808
2020-05-21,97.895866
2020-05-22,97.9459
2020-05-26,97.787468
2020-05-27,97.929253
2020-05-28,97.862495
2020-05-29,98.121094
2020-06-01,98.06591
2020-06-02,98.14946
2020-06-03,97.907181
2020-06-04,97.614685
2020-06-05,97.67321
2020-06-08,97.781822
2020-06-09,97.907181
2020-06-10,98.308205
2020-06-11,98.141098
2020-06-12,98.241386
2020-06-15,98.567207
2020-06-16,98.375061
2020-06-17,98.291489
2020-06-18,98.391785
2020-06-19,98.425209
2020-06-22,98.400154
2020-06-23,98.3834
2020-06-24,98.366722
2020-06-25,98.483681
2020-06-26,98.600647
2020-06-29,98.684219
2020-06-30,98.767761
2020-07-01,98.820488
2020-07-02,98.937698
2020-07-06,98.929337
2020-07-07,99.079979
2020-07-08,99.046516
2020-07-09,99.30603
2020-07-10,99.188789
2020-07-13,99.180428
2020-07-14,99.339516
2020-07-15,99.347885
2020-07-16,99.414879
2020-07-17,99.515305
2020-07-20,99.624107
2020-07-21,99.682686
2020-07-22,99.766457
2020-07-23,99.883606
2020-07-24,99.850136
2020-07-27,99.783173
2020-07-28,99.850136
2020-07-29,99.967331
2020-07-30,100.042664
2020-07-31,100.084526
2020-08-03,100.123917
2020-08-04,100.316795
2020-08-05,100.123917
2020-08-06,100.26651
2020-08-07,100.149094
2020-08-10,100.056839
2020-08-11,99.780106
2020-08-12,99.578873
2020-08-13,99.20993
2020-08-14,99.117661
2020-08-17,99.251831
2020-08-18,99.394379
2020-08-19,99.243439
2020-08-20,99.419548
2020-08-21,99.520142
2020-08-24,99.478249
2020-08-25,99.268616
2020-08-26,99.251831
2020-08-27,98.908028
2020-08-28,99.042213
2020-08-31,99.260231
2020-09-01,99.466003
2020-09-02,99.66758
2020-09-03,99.692795
2020-09-04,99.197227
2020-09-08,99.306427
2020-09-09,99.298042
2020-09-10,99.306427
2020-09-11,99.424042
2020-09-14,99.432419
2020-09-15,99.440804
2020-09-16,99.390434
2020-09-17,99.415588
2020-09-18,99.298042
2020-09-21,99.314796
2020-09-22,99.390434
2020-09-23,99.180405
2020-09-24,99.188797
2020-09-25,99.22242
2020-09-28,99.306427
2020-09-29,99.323227
2020-09-30,99.16362
2020-10-01,99.299919
2020-10-02,99.198959
2020-10-05,98.879219
2020-10-06,98.963387
2020-10-07,98.896088
2020-10-08,99.022255
2020-10-09,99.047531
2020-10-12,99.241028
2020-10-13,99.266281
2020-10-14,99.325188
2020-10-15,99.241028
2020-10-16,99.190559
2020-10-19,99.072754
2020-10-20,98.988617
2020-10-21,98.870842
2020-10-22,98.694153
2020-10-23,98.837181
2020-10-26,98.971825
2020-10-27,99.198959
2020-10-28,99.055962
2020-10-29,98.879219
2020-10-30,98.609985
2020-11-02,98.788666
2020-11-03,98.746513
2020-11-04,99.403847
2020-11-05,99.496567
2020-11-06,99.277489
2020-11-09,98.813965
2020-11-10,98.653824
2020-11-11,98.712814
2020-11-12,99.125771
2020-11-13,99.142609
2020-11-16,99.134239
2020-11-17,99.336464
2020-11-18,99.403847
2020-11-19,99.589317
2020-11-20,99.69043
2020-11-23,99.665146
2020-11-24,99.530296
2020-11-25,99.496567
2020-11-27,99.665146
2020-11-30,99.799973
2020-12-01,99.484245
2020-12-02,99.374481
2020-12-03,99.54335
2020-12-04,99.273193
2020-12-07,99.425125
2020-12-08,99.433578
2020-12-09,99.29007
2020-12-10,99.534889
2020-12-11,99.644661
2020-12-14,99.585541
2020-12-15,99.644661
2020-12-16,99.602409
2020-12-17,99.598236
2020-12-18,99.54747
2020-12-21,99.54747
2020-12-22,99.691162
2020-12-23,99.623566
2020-12-24,99.716515
2020-12-28,99.733406
2020-12-29,99.750351
2020-12-30,99.809464
2020-12-31,99.885529
2021-01-04,99.758759
2021-01-05,99.657349
2021-01-06,99.167198
2021-01-07,99.06575
2021-01-08,98.947487
2021-01-11,98.786903
2021-01-12,98.871384
2021-01-13,99.184074
2021-01-14,98.9897
2021-01-15,99.091148
2021-01-19,99.226334
2021-01-20,99.234787
2021-01-21,99.091148
2021-01-22,99.091148
2021-01-25,99.344666
2021-01-26,99.310883
2021-01-27,99.319305
2021-01-28,99.251717
2021-01-29,99.141846
2021-02-01,99.236649
2021-02-02,99.084297
2021-02-03,98.965736
2021-02-04,98.923409
2021-02-05,98.796455
2021-02-08,98.898033
2021-02-09,98.940331
2021-02-10,99.033508
2021-02-11,98.914986
2021-02-12,98.686378
2021-02-16,98.220833
2021-02-17,98.415504
2021-02-18,98.364754
2021-02-19,98.05999
2021-02-22,97.755257
2021-02-23,97.780655
2021-02-24,97.746803
2021-02-25,96.849487
2021-02-26,97.636742
2021-03-01,97.585869
2021-03-02,97.602776
2021-03-03,97.246689
2021-03-04,96.966888
2021-03-05,96.899071
2021-03-08,96.517525
2021-03-09,96.882088
2021-03-10,97.043205
2021-03-11,97.034714
2021-03-12,96.483582
2021-03-15,96.58532
2021-03-16,96.551392
2021-03-17,96.542938
2021-03-18,96.169861
2021-03-19,96.24617
2021-03-22,96.432739
2021-03-23,96.678589
2021-03-24,96.79731
2021-03-25,96.746445
2021-03-26,96.58532
2021-03-29,96.424194
2021-03-30,96.500519
2021-03-31,96.517525
2021-04-01,96.841904
2021-04-05,96.646568
2021-04-06,96.986282
2021-04-07,96.833435
2021-04-08,97.071144
2021-04-09,96.960762
2021-04-12,96.93531
2021-04-13,97.215538
2021-04-14,97.13913
2021-04-15,97.521233
2021-04-16,97.266495
2021-04-19,97.190086
2021-04-20,97.342903
2021-04-21,97.43631
2021-04-22,97.461784
2021-04-23,97.444794
2021-04-26,97.359917
2021-04-27,97.122093
2021-04-28,97.173065
2021-04-29,97.122093
2021-04-30,97.224014
2021-05-03,97.286133
2021-05-04,97.405174
2021-05-05,97.481728
2021-05-06,97.498718
2021-05-07,97.473206
2021-05-10,97.320122
2021-05-11,97.107498
2021-05-12,96.767303
2021-05-13,96.988441
2021-05-14,97.209534
2021-05-17,97.124504
2021-05-18,97.005432
2021-05-19,96.869392
2021-05-20,97.201057
2021-05-21,97.243584
2021-05-24,97.337143
2021-05-25,97.575279
2021-05-26,97.541245
2021-05-27,97.422188
2021-05-28,97.422188
2021-06-01,97.377022
2021-06-02,97.504768
2021-06-03,97.274834
2021-06-04,97.67514
2021-06-07,97.607018
2021-06-08,97.785866
2021-06-09,97.981758
2021-06-10,98.186165
2021-06-11,98.143593
2021-06-14,97.896591
2021-06-15,97.939163
2021-06-16,97.624031
2021-06-17,97.930649
2021-06-18,98.194664
2021-06-21,97.939163
2021-06-22,98.041374
2021-06-23,97.99028
2021-06-24,98.024323
2021-06-25,97.828468
2021-06-28,98.109535
2021-06-29,98.160622
2021-06-30,98.228745
2021-07-01,98.174179
2021-07-02,98.387398
2021-07-06,98.702942
2021-07-07,98.87352
2021-07-08,98.984413
2021-07-09,98.660316
2021-07-12,98.600594
2021-07-13,98.387398
2021-07-14,98.720016
2021-07-15,98.93322
2021-07-16,98.847961
2021-07-19,99.368195
2021-07-20,99.274391
2021-07-21,98.950325
2021-07-22,99.180557
2021-07-23,99.112312
2021-07-26,99.027039
2021-07-27,99.257332
2021-07-28,99.351143
2021-07-29,99.189079
2021-07-30,99.325562
2021-08-02,99.536522
2021-08-03,99.570679
2021-08-04,99.562149
2021-08-05,99.340065
2021-08-06,98.895927
2021-08-09,98.716583
2021-08-10,98.588463
2021-08-11,98.682457
2021-08-12,98.690956
2021-08-13,99.049713
2021-08-16,99.100914
2021-08-17,99.024071
2021-08-18,99.0326
2021-08-19,99.20343
2021-08-20,99.211967
2021-08-23,99.211967
2021-08-24,99.06675
2021-08-25,98.878868
2021-08-26,98.88739
2021-08-27,99.160706
2021-08-30,99.271736
2021-08-31,99.126526
2021-09-01,99.158188
2021-09-02,99.260841
2021-09-03,99.089798
2021-09-07,98.824623
2021-09-08,98.987137
2021-09-09,99.303619
2021-09-10,99.106895
2021-09-13,99.235184
2021-09-14,99.457542
2021-09-15,99.363457
2021-09-16,99.192421
2021-09-17,99.106895
2021-09-20,99.295074
2021-09-21,99.337807
2021-09-22,99.372032
2021-09-23,98.884491
2021-09-24,98.71344
2021-09-27,98.576591
2021-09-28,98.166016
2021-09-29,98.234413
2021-09-30,98.217346
2021-10-01,98.517189
2021-10-04,98.448639
2021-10-05,98.217346
2021-10-06,98.260162
2021-10-07,97.986038
2021-10-08,97.771866
2021-10-11,97.617676
2021-10-12,97.977455
2021-10-13,98.200211
2021-10-14,98.38868
2021-10-15,98.148788
2021-10-18,98.080292
2021-10-19,97.797592
2021-10-20,97.729042
2021-10-21,97.523415
2021-10-22,97.711891
2021-10-25,97.806168
2021-10-26,97.986038
2021-10-27,98.311584
2021-10-28,98.234444
2021-10-29,98.208786
2021-11-01,98.14872
2021-11-02,98.346062
2021-11-03,98.14872
2021-11-04,98.474754
2021-11-05,98.86087
2021-11-08,98.680664
2021-11-09,98.955269
2021-11-10,98.285965
2021-11-11,98.105797
2021-11-12,98.088661
2021-11-15,97.728294
2021-11-16,97.693962
2021-11-17,97.925583
2021-11-18,98.011444
2021-11-19,98.20018
2021-11-22,97.728294
2021-11-23,97.342178
2021-11-24,97.565224
2021-11-26,98.260254
2021-11-29,98.311745
2021-11-30,98.474754
2021-12-01,98.493652
2021-12-02,98.476479
2021-12-03,98.871735
2021-12-06,98.528023
2021-12-07,98.37336
2021-12-08,98.115593
2021-12-09,98.124168
2021-12-10,98.149979
2021-12-13,98.493652
2021-12-14,98.304657
2021-12-15,98.227287
2021-12-16,98.362305
2021-12-17,98.482758
2021-12-20,98.336525
2021-12-21,98.259132
2021-12-22,98.345116
2021-12-23,98.224701
2021-12-27,98.276329
2021-12-28,98.23333
2021-12-29,97.940872
2021-12-30,98.155914
2021-12-31,98.12149
2022-01-03,97.450607
2022-01-04,97.441986
2022-01-05,97.140991
2022-01-06,97.037758
2022-01-07,96.753929
2022-01-10,96.667908
2022-01-11,96.848495
2022-01-12,96.848495
2022-01-13,97.020584
2022-01-14,96.478699
2022-01-18,95.893806
2022-01-19,96.100258
2022-01-20,96.151855
2022-01-21,96.530312
2022-01-24,96.418488
2022-01-25,96.323837
2022-01-26,95.782005
2022-01-27,96.100258
2022-01-28,96.16906
2022-01-31,96.160454
2022-02-01,96.126884
2022-02-02,96.23024
2022-02-03,95.842613
2022-02-04,95.239677
2022-02-07,95.325806
2022-02-08,95.032951
2022-02-09,95.093246
2022-02-10,94.214653
2022-02-11,94.834816
2022-02-14,94.283569
2022-02-15,94.128502
2022-02-16,94.240509
2022-02-17,94.438622
2022-02-18,94.636726
2022-02-22,94.53334
2022-02-23,94.11129
2022-02-24,94.283569
2022-02-25,94.378311
2022-02-28,95.058792
2022-03-01,95.594452
2022-03-02,94.447189
2022-03-03,94.766327
2022-03-04,95.145912
2022-03-07,94.593842
2022-03-08,94.257439
2022-03-09,94.059029
2022-03-10,93.532837
2022-03-11,93.515564
2022-03-14,92.609833
2022-03-15,92.816818
2022-03-16,92.885872
2022-03-17,93.04113
2022-03-18,93.248177
2022-03-21,92.333809
2022-03-22,92.083626
2022-03-23,92.463181
2022-03-24,92.256142
2022-03-25,91.522934
2022-03-28,91.747238
2022-03-29,92.178551
2022-03-30,92.428703
2022-03-31,92.385559
2022-04-01,92.22139
2022-04-04,92.299179
2022-04-05,91.366135
2022-04-06,91.132904
2022-04-07,90.934204
2022-04-08,90.476326
2022-04-11,90.087563
2022-04-12,90.372681
2022-04-13,90.554092
2022-04-14,89.819778
2022-04-18,89.543335
2022-04-19,88.999077
2022-04-20,89.508766
2022-04-21,89.016319
2022-04-22,88.929962
2022-04-25,89.526031
2022-04-26,89.802498
2022-04-27,89.439659
2022-04-28,89.405083
2022-04-29,88.869469
2022-05-02,88.385712
2022-05-03,88.58474
2022-05-04,89.155945
2022-05-05,88.273186
2022-05-06,87.901085
2022-05-09,88.333771
2022-05-10,88.602043
2022-05-11,88.930916
2022-05-12,89.09536
2022-05-13,88.714554
2022-05-16,88.913605
2022-05-17,88.428978
2022-05-18,88.783806
2022-05-19,89.008797
2022-05-20,89.277107
2022-05-23,88.982849
2022-05-24,89.666534
2022-05-25,90.038673
2022-05-26,89.969437
2022-05-27,90.116539
2022-05-31,89.545372
2022-06-01,89.177773
2022-06-02,89.290497
2022-06-03,89.143089
2022-06-06,88.596916
2022-06-07,88.935013
2022-06-08,88.570892
2022-06-09,88.475533
2022-06-10,87.790588
2022-06-13,86.351418
2022-06-14,85.83989
2022-06-15,86.793564
2022-06-16,87.001648
2022-06-17,86.992973
2022-06-21,86.646187
2022-06-22,87.383148
2022-06-23,87.747238
2022-06-24,87.608536
2022-06-27,87.218391
2022-06-28,87.253082
2022-06-29,87.755913
2022-06-30,88.154747
2022-07-01,88.889534
2022-07-05,89.054565
2022-07-06,88.455269
2022-07-07,88.255478
2022-07-08,87.92543
2022-07-11,88.333649
2022-07-12,88.455269
2022-07-13,88.776627
2022-07-14,88.463959
2022-07-15,88.811378
2022-07-18,88.52475
2022-07-19,88.40313
2022-07-20,88.342339
2022-07-21,89.080635
2022-07-22,89.775482
2022-07-25,89.445442
2022-07-26,89.428062
2022-07-27,89.740746
2022-07-28,90.383484
2022-07-29,90.392166
2022-08-01,90.705482
2022-08-02,89.774292
2022-08-03,90.174622
2022-08-04,90.392174
2022-08-05,89.382675
2022-08-08,89.791687
2022-08-09,89.591537
2022-08-10,89.81781
2022-08-11,89.339195
2022-08-12,89.739487
2022-08-15,89.852638
2022-08-16,89.722099
2022-08-17,89.191231
2022-08-18,89.382675
2022-08-19,88.756111
2022-08-22,88.373207
2022-08-23,88.338409
2022-08-24,88.103424
2022-08-25,88.590797
2022-08-26,88.425415
2022-08-29,87.998993
2022-08-30,88.112144
2022-08-31,87.642204
2022-09-01,87.262009
2022-09-02,87.514877
2022-09-06,86.695198
2022-09-07,87.29689
2022-09-08,87.017822
2022-09-09,87.009109
2022-09-12,86.878326
2022-09-13,86.389984
2022-09-14,86.503334
2022-09-15,86.241745
2022-09-16,86.180687
2022-09-19,86.049927
2022-09-20,85.666206
2022-09-21,85.936546
2022-09-22,85.020927
2022-09-23,84.759338
2022-09-26,83.669281
2022-09-27,83.311821
2022-09-28,84.654694
2022-09-29,84.209953
2022-09-30,84.009384
2022-10-03,84.691956
2022-10-04,84.919151
2022-10-05,84.473457
2022-10-06,84.141357
2022-10-07,83.695663
2022-10-10,83.31987
2022-10-11,83.372337
2022-10-12,83.442268
2022-10-13,83.180038
2022-10-14,82.725632
2022-10-17,82.900421
2022-10-18,83.040222
2022-10-19,82.32357
2022-10-20,81.8255
2022-10-21,81.947807
2022-10-24,81.83419
2022-10-25,82.638222
2022-10-26,83.005272
2022-10-27,83.424736
2022-10-28,83.215004
2022-10-31,82.935371
2022-11-01,83.089516
2022-11-02,82.949387
2022-11-03,82.642776
2022-11-04,82.634018
2022-11-07,82.371246
2022-11-08,82.721649
2022-11-09,82.81797
2022-11-10,84.5961
2022-11-11,84.534805
2022-11-14,84.298294
2022-11-15,84.920189
2022-11-16,85.44574
2022-11-17,85.086624
2022-11-18,84.963982
2022-11-21,84.911407
2022-11-22,85.349403
2022-11-23,85.85743
2022-11-25,85.874939
2022-11-28,85.734779
2022-11-29,85.428215
2022-11-30,86.093933
2022-12-01,86.810318
2022-12-02,87.170242
2022-12-05,86.485481
2022-12-06,86.740097
2022-12-07,87.51265
2022-12-08,87.249283
2022-12-09,86.731316
2022-12-12,86.74884
2022-12-13,87.3283
2022-12-14,87.521454
2022-12-15,87.649902
2022-12-16,87.42112
2022-12-19,86.884361
2022-12-20,86.294807
2022-12-21,86.532394
2022-12-22,86.505981
2022-12-23,86.206818
2022-12-27,85.582062
2022-12-28,85.432472
2022-12-29,85.749245
2022-12-30,85.344467
2023-01-03,85.846046
2023-01-04,86.32119
2023-01-05,86.250824
2023-01-06,87.192337
2023-01-09,87.412315
2023-01-10,87.077927
2023-01-11,87.6147
2023-01-12,88.248268
2023-01-13,87.922676
2023-01-17,87.764313
2023-01-18,88.635445
2023-01-19,88.433052
2023-01-20,88.072258
2023-01-23,87.852272
2023-01-24,88.239479
2023-01-25,88.345062
2023-01-26,88.195465
2023-01-27,88.063454
2023-01-30,87.82592
2023-01-31,88.186646
2023-02-01,88.808533
2023-02-02,88.905548
2023-02-03,88.049919
2023-02-06,87.564796
2023-02-07,87.414848
2023-02-08,87.538315
2023-02-09,87.194313
2023-02-10,86.81501
2023-02-13,87.079636
2023-02-14,86.770927
2023-02-15,86.603333
2023-02-16,86.241661
2023-02-17,86.444534
2023-02-21,85.633041
2023-02-22,85.862389
2023-02-23,86.171104
2023-02-24,85.677101
2023-02-27,85.844711
2023-02-28,85.835884
2023-03-01,85.344299
2023-03-02,85.167435
2023-03-03,85.83947
2023-03-06,85.627228
2023-03-07,85.512268
2023-03-08,85.423851
2023-03-09,85.733322
2023-03-10,86.732475
2023-03-13,87.422165
2023-03-14,86.90934
2023-03-15,87.775848
2023-03-16,87.431007
2023-03-17,87.97924
2023-03-20,87.625557
2023-03-21,87.360291
2023-03-22,88.200279
2023-03-23,88.412468
2023-03-24,88.562805
2023-03-27,87.607864
2023-03-28,87.475227
2023-03-29,87.581352
2023-03-30,87.678589
2023-03-31,88.103027
2023-04-03,88.485977
2023-04-04,88.813957
2023-04-05,89.115364
2023-04-06,89.035599
2023-04-10,88.423927
2023-04-11,88.477119
2023-04-12,88.583481
2023-04-13,88.548027
2023-04-14,88.11367
2023-04-17,87.670448
2023-04-18,87.79454
2023-04-19,87.661568
2023-04-20,88.060463
2023-04-21,87.909767
2023-04-24,88.255493
2023-04-25,88.805099
2023-04-26,88.477119
2023-04-27,88.157997
2023-04-28,88.610069
2023-05-01,87.702759
2023-05-02,88.555847
2023-05-03,88.946877
2023-05-04,88.84024
2023-05-05,88.555847
2023-05-08,88.06707
2023-05-09,87.987114
2023-05-10,88.555847
2023-05-11,88.822472
2023-05-12,88.324821
2023-05-15,88.102669
2023-05-16,87.898239
2023-05-17,87.764977
2023-05-18,87.356171
2023-05-19,87.160637
2023-05-22,87.080658
2023-05-23,87.178421
2023-05-24,86.956245
2023-05-25,86.636337
2023-05-26,86.707436
2023-05-30,87.285088
2023-05-31,87.596085
2023-06-01,87.861626
2023-06-02,87.398293
2023-06-05,87.389397
2023-06-06,87.496315
2023-06-07,87.032982
2023-06-08,87.496315
2023-06-09,87.291382
2023-06-12,87.442833
2023-06-13,87.032982
2023-06-14,87.113182
2023-06-15,87.719055
2023-06-16,87.442833
2023-06-20,87.603241
2023-06-21,87.745773
2023-06-22,87.291382
2023-06-23,87.549774
2023-06-26,87.656693
2023-06-27,87.487404
2023-06-28,87.745773
2023-06-29,87.068649
2023-06-30,87.273567
2023-07-03,87.170822
2023-07-05,86.777756
2023-07-06,86.214981
2023-07-07,86.232841
2023-07-10,86.47406
2023-07-11,86.661636
2023-07-12,87.367371
2023-07-13,87.912292
2023-07-14,87.492416
2023-07-17,87.590698
2023-07-18,87.662155
2023-07-19,87.930145
2023-07-20,87.474556
2023-07-21,87.537086
2023-07-24,87.376274
2023-07-25,87.278015
2023-07-26,87.563889
2023-07-27,86.813499
2023-07-28,87.152946
2023-07-31,87.260162
2023-08-01,86.682396
2023-08-02,86.476395
2023-08-03,85.894127
2023-08-04,86.601784
2023-08-07,86.619705
2023-08-08,86.825729
2023-08-09,86.888428
2023-08-10,86.324089
2023-08-11,86.055351
2023-08-14,85.992683
2023-08-15,85.759766
2023-08-16,85.553734
2023-08-17,85.46418
2023-08-18,85.652275
2023-08-21,85.222313
2023-08-22,85.311897
2023-08-23,86.127022
2023-08-24,85.929955
2023-08-25,85.876205
2023-08-28,86.064331
2023-08-29,86.619705
2023-08-30,86.583862
2023-08-31,86.70929
2023-09-01,86.260185
2023-09-05,85.793144
2023-09-06,85.712318
2023-09-07,85.981743
2023-09-08,86.026665
2023-09-11,85.927841
2023-09-12,85.954796
2023-09-13,86.080566
2023-09-14,85.963783
2023-09-15,85.76619
2023-09-18,85.89193
2023-09-19,85.640472
2023-09-20,85.595551
2023-09-21,85.011734
2023-09-22,85.371017
2023-09-25,84.697395
2023-09-26,84.589592
2023-09-27,84.293213
2023-09-28,84.544685
2023-09-29,84.463837
2023-10-02,83.87574
2023-10-03,83.218254
2023-10-04,83.80368
2023-10-05,83.857712
2023-10-06,83.533501
2023-10-09,84.398094
2023-10-10,84.317062
2023-10-11,84.704323
2023-10-12,83.974785
2023-10-13,84.335052
2023-10-16,83.866722
2023-10-17,83.263313
2023-10-18,82.876045
2023-10-19,82.560822
2023-10-20,82.85804
2023-10-23,83.182251
2023-10-24,83.479454
2023-10-25,82.85804
2023-10-26,83.41642
2023-10-27,83.389381
2023-10-30,83.191246
2023-10-31,83.137222
2023-11-01,84.055901
2023-11-02,84.561783
2023-11-03,85.076683
2023-11-06,84.652122
2023-11-07,85.10379
2023-11-08,85.392853
2023-11-09,84.679214
2023-11-10,84.877953
2023-11-13,84.868912
2023-11-14,85.934853
2023-11-15,85.401886
2023-11-16,85.871628
2023-11-17,86.043274
2023-11-20,86.178757
2023-11-21,86.269112
2023-11-22,86.350403
2023-11-24,85.95295
2023-11-27,86.440735
2023-11-28,86.82016
2023-11-29,87.24472
2023-11-30,86.955635
2023-12-01,87.720245
2023-12-04,87.385063
2023-12-05,87.964836
2023-12-06,88.191299
2023-12-07,88.218491
2023-12-08,87.774597
2023-12-11,87.783638
2023-12-12,88.046379
2023-12-13,89.151611
2023-12-14,89.87114
2023-12-15,89.662193
2023-12-18,89.480484
2023-12-19,89.589516
2023-12-20,89.916573
2023-12-21,89.907448
2023-12-22,89.78936
2023-12-26,89.971085
2023-12-27,90.543449
2023-12-28,90.343575
2023-12-29,90.170944
2024-01-02,89.743942
2024-01-03,89.78936
2024-01-04,89.425949
2024-01-05,89.217003
2024-01-08,89.553154
2024-01-09,89.534981
2024-01-10,89.362389
2024-01-11,89.87114
2024-01-12,90.034691
2024-01-16,89.362389
2024-01-17,89.117065
2024-01-18,89.035294
2024-01-19,89.053459
2024-01-22,89.217003
2024-01-23,88.998962
2024-01-24,88.799095
2024-01-25,89.198845
2024-01-26,89.0989
2024-01-29,89.453239
2024-01-30,89.625847
2024-01-31,90.034691
2024-02-01,90.547707
2024-02-02,89.718498
2024-02-05,88.980408
2024-02-06,89.445114
2024-02-07,89.262878
2024-02-08,88.98951
2024-02-09,88.962166
2024-02-12,88.980408
2024-02-13,88.160309
2024-02-14,88.552132
2024-02-15,88.761696
2024-02-16,88.479218
2024-02-20,88.561249
2024-02-21,88.296974
2024-02-22,88.369881
2024-02-23,88.697929
2024-02-26,88.506554
2024-02-27,88.3881
2024-02-28,88.561249
2024-02-29,88.707024
2024-03-01,89.132927
2024-03-04,88.913582
2024-03-05,89.397957
2024-03-06,89.535042
2024-03-07,89.726952
2024-03-08,89.809204
2024-03-11,89.708679
2024-03-12,89.480217
2024-03-13,89.315697
2024-03-14,88.749077
2024-03-15,88.739929
2024-03-18,88.648529
2024-03-19,88.867882
2024-03-20,89.050659
2024-03-21,89.114639
2024-03-22,89.397957
2024-03-25,89.233437
2024-03-26,89.324844
2024-03-27,89.617279
2024-03-28,89.507614
2024-04-01,88.856812
2024-04-02,88.792648
2024-04-03,88.847649
2024-04-04,89.058472
2024-04-05,88.618492
2024-04-08,88.535973
2024-04-09,88.838486
2024-04-10,87.77523
2024-04-11,87.793533
2024-04-12,87.958527
2024-04-15,87.42691
2024-04-16,87.179405
2024-04-17,87.582718
2024-04-18,87.33522
2024-04-19,87.42691
2024-04-22,87.481888
2024-04-23,87.665192
2024-04-24,87.436066
2024-04-25,87.188583
2024-04-26,87.381073
2024-04-29,87.646873
2024-04-30,87.289406
2024-05-01,87.597404
2024-05-02,87.99279
2024-05-03,88.443336
2024-05-06,88.507713
2024-05-07,88.691574
2024-05-08,88.507713
2024-05-09,88.67321
2024-05-10,88.489296
2024-05-13,88.535286
2024-05-14,88.774345
2024-05-15,89.362793
2024-05-16,89.261658
2024-05-17,88.976616
2024-05-20,88.893867
2024-05-21,89.059372
2024-05-22,88.949013
2024-05-23,88.700798
2024-05-24,88.801926
2024-05-28,88.388161
2024-05-29,88.047974
2024-05-30,88.461723
2024-05-31,88.746765
2024-06-03,89.283562
2024-06-04,89.6064
2024-06-05,89.883064
2024-06-06,89.910767
2024-06-07,89.117554
2024-06-10,89.04377
2024-06-11,89.348137
2024-06-12,89.772408
2024-06-13,90.224373
2024-06-14,90.316597
2024-06-17,89.993774
2024-06-18,90.316597
2024-06-20,90.159798
2024-06-21,90.169014
2024-06-24,90.24279
2024-06-25,90.233589
2024-06-26,89.827744
2024-06-27,89.975342
2024-06-28,89.532616
2024-07-01,89.052406
2024-07-02,89.348473
2024-07-03,89.829605
2024-07-05,90.282959
2024-07-08,90.310707
2024-07-09,90.227425
2024-07-10,90.319977
2024-07-11,90.78257
2024-07-12,91.032387
2024-07-15,90.717781
2024-07-16,91.087883
2024-07-17,91.152657
2024-07-18,90.90284
2024-07-19,90.717781
2024-07-22,90.680809
2024-07-23,90.671539
2024-07-24,90.393967
2024-07-25,90.643784
2024-07-26,90.967621
2024-07-29,91.115646
2024-07-30,91.208168
2024-07-31,91.698532
2024-08-01,92.082733
2024-08-02,93.1129
2024-08-05,93.038658
2024-08-06,92.481834
2024-08-07,92.203384
2024-08-08,92.064186
2024-08-09,92.389008
2024-08-12,92.546799
2024-08-13,92.918015
2024-08-14,93.085075
2024-08-15,92.695282
2024-08-16,92.918015
2024-08-19,93.020103
2024-08-20,93.298523
2024-08-21,93.474861
2024-08-22,93.094353
2024-08-23,93.521248
2024-08-26,93.437752
2024-08-27,93.465591
2024-08-28,93.382034
2024-08-29,93.261383
2024-08-30,93.038658
2024-09-03,93.431534
2024-09-04,93.841141
2024-09-05,94.083221
2024-09-06,94.204231
2024-09-09,94.343864
2024-09-10,94.632477
2024-09-11,94.604568
2024-09-12,94.520752
2024-09-13,94.716248
2024-09-16,94.939682
2024-09-17,94.846596
2024-09-18,94.548691
2024-09-19,94.557999
2024-09-20,94.47422
2024-09-23,94.436966
2024-09-24,94.567322
2024-09-25,94.204231
2024-09-26,94.222847
2024-09-27,94.492821
2024-09-30,94.278717
2024-10-01,94.52803
2024-10-02,94.331932
2024-10-03,93.949074
2024-10-04,93.342102
2024-10-07,93.024635
2024-10-08,93.183372
2024-10-09,92.940567
2024-10-10,92.884544
2024-10-11,92.912582
2024-10-14,92.828537
2024-10-15,93.202019
2024-10-16,93.323433
2024-10-17,92.86586
2024-10-18,92.931229
2024-10-21,92.286911
2024-10-22,92.305595
2024-10-23,92.072151
2024-10-24,92.249573
2024-10-25,92.062805
2024-10-28,91.913399
2024-10-29,92.016129
2024-10-30,91.922745
2024-10-31,91.904068
2024-11-01,91.538734
2024-11-04,91.922813
2024-11-05,92.13826
2024-11-06,91.416954
2024-11-07,92.110153
2024-11-08,92.269409
2024-11-11,92.063324
2024-11-12,91.529366
2024-11-13,91.510651
2024-11-14,91.47316
2024-11-15,91.482536
2024-11-18,91.566841
2024-11-19,91.697975
2024-11-20,91.604309
2024-11-21,91.557457
2024-11-22,91.623024
2024-11-25,92.447388
2024-11-26,92.306862
2024-11-27,92.559769
2024-11-29,92.92511
2024-12-02,92.936394
2024-12-03,92.757835
2024-12-04,93.058548
2024-12-05,93.077362
2024-12-06,93.340469
2024-12-09,93.067947
2024-12-10,92.955185
2024-12-11,92.739075
2024-12-12,92.363174
2024-12-13,92.01548
2024-12-16,92.100075
2024-12-17,92.100075
2024-12-18,91.398651
2024-12-19,91.162979
2024-12-20,91.408081
2024-12-23,91.125259
2024-12-24,91.228966
2024-12-26,91.294952
2024-12-27,91.1064
2024-12-30,91.464653
2024-12-31,91.351517
2025-01-02,91.360954
2025-01-03,91.266678
2025-01-06,91.172401
2025-01-07,90.851868
2025-01-08,90.955559
2025-01-10,90.446487
2025-01-13,90.361649
2025-01-14,90.389931
2025-01-15,91.172401
2025-01-16,91.370377
2025-01-17,91.370377
2025-01-21,91.67205
2025-01-22,91.455231
2025-01-23,91.304375
2025-01-24,91.455231
2025-01-27,91.96431
2025-01-28,91.936028
2025-01-29,91.879448
2025-01-30,92.011436
2025-01-31,91.822906
2025-02-03,91.909912
2025-02-04,92.080162
2025-02-05,92.572021
2025-02-06,92.477417
2025-02-07,92.184212
2025-02-10,92.212578
2025-02-11,92.004494
2025-02-12,91.522102
2025-02-13,92.070724
2025-02-14,92.411209
2025-02-18,92.042328
2025-02-19,92.174744
2025-02-20,92.316628
2025-02-21,92.713898
2025-02-24,92.874702
2025-02-25,93.451691
2025-02-26,93.603035
2025-02-27,93.461136
2025-02-28,93.877319
2025-03-03,94.080353
2025-03-04,93.843163
2025-03-05,93.520584
2025-03-06,93.425705
2025-03-07,93.311844
2025-03-10,93.757774
2025-03-11,93.425705
2025-03-12,93.150551
2025-03-13,93.435196
2025-03-14,93.245415
2025-03-17,93.368774
2025-03-18,93.463654
2025-03-19,93.738808
2025-03-20,93.795723
2025-03-21,93.68187
2025-03-24,93.321342
2025-03-25,93.406708
2025-03-26,93.179016
2025-03-27,93.131569
2025-03-28,93.672379
2025-03-31,93.852638
2025-04-01,94.200104
2025-04-02,94.095375
2025-04-03,94.590378
2025-04-04,94.676041
2025-04-07,93.476646
2025-04-08,92.99118
2025-04-09,93.200592
2025-04-10,92.467628
2025-04-11,92.372437
2025-04-14,92.915031
2025-04-15,93.105392
2025-04-16,93.400497
2025-04-17,93.162521
2025-04-21,92.600906
2025-04-22,92.772232
2025-04-23,93.000671
2025-04-24,93.514717
2025-04-25,93.857399
2025-04-28,94.11441
2025-04-29,94.342888
2025-04-30,94.257202
2025-05-01,94.000305
2025-05-02,93.541901
2025-05-05,93.37957
2025-05-06,93.608757
2025-05-07,93.752014
2025-05-08,93.264984
2025-05-09,93.360466
2025-05-12,93.045319
2025-05-13,92.949814
2025-05-14,92.682411
2025-05-15,93.207649
2025-05-16,93.264984
2025-05-19,93.236313
2025-05-20,93.073959
2025-05-21,92.462776
2025-05-22,92.730156
2025-05-23,92.863869
2025-05-27,93.284081
2025-05-28,93.112167
2025-05-29,93.455963
2025-05-30,93.685173
2025-06-02,93.438904
2025-06-03,93.371841
2025-06-04,93.927582
2025-06-05,93.688034
2025-06-06,93.208961
2025-06-09,93.323936
2025-06-10,93.534737
2025-06-11,93.850914
2025-06-12,94.195839
2025-06-13,93.860512
2025-06-16,93.668877
2025-06-17,93.956322
2025-06-18,94.023392
2025-06-20,94.109619
2025-06-23,94.301247
2025-06-24,94.684502
2025-06-25,94.674934
2025-06-26,94.933632
2025-06-27,94.665359
2025-06-30,95.048622
2025-07-01,94.961128
2025-07-02,94.845787
2025-07-03,94.653549
2025-07-07,94.317108
2025-07-08,94.278671
2025-07-09,94.672775
2025-07-10,94.643929
2025-07-11,94.249832
2025-07-14,94.240196
2025-07-15,93.961449
2025-07-16,94.096024
2025-07-17,94.134468
2025-07-18,94.30748
2025-07-21,94.567024
2025-07-22,94.749664
2025-07-23,94.538177
2025-07-24,94.480537
2025-07-25,94.634308
2025-07-28,94.509354
2025-07-29,95.018822
2025-07-30,94.749664
2025-07-31,94.797737
2025-08-01,95.617531
2025-08-04,95.694695
2025-08-05,95.723618
2025-08-06,95.685028
2025-08-07,95.607887
2025-08-08,95.424637
2025-08-11,95.492149
2025-08-12,95.492149
2025-08-13,95.839355
2025-08-14,95.569298
2025-08-15,95.424637
2025-08-18,95.318542
2025-08-19,95.501778
2025-08-20,95.559662
2025-08-21,95.337845
2025-08-22,95.868294
2025-08-25,95.723618
2025-08-26,95.839355
2025-08-27,95.935799
2025-08-28,96.051544
2025-08-29,95.926163
2025-09-02,95.671669
2025-09-03,96.020027
2025-09-04,96.407074
2025-09-05,96.86187
2025-09-08,97.19088
2025-09-09,96.997345
2025-09-10,97.19088
2025-09-11,97.374733
2025-09-12,97.287643
2025-09-15,97.452148
2025-09-16,97.49086
2025-09-17,97.316689
2025-09-18,97.045731
2025-09-19,97.045731
2025-09-22,96.929619
2025-09-23,97.084442
2025-09-24,96.900581
2025-09-25,96.765121
2025-09-26,96.832848
2025-09-29,97.016701
2025-09-30,97.007034
2025-10-01,97.254585
2025-10-02,97.361366
2025-10-03,97.254585
2025-10-06,97.041
2025-10-07,97.206024
2025-10-08,97.215744
2025-10-09,97.099243
2025-10-10,97.497284
2025-10-13,97.68174
2025-10-14,97.837059
2025-10-15,97.798225
2025-10-16,98.147713
2025-10-17,98.011803
2025-10-20,98.176834
2025-10-21,98.273918
2025-10-22,98.264214
2025-10-23,98.089462
2025-10-24,98.186554
2025-10-27,98.254501
2025-10-28,98.312744
2025-10-29,97.846764
2025-10-30,97.662315
2025-10-31,97.604065
2025-11-03,97.484268
2025-11-04,97.532967
2025-11-05,97.270004
2025-11-06,97.630363
2025-11-07,97.591408
2025-11-10,97.552444
2025-11-11,97.844635
2025-11-12,97.805679
2025-11-13,97.513496
2025-11-14,97.396614
2025-11-17,97.416084
2025-11-18,97.474525
2025-11-19,97.474525
2025-11-20,97.591408
2025-11-21,97.825157
2025-11-24,98.019936
2025-11-25,98.175789
2025-11-26,98.331619
2025-11-28,98.195267
2025-12-01,97.771194
2025-12-02,97.898216
2025-12-03,98.08387
2025-12-04,97.849365
2025-12-05,97.741882
2025-12-08,97.585548
2025-12-09,97.497604
2025-12-10,97.810265
2025-12-11,97.829826
2025-12-12,97.526909
2025-12-15,97.624619
2025-12-16,97.810265
2025-12-17,97.78096
2025-12-18,98.025246
2025-12-19,97.882103
2025-12-22,97.842888
2025-12-23,97.842888
2025-12-24,98.058571
2025-12-26,98.078178
2025-12-29,98.195839
2025-12-30,98.156624
2025-12-31,97.921326
2026-01-02,97.891914
2026-01-05,98.078178
2026-01-06,98.058571
2026-01-07,98.156624
2026-01-08,97.980156
2026-01-09,98.195839
2026-01-12,98.146812
2026-01-13,98.235054
2026-01-14,98.382103
2026-01-15,98.254646
2026-01-16,98.087997
2026-01-20,97.715446
2026-01-21,98.038971
2026-01-22,98.058571
2026-01-23,98.146812
2026-01-26,98.293869
2026-01-27,98.225243
2026-01-28,98.186035
2026-01-29,98.186035
2026-01-30,98.166412
2026-02-02,98.053307
2026-02-03,98.063141
2026-02-04,98.004128
2026-02-05,98.427063
2026-02-06,98.486076
2026-02-09,98.515594
2026-02-10,98.800827
2026-02-11,98.5746
2026-02-12,99.017212
2026-02-13,99.331955
2026-02-17,99.341797
2026-02-18,99.204102
2026-02-19,99.223763
2026-02-20,99.243431
2026-02-23,99.440155
2026-02-24,99.430321
2026-02-25,99.381142
2026-02-26,99.538513
2026-02-27,99.735237
2026-03-02,99.336624
2026-03-03,99.228088
2026-03-04,99.188622
2026-03-05,98.902496
2026-03-06,98.784103
2026-03-09,99.099831
2026-03-10,98.774231
2026-03-11,98.330231
2026-03-12,97.965172
2026-03-13,97.886238
2026-03-16,98.271027
2026-03-17,98.468361
2026-03-18,98.053963
2026-03-19,98.162498
2026-03-20,97.343582
2026-03-23,97.708641
2026-03-24,97.442245
2026-03-25,97.787567
2026-03-26,97.235046
2026-03-27,97.225182
2026-03-30,97.718506
2026-03-31,97.945427
2026-04-01,98.011765
2026-04-02,98.239471
2026-04-06,98.061272
2026-04-07,98.180069
2026-04-08,98.437477
2026-04-09,98.496872
2026-04-10,98.328575
2026-04-13,98.526573
2026-04-14,98.783981
2026-04-15,98.62558
2026-04-16,98.486977
2026-04-17,98.853279
2026-04-20,98.843384
2026-04-21,98.477081
2026-04-22,98.615685
2026-04-23,98.457268
2026-04-24,98.595871
2026-04-27,98.44738
2026-04-28,98.407776
2026-04-29,97.972168
2026-04-30,98.110764
2026-05-01,98.239906
2026-05-04,97.931969
2026-05-05,98.110771
2026-05-06,98.527969
2026-05-07,98.289566
2026-05-08,98.518036
2026-05-11,98.259766
2026-05-12,97.971703
2026-05-13,98.011436
2026-05-14,97.981644
2026-05-15,97.365768
2026-05-18,97.35585
2026-05-19,96.978378
2026-05-20,97.564445
2026-05-21,97.68364
2026-05-22,97.782974
2026-05-26,98.061111
2026-05-27,98.140579
2026-05-28,98.339233
2026-05-29,98.398834
2026-06-01,98.350006
2026-06-02,98.379898
2026-06-03,98.170601
2026-06-04,98.33007
2026-06-05,97.841705
2026-06-08,97.841705
2026-06-09,98.041039
2026-06-10,97.981239
2026-06-11,98.549332
2026-06-12,98.429733
2026-06-15,98.519432
2026-06-16,98.63903
2026-06-17,98.280235
2026-06-18,98.569267
2026-06-22,98.300163
2026-06-23,98.379898
2026-06-24,98.858299
2026-06-25,98.918098
2026-06-26,99.00779
2026-06-29,99.037697
2026-06-30,98.649002
2026-07-01,98.5
2026-07-02,98.610001
2026-07-06,98.660004
2026-07-07,98.209999
2026-07-08,98.040001
2026-07-09,98.18
2026-07-10,98.080002
2026-07-13,97.709999
2026-07-14,98.0
2026-07-15,98.139999
2026-07-16,98.129997
2026-07-17,98.199997
2026-07-20,97.949997
2026-07-21,97.764999
