date,adj_close
2003-04-14,7.199283
2003-04-15,7.284818
2003-04-16,7.368929
2003-04-17,7.421676
2003-04-21,7.418826
2003-04-22,7.443776
2003-04-23,7.478703
2003-04-24,7.331151
2003-04-25,7.209975
2003-04-28,7.329013
2003-04-29,7.537864
2003-04-30,7.516482
2003-05-01,7.487254
2003-05-02,7.602015
2003-05-05,7.68399
2003-05-06,7.72319
2003-05-07,7.708936
2003-05-08,7.641217
2003-05-09,7.731032
2003-05-12,7.838666
2003-05-13,7.794469
2003-05-14,7.755268
2003-05-15,7.770948
2003-05-16,7.776655
2003-05-19,7.591323
2003-05-20,7.629104
2003-05-21,7.635519
2003-05-22,7.70466
2003-05-23,7.783779
2003-05-27,8.062487
2003-05-28,8.097409
2003-05-29,8.108106
2003-05-30,8.202195
2003-06-02,8.261356
2003-06-03,8.19863
2003-06-04,8.304122
2003-06-05,8.31268
2003-06-06,8.390371
2003-06-09,8.318381
2003-06-10,8.403915
2003-06-11,8.411044
2003-06-12,8.474482
2003-06-13,8.471631
2003-06-16,8.562872
2003-06-17,8.738932
2003-06-18,8.706856
2003-06-19,8.706856
2003-06-20,8.706856
2003-06-23,8.493017
2003-06-24,8.430289
2003-06-25,8.500144
2003-06-26,8.592098
2003-06-27,8.552178
2003-06-30,8.546475
2003-07-01,8.63914
2003-07-02,8.842289
2003-07-03,8.867234
2003-07-07,9.086778
2003-07-08,9.112439
2003-07-09,9.091058
2003-07-10,8.931387
2003-07-11,9.006231
2003-07-14,9.164477
2003-07-15,9.048999
2003-07-16,9.056129
2003-07-17,8.819479
2003-07-18,8.937094
2003-07-21,8.818766
2003-07-22,8.924259
2003-07-23,8.867234
2003-07-24,8.910005
2003-07-25,9.056129
2003-07-28,9.106026
2003-07-29,9.054704
2003-07-30,8.98841
2003-07-31,9.03118
2003-08-01,9.051137
2003-08-04,9.011221
2003-08-05,8.91428
2003-08-06,8.874364
2003-08-07,8.93923
2003-08-08,8.999105
2003-08-11,9.038307
2003-08-12,9.073949
2003-08-13,9.202251
2003-08-14,9.323427
2003-08-15,9.230762
2003-08-18,9.427497
2003-08-19,9.473829
2003-08-20,9.475257
2003-08-21,9.649178
2003-08-22,9.698359
2003-08-25,9.622805
2003-08-26,9.50519
2003-08-27,9.615676
2003-08-28,9.682678
2003-08-29,9.752531
2003-09-02,9.897236
2003-09-03,9.975639
2003-09-04,10.011283
2003-09-05,10.002016
2003-09-08,10.191622
2003-09-09,10.014844
2003-09-10,9.848046
2003-09-11,9.836645
2003-09-12,9.906496
2003-09-15,9.760372
2003-09-16,9.961384
2003-09-17,9.918618
2003-09-18,10.032664
2003-09-19,9.986333
2003-09-22,9.823103
2003-09-23,9.847336
2003-09-24,9.865156
2003-09-25,9.719031
2003-09-26,9.651314
2003-09-29,9.719743
2003-09-30,9.689094
2003-10-01,9.943564
2003-10-02,10.086126
2003-10-03,10.185916
2003-10-06,10.22512
2003-10-07,10.214428
2003-10-08,10.2907
2003-10-09,10.463908
2003-10-10,10.592212
2003-10-13,10.752593
2003-10-14,10.547305
2003-10-15,10.674898
2003-10-16,10.672051
2003-10-17,10.607182
2003-10-20,10.666343
2003-10-21,10.719802
2003-10-22,10.562273
2003-10-23,10.406881
2003-10-24,10.351999
2003-10-27,10.471034
2003-10-28,10.614309
2003-10-29,10.702696
2003-10-30,10.664204
2003-10-31,10.57867
2003-11-03,10.831002
2003-11-04,10.860937
2003-11-05,10.875195
2003-11-06,10.797498
2003-11-07,10.808905
2003-11-10,10.659926
2003-11-11,10.523072
2003-11-12,10.710539
2003-11-13,10.793221
2003-11-14,10.738335
2003-11-17,10.528775
2003-11-18,10.549443
2003-11-19,10.481011
2003-11-20,10.345585
2003-11-21,10.435399
2003-11-24,10.548733
2003-11-25,10.585085
2003-11-26,10.682026
2003-11-28,10.777541
2003-12-01,11.086184
2003-12-02,11.037
2003-12-03,10.998508
2003-12-04,10.922955
2003-12-05,10.90228
2003-12-08,10.923664
2003-12-09,10.878044
2003-12-10,10.834563
2003-12-11,11.032012
2003-12-12,11.082619
2003-12-15,11.091175
2003-12-16,11.044841
2003-12-17,10.916537
2003-12-18,11.092599
2003-12-19,11.119683
2003-12-22,11.276697
2003-12-23,11.307485
2003-12-24,11.344004
2003-12-26,11.372643
2003-12-29,11.544474
2003-12-30,11.599606
2003-12-31,11.74585
2004-01-02,12.007379
2004-01-05,12.42869
2004-01-06,12.288252
2004-01-07,12.316914
2004-01-08,12.363485
2004-01-09,12.341268
2004-01-12,12.330524
2004-01-13,12.260305
2004-01-14,12.279653
2004-01-15,12.028872
2004-01-16,12.080461
2004-01-20,12.431551
2004-01-21,12.448034
2004-01-22,12.416507
2004-01-23,12.395728
2004-01-26,12.478125
2004-01-27,12.415071
2004-01-28,12.23953
2004-01-29,12.046784
2004-01-30,12.030307
2004-02-02,12.03317
2004-02-03,11.965817
2004-02-04,11.858338
2004-02-05,11.854757
2004-02-06,12.124888
2004-02-09,12.299714
2004-02-10,12.288969
2004-02-11,12.47956
2004-02-12,12.473111
2004-02-13,12.481711
2004-02-17,12.732492
2004-02-18,12.559097
2004-02-19,12.449463
2004-02-20,12.309749
2004-02-23,12.20227
2004-02-24,12.137781
2004-02-25,12.270336
2004-02-26,12.331244
2004-02-27,12.506074
2004-03-01,12.791242
2004-03-02,12.689502
2004-03-03,12.610682
2004-03-04,12.696667
2004-03-05,12.743236
2004-03-08,12.621429
2004-03-09,12.539034
2004-03-10,12.252427
2004-03-11,11.987312
2004-03-12,12.087624
2004-03-15,11.861924
2004-03-16,12.008808
2004-03-17,12.17361
2004-03-18,12.245262
2004-03-19,12.084044
2004-03-22,11.890586
2004-03-23,12.010242
2004-03-24,12.019557
2004-03-25,12.137065
2004-03-26,12.114856
2004-03-29,12.270336
2004-03-30,12.420809
2004-03-31,12.574858
2004-04-01,12.677322
2004-04-02,12.804142
2004-04-05,12.893703
2004-04-06,12.965361
2004-04-07,12.918787
2004-04-08,12.929531
2004-04-12,13.029128
2004-04-13,12.877225
2004-04-14,12.687352
2004-04-15,12.582023
2004-04-16,12.675168
2004-04-19,12.696667
2004-04-20,12.585602
2004-04-21,12.492459
2004-04-22,12.488876
2004-04-23,12.582023
2004-04-26,12.402894
2004-04-27,12.336975
2004-04-28,11.983733
2004-04-29,11.588931
2004-04-30,11.342449
2004-05-03,11.456375
2004-05-04,11.680644
2004-05-05,11.709307
2004-05-06,11.466408
2004-05-07,11.208462
2004-05-10,10.667488
2004-05-11,10.984191
2004-05-12,10.987773
2004-05-13,10.959113
2004-05-14,10.670359
2004-05-17,10.243315
2004-05-18,10.547832
2004-05-19,10.839454
2004-05-20,10.772819
2004-05-21,10.949802
2004-05-24,11.120332
2004-05-25,11.365378
2004-05-26,11.320954
2004-05-27,11.500082
2004-05-28,11.475003
2004-06-01,11.39547
2004-06-02,11.39547
2004-06-03,11.142545
2004-06-04,11.306622
2004-06-07,11.697126
2004-06-08,11.534477
2004-06-09,11.273662
2004-06-10,11.286559
2004-06-14,10.851635
2004-06-15,11.061572
2004-06-16,10.913255
2004-06-17,10.967712
2004-06-18,10.905376
2004-06-21,10.955529
2004-06-22,11.071606
2004-06-23,11.268647
2004-06-24,11.313788
2004-06-25,11.428431
2004-06-28,11.330987
2004-06-29,11.417684
2004-06-30,11.58105
2004-07-01,11.436313
2004-07-02,11.435596
2004-07-06,11.31307
2004-07-07,11.460674
2004-07-08,11.297309
2004-07-09,11.357497
2004-07-12,11.328119
2004-07-13,11.379707
2004-07-14,11.270799
2004-07-15,11.212045
2004-07-16,11.335286
2004-07-19,11.318092
2004-07-20,11.366095
2004-07-21,11.234972
2004-07-22,11.234972
2004-07-23,11.041511
2004-07-26,10.939051
2004-07-27,11.147556
2004-07-28,11.143974
2004-07-29,11.213475
2004-07-30,11.159734
2004-08-02,11.10385
2004-08-03,11.116745
2004-08-04,11.127494
2004-08-05,11.055842
2004-08-06,10.975595
2004-08-09,11.067306
2004-08-10,11.191981
2004-08-11,11.088085
2004-08-12,10.96413
2004-08-13,10.981323
2004-08-16,11.131075
2004-08-17,11.205594
2004-08-18,11.338149
2004-08-19,11.35033
2004-08-20,11.406937
2004-08-23,11.468559
2004-08-24,11.435596
2004-08-25,11.571732
2004-08-26,11.587498
2004-08-27,11.566002
2004-08-30,11.503665
2004-08-31,11.553822
2004-09-01,11.649117
2004-09-02,11.793856
2004-09-03,11.668465
2004-09-07,11.758031
2004-09-08,11.750865
2004-09-09,11.786691
2004-09-10,11.898464
2004-09-13,12.007379
2004-09-14,12.003078
2004-09-15,11.950054
2004-09-16,12.099809
2004-09-17,12.180774
2004-09-20,12.192951
2004-09-21,12.320497
2004-09-22,12.134199
2004-09-23,12.187938
2004-09-24,12.153545
2004-09-27,12.081174
2004-09-28,12.230932
2004-09-29,12.295415
2004-09-30,12.359906
2004-10-01,12.596351
2004-10-04,12.81131
2004-10-05,12.716726
2004-10-06,12.863612
2004-10-07,12.753984
2004-10-08,12.660841
2004-10-11,12.72676
2004-10-12,12.526134
2004-10-13,12.35632
2004-10-14,12.187938
2004-10-15,12.350583
2004-10-18,12.481711
2004-10-19,12.421526
2004-10-20,12.34342
2004-10-21,12.521118
2004-10-22,12.431551
2004-10-25,12.465235
2004-10-26,12.510373
2004-10-27,12.725325
2004-10-28,12.662272
2004-10-29,12.711712
2004-11-01,12.806295
2004-11-02,12.835667
2004-11-03,13.022678
2004-11-04,13.21972
2004-11-05,13.269877
2004-11-08,13.120127
2004-11-09,13.204678
2004-11-10,13.21972
2004-11-11,13.370193
2004-11-12,13.595893
2004-11-15,13.608788
2004-11-16,13.453303
2004-11-17,13.757106
2004-11-18,13.782182
2004-11-19,13.585147
2004-11-22,13.638166
2004-11-23,13.661812
2004-11-24,13.807267
2004-11-26,14.03655
2004-11-29,13.950568
2004-11-30,13.976362
2004-12-01,14.08312
2004-12-02,14.062344
2004-12-03,14.126115
2004-12-06,14.106049
2004-12-07,13.889662
2004-12-08,13.81658
2004-12-09,13.591595
2004-12-10,13.57798
2004-12-13,13.784338
2004-12-14,13.911161
2004-12-15,14.103902
2004-12-16,14.032968
2004-12-17,14.000722
2004-12-20,14.183436
2004-12-21,14.319571
2004-12-22,14.315989
2004-12-23,14.413393
2004-12-27,14.402514
2004-12-28,14.477217
2004-12-29,14.557004
2004-12-30,14.520009
2004-12-31,14.639684
2005-01-03,14.487374
2005-01-04,14.041326
2005-01-05,13.869439
2005-01-06,13.860012
2005-01-07,13.886847
2005-01-10,13.904252
2005-01-11,13.878142
2005-01-12,14.048585
2005-01-13,13.990557
2005-01-14,14.24078
2005-01-18,14.215393
2005-01-19,14.019573
2005-01-20,13.845511
2005-01-21,14.034077
2005-01-24,14.012321
2005-01-25,14.139245
2005-01-26,14.345948
2005-01-27,14.359724
2005-01-28,14.372779
2005-01-31,14.562078
2005-02-01,14.686829
2005-02-02,14.733243
2005-02-03,14.718019
2005-02-04,14.947924
2005-02-07,14.995065
2005-02-08,15.024079
2005-02-09,14.975482
2005-02-10,15.048009
2005-02-11,15.194513
2005-02-14,15.303311
2005-02-15,15.339574
2005-02-16,15.29243
2005-02-17,15.267048
2005-02-18,15.454893
2005-02-22,15.398317
2005-02-23,15.469403
2005-02-24,15.709462
2005-02-25,15.998851
2005-02-28,15.972014
2005-03-01,16.016985
2005-03-02,15.752977
2005-03-03,15.796495
2005-03-04,15.985065
2005-03-07,16.090235
2005-03-08,15.967662
2005-03-09,15.876269
2005-03-10,15.723967
2005-03-11,15.635489
2005-03-14,15.515816
2005-03-15,15.129247
2005-03-16,15.000869
2005-03-17,15.274296
2005-03-18,15.205391
2005-03-21,14.985641
2005-03-22,14.70858
2005-03-23,14.522186
2005-03-24,14.506231
2005-03-28,14.606319
2005-03-29,14.228449
2005-03-30,14.552644
2005-03-31,14.70858
2005-04-01,14.79562
2005-04-04,14.828249
2005-04-05,14.824626
2005-04-06,15.027706
2005-04-07,15.179284
2005-04-08,15.107484
2005-04-11,14.962429
2005-04-12,15.151
2005-04-13,14.849288
2005-04-14,14.469246
2005-04-15,14.164629
2005-04-18,14.332168
2005-04-19,14.57223
2005-04-20,14.228449
2005-04-21,14.638231
2005-04-22,14.476496
2005-04-25,14.750646
2005-04-26,14.599792
2005-04-27,14.46779
2005-04-28,14.237155
2005-04-29,14.525089
2005-05-02,14.621551
2005-05-03,14.607768
2005-05-04,15.005946
2005-05-05,15.085007
2005-05-06,15.125615
2005-05-09,15.139394
2005-05-10,14.799243
2005-05-11,14.868144
2005-05-12,14.614299
2005-05-13,14.464164
2005-05-16,14.636058
2005-05-17,14.639684
2005-05-18,14.931241
2005-05-19,14.985641
2005-05-20,14.947924
2005-05-23,14.997245
2005-05-24,14.953728
2005-05-25,14.846386
2005-05-26,15.013199
2005-05-27,15.114738
2005-05-31,14.984184
2005-06-01,15.16116
2005-06-02,15.27647
2005-06-03,15.197415
2005-06-06,15.350451
2005-06-07,15.274296
2005-06-08,15.216279
2005-06-09,15.296055
2005-06-10,15.339574
2005-06-13,15.400498
2005-06-14,15.463597
2005-06-15,15.578911
2005-06-16,15.718169
2005-06-17,15.907464
2005-06-20,15.763865
2005-06-21,15.687702
2005-06-22,15.835655
2005-06-23,15.557154
2005-06-24,15.502764
2005-06-27,15.600668
2005-06-28,15.718169
2005-06-29,15.62678
2005-06-30,15.578911
2005-07-01,15.635489
2005-07-05,15.705113
2005-07-06,15.628954
2005-07-07,15.674649
2005-07-08,15.837831
2005-07-11,16.079355
2005-07-12,16.270826
2005-07-13,16.259951
2005-07-14,16.35351
2005-07-15,16.264301
2005-07-18,16.214252
2005-07-19,16.399199
2005-07-20,16.401375
2005-07-21,16.57979
2005-07-22,16.540627
2005-07-25,16.397026
2005-07-26,16.490585
2005-07-27,16.57979
2005-07-28,16.786501
2005-07-29,16.77562
2005-08-01,17.049768
2005-08-02,17.352209
2005-08-03,17.308699
2005-08-04,17.156387
2005-08-05,16.840893
2005-08-08,16.956207
2005-08-09,17.297815
2005-08-10,17.482763
2005-08-11,17.38485
2005-08-12,17.199911
2005-08-15,17.319576
2005-08-16,17.019312
2005-08-17,17.030188
2005-08-18,16.716869
2005-08-19,16.65159
2005-08-22,16.858299
2005-08-23,16.699461
2005-08-24,16.48188
2005-08-25,16.666826
2005-08-26,16.645065
2005-08-29,16.827835
2005-08-30,16.65159
2005-08-31,16.997551
2005-09-01,17.232542
2005-09-02,17.38485
2005-09-06,17.602427
2005-09-07,17.624189
2005-09-08,17.595903
2005-09-09,17.854824
2005-09-12,17.828712
2005-09-13,17.628542
2005-09-14,17.565445
2005-09-15,17.667704
2005-09-16,17.939686
2005-09-19,17.913576
2005-09-20,17.961445
2005-09-21,18.131151
2005-09-22,17.950565
2005-09-23,17.935333
2005-09-26,18.094166
2005-09-27,17.974495
2005-09-28,18.179026
2005-09-29,18.498871
2005-09-30,18.468409
2005-10-03,18.585901
2005-10-04,18.41184
2005-10-05,17.85265
2005-10-06,17.228191
2005-10-07,17.65465
2005-10-10,17.595903
2005-10-11,17.672054
2005-10-12,17.130274
2005-10-13,17.023661
2005-10-14,16.958391
2005-10-17,17.145512
2005-10-18,16.71034
2005-10-19,17.036718
2005-10-20,16.351332
2005-10-21,16.786501
2005-10-24,17.239063
2005-10-25,16.899643
2005-10-26,16.960562
2005-10-27,16.558035
2005-10-28,16.993202
2005-10-31,17.297815
2005-11-01,17.602427
2005-11-02,17.874407
2005-11-03,17.893993
2005-11-04,17.857008
2005-11-07,17.870062
2005-11-08,17.702518
2005-11-09,17.967966
2005-11-10,17.996252
2005-11-11,18.035418
2005-11-14,17.987553
2005-11-15,17.885286
2005-11-16,18.037596
2005-11-17,18.303051
2005-11-18,18.35309
2005-11-21,18.363962
2005-11-22,18.355267
2005-11-23,18.548914
2005-11-25,18.53586
2005-11-28,18.418365
2005-11-29,18.255178
2005-11-30,18.298691
2005-12-01,18.777378
2005-12-02,18.755619
2005-12-05,18.907925
2005-12-06,19.081991
2005-12-07,18.901398
2005-12-08,18.759974
2005-12-09,18.951443
2005-12-12,19.060238
2005-12-13,19.31045
2005-12-14,19.182085
2005-12-15,19.103748
2005-12-16,19.038481
2005-12-19,18.994961
2005-12-20,19.158152
2005-12-21,19.469294
2005-12-22,19.47364
2005-12-23,19.589804
2005-12-27,19.371996
2005-12-28,19.424801
2005-12-29,19.426998
2005-12-30,19.415995
2006-01-03,20.142038
2006-01-04,20.324642
2006-01-05,20.428047
2006-01-06,20.854874
2006-01-09,21.059483
2006-01-10,20.806475
2006-01-11,21.050686
2006-01-12,20.758068
2006-01-13,20.780067
2006-01-17,20.417046
2006-01-18,20.40605
2006-01-19,21.066086
2006-01-20,20.439049
2006-01-23,21.033081
2006-01-24,21.363094
2006-01-25,21.374098
2006-01-26,21.880125
2006-01-27,22.130938
2006-01-30,22.027536
2006-01-31,22.172737
2006-02-01,22.161743
2006-02-02,21.591906
2006-02-03,21.297096
2006-02-06,21.80312
2006-02-07,21.231087
2006-02-08,21.297096
2006-02-09,21.352097
2006-02-10,21.319098
2006-02-13,20.793264
2006-02-14,21.319098
2006-02-15,21.209089
2006-02-16,21.759117
2006-02-17,21.730515
2006-02-21,21.539104
2006-02-22,21.655716
2006-02-23,21.649113
2006-02-24,21.690914
2006-02-27,21.888929
2006-02-28,21.319098
2006-03-01,21.908728
2006-03-02,21.926331
2006-03-03,21.56111
2006-03-06,21.231087
2006-03-07,20.483055
2006-03-08,20.604057
2006-03-09,20.395048
2006-03-10,20.824066
2006-03-13,20.802069
2006-03-14,21.451099
2006-03-15,21.699718
2006-03-16,21.506105
2006-03-17,21.657919
2006-03-20,21.781122
2006-03-21,21.341095
2006-03-22,21.576515
2006-03-23,21.376299
2006-03-24,21.56111
2006-03-27,21.693113
2006-03-28,21.297096
2006-03-29,21.704111
2006-03-30,21.814123
2006-03-31,21.781122
2006-04-03,22.39715
2006-04-04,22.529154
2006-04-05,22.76017
2006-04-06,22.643559
2006-04-07,22.298149
2006-04-10,22.221149
2006-04-11,22.031933
2006-04-12,22.159538
2006-04-13,22.265139
2006-04-17,22.529154
2006-04-18,23.277195
2006-04-19,23.420208
2006-04-20,23.336599
2006-04-21,23.519211
2006-04-24,23.211197
2006-04-25,22.892178
2006-04-26,23.343201
2006-04-27,22.97578
2006-04-28,23.200195
2006-05-01,23.193594
2006-05-02,23.602814
2006-05-03,23.629213
2006-05-04,23.860229
2006-05-05,24.245256
2006-05-08,24.421251
2006-05-09,24.443253
2006-05-10,24.179247
2006-05-11,23.563213
2006-05-12,22.947178
2006-05-15,22.39715
2006-05-16,22.50935
2006-05-17,21.737122
2006-05-18,21.319098
2006-05-19,21.778921
2006-05-22,20.753662
2006-05-23,20.527054
2006-05-24,20.384054
2006-05-25,21.250891
2006-05-26,21.187094
2006-05-30,20.274042
2006-05-31,20.615057
2006-06-01,21.037483
2006-06-02,21.253088
2006-06-05,20.351042
2006-06-06,20.201435
2006-06-07,19.757015
2006-06-08,19.404999
2006-06-09,19.151991
2006-06-12,18.439148
2006-06-13,18.02993
2006-06-14,18.546953
2006-06-15,19.627216
2006-06-16,19.515001
2006-06-19,18.788969
2006-06-20,19.019978
2006-06-21,19.636007
2006-06-22,19.283989
2006-06-23,19.250992
2006-06-26,19.250992
2006-06-27,18.887968
2006-06-28,19.479799
2006-06-29,20.637064
2006-06-30,20.659056
2006-07-03,21.116684
2006-07-05,20.461052
2006-07-06,20.879072
2006-07-07,20.483055
2006-07-10,20.64806
2006-07-11,20.747065
2006-07-12,20.28504
2006-07-13,19.481998
2006-07-14,19.581005
2006-07-17,19.272989
2006-07-18,19.541407
2006-07-19,20.747065
2006-07-20,20.150833
2006-07-21,19.759216
2006-07-24,20.64806
2006-07-25,20.703064
2006-07-26,20.615057
2006-07-27,20.89888
2006-07-28,21.347694
2006-07-31,21.143085
2006-08-01,20.802069
2006-08-02,21.077085
2006-08-03,21.055082
2006-08-04,21.099083
2006-08-07,20.967075
2006-08-08,20.967075
2006-08-09,21.04628
2006-08-10,21.2619
2006-08-11,21.004484
2006-08-14,21.088087
2006-08-15,21.60511
2006-08-16,21.81632
2006-08-17,21.847126
2006-08-18,21.640318
2006-08-21,21.528105
2006-08-22,21.521505
2006-08-23,21.132086
2006-08-24,21.07489
2006-08-25,21.134285
2006-08-28,21.374098
2006-08-29,21.446707
2006-08-30,21.539104
2006-08-31,21.477507
2006-09-01,21.717314
2006-09-05,21.836126
2006-09-06,21.209089
2006-09-07,20.967075
2006-09-08,21.138687
2006-09-11,20.683262
2006-09-12,21.037483
2006-09-13,21.352097
2006-09-14,21.176085
2006-09-15,21.301491
2006-09-18,21.541307
2006-09-19,21.209089
2006-09-20,21.644714
2006-09-21,21.116684
2006-09-22,20.848272
2006-09-25,21.090286
2006-09-26,21.338894
2006-09-27,21.290491
2006-09-28,21.462105
2006-09-29,21.290491
2006-10-02,21.255287
2006-10-03,20.967075
2006-10-04,21.528105
2006-10-05,21.814123
2006-10-06,21.759117
2006-10-09,21.677713
2006-10-10,21.873522
2006-10-11,21.756916
2006-10-12,22.287144
2006-10-13,22.419155
2006-10-16,22.480761
2006-10-17,22.18594
2006-10-18,22.403749
2006-10-19,22.502754
2006-10-20,22.39715
2006-10-23,22.377352
2006-10-24,22.504959
2006-10-25,22.766773
2006-10-26,22.821772
2006-10-27,22.441153
2006-10-30,22.364149
2006-10-31,22.793167
2006-11-01,22.56436
2006-11-02,22.634762
2006-11-03,22.705164
2006-11-06,23.24419
2006-11-07,23.145185
2006-11-08,23.204592
2006-11-09,23.2838
2006-11-10,23.316797
2006-11-13,23.396004
2006-11-14,23.761219
2006-11-15,23.805227
2006-11-16,23.565414
2006-11-17,23.539011
2006-11-20,23.446608
2006-11-21,23.820627
2006-11-22,23.987831
2006-11-24,23.983427
2006-11-27,23.530207
2006-11-28,23.666618
2006-11-29,24.049446
2006-11-30,24.157238
2006-12-01,24.058243
2006-12-04,24.559864
2006-12-05,24.988888
2006-12-06,24.817274
2006-12-07,24.729271
2006-12-08,24.619263
2006-12-11,24.630266
2006-12-12,24.333252
2006-12-13,24.465254
2006-12-14,24.883282
2006-12-15,24.99329
2006-12-18,24.819475
2006-12-19,24.663263
2006-12-20,24.936172
2006-12-21,24.89155
2006-12-22,24.980803
2006-12-26,25.21287
2006-12-27,25.572132
2006-12-28,25.523024
2006-12-29,25.476168
2007-01-03,25.692623
2007-01-04,25.337824
2007-01-05,24.596992
2007-01-08,24.775509
2007-01-09,24.222105
2007-01-10,24.16633
2007-01-11,24.47204
2007-01-12,24.969641
2007-01-16,25.058903
2007-01-17,24.954025
2007-01-18,24.690718
2007-01-19,25.134764
2007-01-22,25.105755
2007-01-23,25.67701
2007-01-24,25.900141
2007-01-25,25.103529
2007-01-26,25.2575
2007-01-29,24.922783
2007-01-30,25.308826
2007-01-31,25.505182
2007-02-01,25.817579
2007-02-02,25.739485
2007-02-05,25.764027
2007-02-06,26.01841
2007-02-07,25.918003
2007-02-08,25.77965
2007-02-09,25.471714
2007-02-12,25.29767
2007-02-13,25.699312
2007-02-14,26.25271
2007-02-15,26.268335
2007-02-16,26.328588
2007-02-20,26.397758
2007-02-21,26.475855
2007-02-22,26.408909
2007-02-23,26.219244
2007-02-26,26.208086
2007-02-27,24.077074
2007-02-28,24.67956
2007-03-01,24.324759
2007-03-02,24.099386
2007-03-05,23.481287
2007-03-06,24.512197
2007-03-07,24.362696
2007-03-08,24.991951
2007-03-09,25.036583
2007-03-12,25.159309
2007-03-13,24.427406
2007-03-14,24.628242
2007-03-15,24.829062
2007-03-16,24.617077
2007-03-19,25.157085
2007-03-20,25.322201
2007-03-21,26.080891
2007-03-22,25.96932
2007-03-23,26.089811
2007-03-26,26.0742
2007-03-27,25.958162
2007-03-28,25.494024
2007-03-29,26.000559
2007-03-30,25.996094
2007-04-02,26.174612
2007-04-03,26.603041
2007-04-04,26.770401
2007-04-05,26.794954
2007-04-09,26.948917
2007-04-10,27.076101
2007-04-11,26.826189
2007-04-12,27.274704
2007-04-13,27.408581
2007-04-16,27.734377
2007-04-17,27.584866
2007-04-18,27.37958
2007-04-19,27.158669
2007-04-20,27.482229
2007-04-23,27.372889
2007-04-24,27.368429
2007-04-25,27.707603
2007-04-26,27.633957
2007-04-27,27.495617
2007-04-30,26.964537
2007-05-01,27.071644
2007-05-02,27.609413
2007-05-03,27.841482
2007-05-04,27.83256
2007-05-07,28.013298
2007-05-08,27.649578
2007-05-09,28.095873
2007-05-10,27.408581
2007-05-11,28.104792
2007-05-14,27.825865
2007-05-15,27.859348
2007-05-16,28.263224
2007-05-17,28.160576
2007-05-18,28.305614
2007-05-21,28.356949
2007-05-22,28.361414
2007-05-23,28.316778
2007-05-24,27.636192
2007-05-25,28.060158
2007-05-29,27.964218
2007-05-30,28.249838
2007-05-31,28.33017
2007-06-01,29.037531
2007-06-04,28.908106
2007-06-05,28.807692
2007-06-06,28.082474
2007-06-07,27.649578
2007-06-08,28.138264
2007-06-11,28.379259
2007-06-12,27.886114
2007-06-13,28.44397
2007-06-14,28.890249
2007-06-15,29.548519
2007-06-18,29.575304
2007-06-19,29.608774
2007-06-20,29.356627
2007-06-21,29.72258
2007-06-22,29.329844
2007-06-25,29.106705
2007-06-26,28.852335
2007-06-27,29.262909
2007-06-28,29.26959
2007-06-29,29.372242
2007-07-02,29.968035
2007-07-03,30.206797
2007-07-05,30.340687
2007-07-06,30.860609
2007-07-09,31.159605
2007-07-10,30.545979
2007-07-11,30.79813
2007-07-12,31.474243
2007-07-13,31.864746
2007-07-16,31.552345
2007-07-17,31.5278
2007-07-18,31.141758
2007-07-19,31.451935
2007-07-20,31.235479
2007-07-23,32.139202
2007-07-24,31.039125
2007-07-25,31.217634
2007-07-26,29.626625
2007-07-27,29.242811
2007-07-30,30.200106
2007-07-31,29.581999
2007-08-01,29.465961
2007-08-02,29.791744
2007-08-03,28.506449
2007-08-06,29.015223
2007-08-07,29.231674
2007-08-08,30.213491
2007-08-09,28.96389
2007-08-10,28.461826
2007-08-13,28.742979
2007-08-14,27.999912
2007-08-15,26.899828
2007-08-16,26.442383
2007-08-17,27.279161
2007-08-20,27.334953
2007-08-21,27.234539
2007-08-22,28.406029
2007-08-23,28.551081
2007-08-24,29.231674
2007-08-27,29.365549
2007-08-28,28.171732
2007-08-29,29.287449
2007-08-30,29.137947
2007-08-31,29.889925
2007-09-04,30.394238
2007-09-05,29.934566
2007-09-06,30.168858
2007-09-07,29.488272
2007-09-10,29.510588
2007-09-11,30.106377
2007-09-12,30.213491
2007-09-13,30.548199
2007-09-14,30.608437
2007-09-17,30.41432
2007-09-18,31.887053
2007-09-19,32.032104
2007-09-20,31.931688
2007-09-21,32.355663
2007-09-24,32.757313
2007-09-25,32.634602
2007-09-26,33.06971
2007-09-27,33.560616
2007-09-28,33.348644
2007-10-01,34.397408
2007-10-02,34.631702
2007-10-03,33.582943
2007-10-04,33.917667
2007-10-05,35.048992
2007-10-08,34.67635
2007-10-09,35.216347
2007-10-10,35.26321
2007-10-11,34.953033
2007-10-12,35.591217
2007-10-15,35.156097
2007-10-16,34.504517
2007-10-17,35.301144
2007-10-18,35.479652
2007-10-19,33.96228
2007-10-22,34.207752
2007-10-23,35.156097
2007-10-24,34.926266
2007-10-25,35.370304
2007-10-26,36.372231
2007-10-29,37.209
2007-10-30,36.506107
2007-10-31,37.307182
2007-11-01,35.80098
2007-11-02,36.00404
2007-11-05,34.752201
2007-11-06,36.07098
2007-11-07,34.921806
2007-11-08,35.100315
2007-11-09,34.274677
2007-11-12,32.377983
2007-11-13,34.665184
2007-11-14,34.698654
2007-11-15,33.899799
2007-11-16,34.319321
2007-11-19,32.737232
2007-11-20,33.636501
2007-11-21,31.942844
2007-11-23,32.886738
2007-11-26,31.581348
2007-11-27,32.790783
2007-11-28,34.587078
2007-11-29,34.163101
2007-11-30,34.453201
2007-12-03,34.154194
2007-12-04,34.06493
2007-12-05,35.577824
2007-12-06,36.137928
2007-12-07,35.709496
2007-12-10,35.720646
2007-12-11,34.207752
2007-12-12,35.234203
2007-12-13,34.265762
2007-12-14,33.449047
2007-12-17,32.023167
2007-12-18,32.902367
2007-12-19,33.116585
2007-12-20,33.297318
2007-12-21,34.301456
2007-12-24,34.881615
2007-12-26,35.062412
2007-12-27,34.253315
2007-12-28,34.382149
2007-12-31,33.968555
2008-01-02,33.408073
2008-01-03,33.708641
2008-01-04,32.696148
2008-01-07,32.935719
2008-01-08,32.680325
2008-01-09,33.751591
2008-01-10,34.149361
2008-01-11,33.188831
2008-01-14,33.677002
2008-01-15,32.15374
2008-01-16,30.815783
2008-01-17,29.918545
2008-01-18,30.601076
2008-01-22,29.832672
2008-01-23,30.022507
2008-01-24,30.605593
2008-01-25,30.140036
2008-01-28,30.885849
2008-01-29,30.734425
2008-01-30,30.329882
2008-01-31,30.937828
2008-02-01,31.554813
2008-02-04,31.652
2008-02-05,29.94792
2008-02-06,29.4575
2008-02-07,29.956955
2008-02-08,29.900454
2008-02-11,30.271114
2008-02-12,30.759279
2008-02-13,31.45085
2008-02-14,31.04631
2008-02-15,31.267796
2008-02-19,31.676859
2008-02-20,31.94129
2008-02-21,31.493797
2008-02-22,31.916431
2008-02-25,32.51083
2008-02-26,32.940228
2008-02-27,33.218216
2008-02-28,32.861115
2008-02-29,31.554813
2008-03-03,31.72658
2008-03-04,30.989803
2008-03-05,31.640703
2008-03-06,30.555872
2008-03-07,30.133251
2008-03-10,29.604395
2008-03-11,31.595503
2008-03-12,31.010143
2008-03-13,30.727646
2008-03-14,29.638292
2008-03-17,28.906036
2008-03-18,30.408966
2008-03-19,28.582859
2008-03-20,29.06424
2008-03-24,30.17845
2008-03-25,30.641773
2008-03-26,30.39316
2008-03-27,30.246264
2008-03-28,30.192013
2008-03-31,30.37056
2008-04-01,31.536745
2008-04-02,31.559334
2008-04-03,31.943554
2008-04-04,31.81472
2008-04-07,32.23735
2008-04-08,32.061069
2008-04-09,31.561596
2008-04-10,32.013611
2008-04-11,31.491543
2008-04-14,31.416964
2008-04-15,31.785347
2008-04-16,32.725529
2008-04-17,32.48822
2008-04-18,32.978653
2008-04-21,33.145905
2008-04-22,32.838524
2008-04-23,33.310879
2008-04-24,32.883739
2008-04-25,33.125557
2008-04-28,33.062263
2008-04-29,32.476921
2008-04-30,33.145905
2008-05-01,33.498463
2008-05-02,33.819393
2008-05-05,33.794533
2008-05-06,34.171951
2008-05-07,33.154942
2008-05-08,33.496208
2008-05-09,33.222729
2008-05-12,33.649883
2008-05-13,33.810345
2008-05-14,33.89172
2008-05-15,34.612675
2008-05-16,35.053368
2008-05-19,35.060158
2008-05-20,34.452198
2008-05-21,34.101887
2008-05-22,34.201355
2008-05-23,33.604698
2008-05-27,33.550453
2008-05-28,34.002449
2008-05-29,34.077038
2008-05-30,34.194561
2008-06-02,33.787754
2008-06-03,33.17754
2008-06-04,32.888256
2008-06-05,33.93465
2008-06-06,32.705185
2008-06-09,32.621571
2008-06-10,31.868963
2008-06-11,31.392097
2008-06-12,31.575155
2008-06-13,31.916431
2008-06-16,32.024906
2008-06-17,32.160519
2008-06-18,32.004574
2008-06-19,32.054298
2008-06-20,31.007889
2008-06-23,31.098301
2008-06-24,30.96043
2008-06-25,31.580378
2008-06-26,30.496832
2008-06-27,30.791716
2008-06-30,31.024897
2008-07-01,30.471693
2008-07-02,29.603031
2008-07-03,29.518444
2008-07-07,29.413296
2008-07-08,29.77449
2008-07-09,29.173269
2008-07-10,29.701324
2008-07-11,29.502451
2008-07-14,29.465872
2008-07-15,28.974394
2008-07-16,29.811052
2008-07-17,29.950499
2008-07-18,29.692188
2008-07-21,30.060217
2008-07-22,30.078527
2008-07-23,30.121946
2008-07-24,29.008682
2008-07-25,29.207563
2008-07-28,28.713797
2008-07-29,30.304811
2008-07-30,29.989351
2008-07-31,29.317289
2008-08-01,29.118423
2008-08-04,28.226892
2008-08-05,28.590351
2008-08-06,29.159565
2008-08-07,28.158321
2008-08-08,28.226892
2008-08-11,27.932003
2008-08-12,27.69883
2008-08-13,27.691977
2008-08-14,28.055441
2008-08-15,27.616539
2008-08-18,27.150208
2008-08-19,26.923893
2008-08-20,27.60968
2008-08-21,27.568537
2008-08-22,27.547968
2008-08-25,26.978765
2008-08-26,27.026766
2008-08-27,27.602829
2008-08-28,27.794851
2008-08-29,27.465681
2008-09-02,26.635874
2008-09-03,26.196976
2008-09-04,24.989992
2008-09-05,25.34659
2008-09-08,25.662058
2008-09-09,24.22191
2008-09-10,24.612804
2008-09-11,24.249336
2008-09-12,25.058567
2008-09-15,23.090364
2008-09-16,23.289238
2008-09-17,21.636499
2008-09-18,23.460693
2008-09-19,26.382128
2008-09-22,24.66081
2008-09-23,23.892729
2008-09-24,24.167055
2008-09-25,25.408312
2008-09-26,24.544226
2008-09-29,21.677652
2008-09-30,23.43326
2008-10-01,23.714432
2008-10-02,21.636499
2008-10-03,21.067299
2008-10-06,19.483139
2008-10-07,17.967556
2008-10-08,17.967556
2008-10-09,16.643991
2008-10-10,16.836008
2008-10-13,20.669546
2008-10-14,19.640867
2008-10-15,16.465685
2008-10-16,17.274912
2008-10-17,16.733145
2008-10-20,17.905834
2008-10-21,16.479401
2008-10-22,14.744368
2008-10-23,15.155837
2008-10-24,13.592248
2008-10-27,13.235642
2008-10-28,16.00621
2008-10-29,15.498732
2008-10-30,17.590368
2008-10-31,17.439495
2008-11-03,17.281767
2008-11-04,18.859072
2008-11-05,16.458824
2008-11-06,15.629036
2008-11-07,16.897734
2008-11-10,17.055456
2008-11-11,15.992497
2008-11-12,14.806087
2008-11-13,16.85659
2008-11-14,15.238136
2008-11-17,14.984389
2008-11-18,14.764945
2008-11-19,13.489383
2008-11-20,12.522425
2008-11-21,14.326037
2008-11-24,15.196988
2008-11-25,14.908956
2008-11-26,16.047356
2008-11-28,15.738757
2008-12-01,14.223169
2008-12-02,15.121545
2008-12-03,15.244984
2008-12-04,14.593496
2008-12-05,15.457588
2008-12-08,16.445112
2008-12-09,16.218803
2008-12-10,17.18576
2008-12-11,16.746861
2008-12-12,16.980026
2008-12-15,16.753712
2008-12-16,18.090996
2008-12-17,17.775537
2008-12-18,17.384634
2008-12-19,17.446354
2008-12-22,16.794859
2008-12-23,16.655775
2008-12-24,16.773998
2008-12-26,16.718369
2008-12-29,16.690548
2008-12-30,17.135626
2008-12-31,17.365122
2009-01-02,18.192703
2009-01-05,18.429142
2009-01-06,18.846416
2009-01-07,17.761518
2009-01-08,17.685028
2009-01-09,17.30253
2009-01-12,16.572327
2009-01-13,16.621004
2009-01-14,15.814294
2009-01-15,15.995111
2009-01-16,16.168968
2009-01-20,14.965858
2009-01-21,15.779525
2009-01-22,15.257942
2009-01-23,15.452666
2009-01-26,15.633482
2009-01-27,15.91166
2009-01-28,16.718369
2009-01-29,15.869925
2009-01-30,15.751698
2009-02-02,15.59175
2009-02-03,16.057703
2009-02-04,16.175919
2009-02-05,16.516691
2009-02-06,17.344255
2009-02-09,17.253851
2009-02-10,16.210695
2009-02-11,16.697502
2009-02-12,16.593185
2009-02-13,16.67664
2009-02-17,15.612614
2009-02-18,15.501348
2009-02-19,15.355304
2009-02-20,14.965858
2009-02-23,14.597273
2009-02-24,15.397027
2009-02-25,15.132762
2009-02-26,15.000627
2009-02-27,14.764178
2009-03-02,13.867061
2009-03-03,14.061787
2009-03-04,15.049308
2009-03-05,14.430368
2009-03-06,14.673773
2009-03-09,14.388641
2009-03-10,15.556983
2009-03-11,15.556983
2009-03-12,16.155058
2009-03-13,16.245466
2009-03-16,16.259378
2009-03-17,16.614048
2009-03-18,16.961771
2009-03-19,16.850496
2009-03-20,16.621004
2009-03-23,18.157927
2009-03-24,17.594616
2009-03-25,17.858887
2009-03-26,18.345694
2009-03-27,17.803253
2009-03-30,16.885271
2009-03-31,17.253851
2009-04-01,17.824112
2009-04-02,18.79077
2009-04-03,19.020271
2009-04-06,18.783819
2009-04-07,18.352644
2009-04-08,18.623871
2009-04-09,19.437534
2009-04-13,19.555759
2009-04-14,19.242807
2009-04-15,19.520985
2009-04-16,19.687891
2009-04-17,19.548803
2009-04-20,18.596048
2009-04-21,18.992449
2009-04-22,18.832495
2009-04-23,19.124586
2009-04-24,19.486217
2009-04-27,18.832495
2009-04-28,18.769917
2009-04-29,19.757435
2009-04-30,19.938253
2009-05-01,20.230328
2009-05-04,21.62817
2009-05-05,21.433443
2009-05-06,21.802029
2009-05-07,21.259583
2009-05-08,21.968927
2009-05-11,21.454308
2009-05-12,21.607302
2009-05-13,20.814503
2009-05-14,21.113539
2009-05-15,20.918818
2009-05-18,22.080206
2009-05-19,22.330564
2009-05-20,22.400106
2009-05-21,21.982845
2009-05-22,22.080206
2009-05-26,22.344477
2009-05-27,22.087154
2009-05-28,22.768686
2009-05-29,23.116405
2009-06-01,24.090027
2009-06-02,23.742304
2009-06-03,22.900826
2009-06-04,23.325043
2009-06-05,23.373722
2009-06-08,23.012098
2009-06-09,23.05382
2009-06-10,23.3459
2009-06-11,23.846621
2009-06-12,23.464127
2009-06-15,22.622646
2009-06-16,22.281878
2009-06-17,22.031523
2009-06-18,21.968927
2009-06-19,22.080206
2009-06-22,21.280447
2009-06-23,21.418564
2009-06-24,21.888302
2009-06-25,22.540318
2009-06-26,22.659513
2009-06-29,22.827778
2009-06-30,22.596413
2009-07-01,23.010065
2009-07-02,22.379066
2009-07-06,22.329996
2009-07-07,21.804171
2009-07-08,21.551775
2009-07-09,21.937374
2009-07-10,21.677967
2009-07-13,21.832218
2009-07-14,22.070593
2009-07-15,23.255442
2009-07-16,23.29751
2009-07-17,23.535877
2009-07-20,24.377199
2009-07-21,24.307089
2009-07-22,24.251003
2009-07-23,24.938078
2009-07-24,24.818892
2009-07-27,25.036234
2009-07-28,24.924055
2009-07-29,24.363178
2009-07-30,24.966122
2009-07-31,25.085316
2009-08-03,26.024776
2009-08-04,25.786407
2009-08-05,25.569073
2009-08-06,25.358732
2009-08-07,25.611139
2009-08-10,25.323685
2009-08-11,24.846931
2009-08-12,25.071293
2009-08-13,25.505964
2009-08-14,25.043245
2009-08-17,24.061712
2009-08-18,24.587528
2009-08-19,24.650625
2009-08-20,25.078302
2009-08-21,25.456888
2009-08-24,25.569073
2009-08-25,25.512985
2009-08-26,25.435852
2009-08-27,25.386776
2009-08-28,25.253574
2009-08-31,24.755802
2009-09-01,24.286064
2009-09-02,24.545467
2009-09-03,25.036234
2009-09-04,25.519987
2009-09-08,26.045816
2009-09-09,26.186031
2009-09-10,26.529581
2009-09-11,26.543596
2009-09-14,26.445446
2009-09-15,26.760933
2009-09-16,27.433998
2009-09-17,27.286768
2009-09-18,27.363882
2009-09-21,27.125502
2009-09-22,27.53915
2009-09-23,27.125502
2009-09-24,26.592674
2009-09-25,26.704847
2009-09-28,27.048391
2009-09-29,27.111477
2009-09-30,27.279749
2009-10-01,26.536591
2009-10-02,26.543596
2009-10-05,27.160563
2009-10-06,27.609259
2009-10-07,27.581226
2009-10-08,27.917753
2009-10-09,27.938778
2009-10-12,28.170151
2009-10-13,28.219225
2009-10-14,29.130642
2009-10-15,28.969406
2009-10-16,28.569767
2009-10-19,29.116619
2009-10-20,28.731018
2009-10-21,28.576786
2009-10-22,28.815153
2009-10-23,28.576786
2009-10-26,28.219225
2009-10-27,27.728449
2009-10-28,26.459469
2009-10-29,27.630295
2009-10-30,26.340277
2009-11-02,26.732901
2009-11-03,26.774965
2009-11-04,27.272747
2009-11-05,27.833622
2009-11-06,27.798557
2009-11-09,28.822172
2009-11-10,28.68895
2009-11-11,28.934345
2009-11-12,28.289335
2009-11-13,28.773092
2009-11-16,29.495213
2009-11-17,29.390053
2009-11-18,29.158691
2009-11-19,28.618845
2009-11-20,28.49966
2009-11-23,29.095591
2009-11-24,28.934345
2009-11-25,29.27087
2009-11-27,28.135101
2009-11-30,28.408527
2009-12-01,29.221786
2009-12-02,29.340979
2009-12-03,29.067553
2009-12-04,29.33396
2009-12-07,29.08157
2009-12-08,28.541727
2009-12-09,28.716999
2009-12-10,28.885267
2009-12-11,28.990433
2009-12-14,29.186745
2009-12-15,28.885267
2009-12-16,29.053528
2009-12-17,28.219225
2009-12-18,28.296343
2009-12-21,28.261295
2009-12-22,28.546116
2009-12-23,28.828825
2009-12-24,29.118591
2009-12-28,29.217531
2009-12-29,29.112898
2009-12-30,29.24016
2009-12-31,29.339132
2010-01-04,30.194563
2010-01-05,30.413729
2010-01-06,30.477348
2010-01-07,30.300608
2010-01-08,30.540979
2010-01-11,30.477348
2010-01-12,29.98954
2010-01-13,30.081455
2010-01-14,30.003675
2010-01-15,29.657267
2010-01-19,30.258186
2010-01-20,29.530016
2010-01-21,28.639238
2010-01-22,28.002962
2010-01-25,28.207991
2010-01-26,27.621206
2010-01-27,27.55051
2010-01-28,27.359625
2010-01-29,27.0627
2010-02-01,27.790874
2010-02-02,28.017109
2010-02-03,27.854498
2010-02-04,26.596096
2010-02-05,26.299177
2010-02-08,26.037603
2010-02-09,26.885952
2010-02-10,26.815266
2010-02-11,27.522234
2010-02-12,27.17581
2010-02-16,27.875715
2010-02-17,27.974686
2010-02-18,28.080734
2010-02-19,27.840361
2010-02-22,27.875715
2010-02-23,27.232368
2010-02-24,27.493952
2010-02-25,27.267717
2010-02-26,27.543434
2010-03-01,28.010033
2010-03-02,28.328175
2010-03-03,28.363518
2010-03-04,28.215054
2010-03-05,28.950296
2010-03-08,28.971508
2010-03-09,29.134108
2010-03-10,29.339132
2010-03-11,29.346197
2010-03-12,29.247223
2010-03-15,29.035137
2010-03-16,29.40983
2010-03-17,29.727962
2010-03-18,29.501741
2010-03-19,29.119968
2010-03-22,29.226015
2010-03-23,29.431047
2010-03-24,28.99272
2010-03-25,28.914957
2010-03-26,29.056347
2010-03-29,29.579496
2010-03-30,29.692617
2010-03-31,29.777451
2010-04-01,30.555113
2010-04-05,30.83083
2010-04-06,30.922735
2010-04-07,30.654087
2010-04-08,30.760136
2010-04-09,30.951023
2010-04-12,30.703585
2010-04-13,30.639948
2010-04-14,31.092411
2010-04-15,30.922735
2010-04-16,30.01782
2010-04-19,29.897642
2010-04-20,30.25112
2010-04-21,30.152142
2010-04-22,30.279404
2010-04-23,30.442009
2010-04-26,30.442009
2010-04-27,29.353275
2010-04-28,29.600718
2010-04-29,30.088524
2010-04-30,29.727962
2010-05-03,29.890577
2010-05-04,28.519053
2010-05-05,28.002962
2010-05-06,26.857679
2010-05-07,26.999079
2010-05-10,28.943233
2010-05-11,28.420074
2010-05-12,28.773561
2010-05-13,28.504911
2010-05-14,27.918127
2010-05-17,27.748457
2010-05-18,27.168743
2010-05-19,26.907164
2010-05-20,25.570995
2010-05-21,26.398151
2010-05-24,26.122431
2010-05-25,25.839647
2010-05-26,25.825512
2010-05-27,27.387907
2010-05-28,26.935444
2010-06-01,26.440563
2010-06-02,27.366692
2010-06-03,27.267717
2010-06-04,26.299177
2010-06-07,25.889135
2010-06-08,26.482977
2010-06-09,26.341597
2010-06-10,27.260651
2010-06-11,27.40204
2010-06-14,27.409113
2010-06-15,28.236269
2010-06-16,28.236269
2010-06-17,28.09487
2010-06-18,28.222124
2010-06-21,28.709934
2010-06-22,28.158499
2010-06-23,28.231081
2010-06-24,27.732937
2010-06-25,28.060295
2010-06-28,27.868147
2010-06-29,26.736626
2010-06-30,26.558708
2010-07-01,26.750864
2010-07-02,26.864729
2010-07-06,27.362881
2010-07-07,27.967772
2010-07-08,28.102989
2010-07-09,28.444588
2010-07-12,28.216848
2010-07-13,28.544222
2010-07-14,28.487272
2010-07-15,28.352074
2010-07-16,27.505205
2010-07-19,27.868147
2010-07-20,28.522879
2010-07-21,28.231081
2010-07-22,29.08507
2010-07-23,29.284332
2010-07-26,29.483583
2010-07-27,29.433773
2010-07-28,29.270094
2010-07-29,29.319912
2010-07-30,29.462236
2010-08-02,30.223713
2010-08-03,30.081377
2010-08-04,30.124067
2010-08-05,29.988871
2010-08-06,29.946163
2010-08-09,30.10273
2010-08-10,29.689968
2010-08-11,28.743479
2010-08-12,28.793291
2010-08-13,28.949852
2010-08-16,29.220284
2010-08-17,29.526291
2010-08-18,29.504938
2010-08-19,29.277212
2010-08-20,29.191816
2010-08-23,28.928501
2010-08-24,28.558456
2010-08-25,28.373421
2010-08-26,28.195501
2010-08-27,28.814642
2010-08-30,28.337839
2010-08-31,28.508636
2010-09-01,29.512056
2010-09-02,29.561869
2010-09-03,29.910582
2010-09-07,29.476467
2010-09-08,29.796719
2010-09-09,29.967512
2010-09-10,30.074257
2010-09-13,30.793013
2010-09-14,30.778778
2010-09-15,30.821484
2010-09-16,30.664917
2010-09-17,30.615112
2010-09-20,31.09903
2010-09-21,31.00651
2010-09-22,31.027861
2010-09-23,30.828602
2010-09-24,31.397915
2010-09-27,31.340994
2010-09-28,31.56872
2010-09-29,31.675474
2010-09-30,31.860489
2010-10-01,32.330181
2010-10-04,32.230564
2010-10-05,32.814102
2010-10-06,32.799877
2010-10-07,32.508091
2010-10-08,32.899502
2010-10-11,32.878143
2010-10-12,32.742935
2010-10-13,33.347836
2010-10-14,33.290897
2010-10-15,33.248215
2010-10-18,33.262444
2010-10-19,32.209209
2010-10-20,32.721584
2010-10-21,32.721584
2010-10-22,32.757172
2010-10-25,33.112999
2010-10-26,33.084526
2010-10-27,32.522331
2010-10-28,32.72871
2010-10-29,32.821228
2010-11-01,33.184162
2010-11-02,33.596912
2010-11-03,33.803295
2010-11-04,34.571869
2010-11-05,34.507832
2010-11-08,34.365501
2010-11-09,33.931396
2010-11-10,34.180458
2010-11-11,33.845989
2010-11-12,33.027596
2010-11-15,33.013359
2010-11-16,32.145153
2010-11-17,32.30883
2010-11-18,33.077412
2010-11-19,33.098751
2010-11-22,32.999126
2010-11-23,31.953005
2010-11-24,32.693123
2010-11-26,31.88184
2010-11-29,32.130917
2010-11-30,31.867605
2010-12-01,32.778522
2010-12-02,33.426121
2010-12-03,33.5471
2010-12-06,33.490173
2010-12-07,33.333603
2010-12-08,33.120121
2010-12-09,33.006252
2010-12-10,33.155697
2010-12-13,33.369198
2010-12-14,33.419006
2010-12-15,32.878143
2010-12-16,32.970669
2010-12-17,33.020481
2010-12-20,32.871037
2010-12-21,33.350857
2010-12-22,33.465618
2010-12-23,33.429741
2010-12-27,33.322174
2010-12-28,33.350857
2010-12-29,33.777843
2010-12-30,33.950066
2010-12-31,34.186878
2011-01-03,34.516968
2011-01-04,34.674847
2011-01-05,34.58873
2011-01-06,34.222752
2011-01-07,33.907005
2011-01-10,33.55537
2011-01-11,33.914177
2011-01-12,34.595901
2011-01-13,34.29451
2011-01-14,34.39497
2011-01-18,34.344761
2011-01-19,34.079243
2011-01-20,33.70607
2011-01-21,33.354439
2011-01-24,33.612774
2011-01-25,33.41185
2011-01-26,33.70607
2011-01-27,33.591255
2011-01-28,32.529202
2011-01-31,32.873653
2011-02-01,33.670185
2011-02-02,33.419022
2011-02-03,33.375965
2011-02-04,33.368801
2011-02-07,33.41185
2011-02-08,33.426212
2011-02-09,32.658367
2011-02-10,32.349796
2011-02-11,32.744484
2011-02-14,32.57943
2011-02-15,32.644012
2011-02-16,32.916698
2011-02-17,33.031525
2011-02-18,33.232452
2011-02-22,32.170387
2011-02-23,32.199085
2011-02-24,32.278034
2011-02-25,32.665543
2011-02-28,32.859295
2011-03-01,32.522015
2011-03-02,32.966938
2011-03-03,33.619961
2011-03-04,33.655846
2011-03-07,33.18222
2011-03-08,33.627132
2011-03-09,33.691719
2011-03-10,32.694241
2011-03-11,33.031525
2011-03-14,33.225277
2011-03-15,32.672718
2011-03-16,32.005341
2011-03-17,32.400032
2011-03-18,32.457439
2011-03-21,33.081749
2011-03-22,33.18222
2011-03-23,33.619961
2011-03-24,34.007473
2011-03-25,33.971588
2011-03-28,33.799355
2011-03-29,34.186878
2011-03-30,34.624603
2011-03-31,34.926006
2011-04-01,35.485748
2011-04-04,35.787148
2011-04-05,35.715385
2011-04-06,35.909134
2011-04-07,35.873249
2011-04-08,35.909134
2011-04-11,35.485748
2011-04-12,34.818359
2011-04-13,35.105412
2011-04-14,35.213051
2011-04-15,35.2561
2011-04-18,34.373447
2011-04-19,34.868595
2011-04-20,35.693855
2011-04-21,36.00959
2011-04-25,35.715385
2011-04-26,36.023956
2011-04-27,35.959373
2011-04-28,35.665146
2011-04-29,35.880432
2011-05-02,35.8876
2011-05-03,35.091064
2011-05-04,34.5098
2011-05-05,34.179695
2011-05-06,34.624603
2011-05-09,34.68919
2011-05-10,35.09824
2011-05-11,34.323215
2011-05-12,34.423683
2011-05-13,33.670185
2011-05-16,33.619961
2011-05-17,33.727608
2011-05-18,34.27298
2011-05-19,34.050526
2011-05-20,33.777843
2011-05-23,33.074577
2011-05-24,33.404667
2011-05-25,33.47644
2011-05-26,33.907005
2011-05-27,34.265812
2011-05-31,34.825539
2011-06-01,34.201221
2011-06-02,34.524147
2011-06-03,34.351917
2011-06-06,33.799355
2011-06-07,34.06488
2011-06-08,33.820892
2011-06-09,34.086407
2011-06-10,33.347263
2011-06-13,33.289864
2011-06-14,33.792187
2011-06-15,33.067402
2011-06-16,32.816235
2011-06-17,32.859295
2011-06-20,32.809063
2011-06-21,33.41185
2011-06-22,33.079182
2011-06-23,33.035694
2011-06-24,32.977711
2011-06-27,33.361847
2011-06-28,33.818443
2011-06-29,34.130108
2011-06-30,34.499756
2011-07-01,34.905636
2011-07-05,34.891132
2011-07-06,34.659214
2011-07-07,35.137566
2011-07-08,34.738934
2011-07-11,33.767731
2011-07-12,33.427063
2011-07-13,33.970669
2011-07-14,33.608269
2011-07-15,33.818443
2011-07-18,33.427063
2011-07-19,33.912682
2011-07-20,34.014149
2011-07-21,34.557743
2011-07-22,34.535995
2011-07-25,34.46352
2011-07-26,34.579479
2011-07-27,33.970669
2011-07-28,33.999657
2011-07-29,34.144608
2011-08-01,34.115623
2011-08-02,33.064686
2011-08-03,32.948715
2011-08-04,31.064272
2011-08-05,30.861334
2011-08-08,28.288353
2011-08-09,29.948111
2011-08-10,28.360828
2011-08-11,29.926363
2011-08-12,29.911865
2011-08-15,30.60766
2011-08-16,30.346735
2011-08-17,30.564169
2011-08-18,29.121847
2011-08-19,28.759457
2011-08-22,28.730473
2011-08-23,29.737925
2011-08-24,29.448008
2011-08-25,28.875423
2011-08-26,29.368288
2011-08-29,30.317747
2011-08-30,30.361233
2011-08-31,30.98455
2011-09-01,30.817846
2011-09-02,30.122061
2011-09-06,29.8104
2011-09-07,30.694645
2011-09-08,30.013344
2011-09-09,28.998646
2011-09-12,28.940659
2011-09-13,28.984142
2011-09-14,28.904425
2011-09-15,29.324789
2011-09-16,29.375532
2011-09-19,28.505781
2011-09-20,28.295605
2011-09-21,27.244663
2011-09-22,25.331228
2011-09-23,26.005274
2011-09-26,26.396658
2011-09-27,27.237417
2011-09-28,26.418407
2011-09-29,26.780804
2011-09-30,25.439947
2011-10-03,24.903605
2011-10-04,25.287735
2011-10-05,25.874813
2011-10-06,26.73007
2011-10-07,26.411169
2011-10-10,27.592556
2011-10-11,27.607056
2011-10-12,28.382572
2011-10-13,28.128899
2011-10-14,28.694227
2011-10-17,27.723013
2011-10-18,28.462301
2011-10-19,27.918707
2011-10-20,27.382368
2011-10-21,28.165136
2011-10-24,29.266813
2011-10-25,28.686979
2011-10-26,29.216076
2011-10-27,30.991791
2011-10-28,30.730881
2011-10-31,29.57847
2011-11-01,28.860935
2011-11-02,29.745173
2011-11-03,30.049578
2011-11-04,29.85388
2011-11-07,30.107567
2011-11-08,30.462708
2011-11-09,28.679739
2011-11-10,28.868185
2011-11-11,29.563969
2011-11-14,29.158092
2011-11-15,29.339291
2011-11-16,28.549271
2011-11-17,27.82449
2011-11-18,27.933207
2011-11-21,27.034472
2011-11-22,27.128696
2011-11-23,26.251699
2011-11-25,26.16473
2011-11-28,27.418608
2011-11-29,27.295397
2011-11-30,28.998646
2011-12-01,28.911669
2011-12-02,28.82469
2011-12-05,29.295805
2011-12-06,28.897169
2011-12-07,29.013134
2011-12-08,27.969437
2011-12-09,28.534777
2011-12-12,27.462093
2011-12-13,27.20842
2011-12-14,26.817036
2011-12-15,26.990982
2011-12-16,27.193932
2011-12-19,26.490887
2011-12-20,27.600914
2011-12-21,27.68873
2011-12-22,28.05459
2011-12-23,28.164358
2011-12-27,27.893621
2011-12-28,27.425297
2011-12-29,27.739948
2011-12-30,27.761908
2012-01-03,28.61071
2012-01-04,28.44973
2012-01-05,28.325331
2012-01-06,27.966791
2012-01-09,28.259483
2012-01-10,28.87414
2012-01-11,28.89608
2012-01-12,29.013165
2012-01-13,28.749743
2012-01-17,29.298538
2012-01-18,30.037582
2012-01-19,30.30102
2012-01-20,30.27906
2012-01-23,30.571749
2012-01-24,30.615664
2012-01-25,30.959562
2012-01-26,30.83518
2012-01-27,30.996155
2012-01-30,30.549801
2012-01-31,30.813234
2012-02-01,31.493734
2012-02-02,31.581541
2012-02-03,32.108387
2012-02-06,31.837648
2012-02-07,31.903507
2012-02-08,32.130341
2012-02-09,32.115711
2012-02-10,31.405922
2012-02-13,31.918133
2012-02-14,31.654718
2012-02-15,31.742529
2012-02-16,32.086433
2012-02-17,32.144974
2012-02-21,32.01326
2012-02-22,32.071804
2012-02-23,32.01326
2012-02-24,32.335232
2012-02-27,32.01326
2012-02-28,32.459621
2012-02-29,32.437668
2012-03-01,32.745003
2012-03-02,32.664497
2012-03-05,32.101078
2012-03-06,31.025427
2012-03-07,31.398613
2012-03-08,32.057159
2012-03-09,32.042534
2012-03-12,31.691299
2012-03-13,32.554745
2012-03-14,32.042534
2012-03-15,32.298641
2012-03-16,32.262043
2012-03-19,32.137653
2012-03-20,31.581541
2012-03-21,31.640081
2012-03-22,31.157133
2012-03-23,31.3913
2012-03-26,31.940084
2012-03-27,31.771803
2012-03-28,31.237621
2012-03-29,31.201036
2012-03-30,31.427876
2012-04-02,31.859602
2012-04-03,31.67667
2012-04-04,31.105915
2012-04-05,31.274227
2012-04-09,30.813234
2012-04-10,30.213205
2012-04-11,30.54248
2012-04-12,31.325443
2012-04-13,30.849798
2012-04-16,30.69615
2012-04-17,31.047367
2012-04-18,30.901026
2012-04-19,30.762001
2012-04-20,30.974203
2012-04-23,30.381506
2012-04-24,30.447361
2012-04-25,30.725409
2012-04-26,30.915661
2012-04-27,30.959562
2012-04-30,30.893719
2012-05-01,31.098602
2012-05-02,31.040056
2012-05-03,30.805904
2012-05-04,30.264435
2012-05-07,30.374189
2012-05-08,29.891237
2012-05-09,29.503429
2012-05-10,29.627823
2012-05-11,29.247311
2012-05-14,28.581442
2012-05-15,28.332653
2012-05-16,27.930197
2012-05-17,27.5497
2012-05-18,27.286278
2012-05-21,27.937519
2012-05-22,27.644823
2012-05-23,27.45458
2012-05-24,27.31555
2012-05-25,27.18383
2012-05-29,27.952152
2012-05-30,27.46921
2012-05-31,27.586294
2012-06-01,26.847231
2012-06-04,26.964314
2012-06-05,27.037485
2012-06-06,27.827759
2012-06-07,27.99605
2012-06-08,27.75458
2012-06-11,27.352129
2012-06-12,27.922882
2012-06-13,27.820442
2012-06-14,28.018005
2012-06-15,28.530228
2012-06-18,28.588758
2012-06-19,29.049749
2012-06-20,28.954626
2012-06-21,27.894251
2012-06-22,27.983101
2012-06-25,27.464758
2012-06-26,27.701712
2012-06-27,27.879436
2012-06-28,27.746147
2012-06-29,28.975355
2012-07-02,28.975355
2012-07-03,29.552938
2012-07-05,29.241928
2012-07-06,28.708776
2012-07-09,28.605118
2012-07-10,28.286701
2012-07-11,28.434809
2012-07-12,27.960878
2012-07-13,28.501448
2012-07-16,28.434809
2012-07-17,28.812454
2012-07-18,28.738403
2012-07-19,29.004984
2012-07-20,28.575485
2012-07-23,27.827604
2012-07-24,27.709124
2012-07-25,27.842415
2012-07-26,28.471828
2012-07-27,29.271555
2012-07-30,29.101236
2012-07-31,28.967957
2012-08-01,29.019783
2012-08-02,28.679165
2012-08-03,29.567747
2012-08-06,29.752872
2012-08-07,29.834335
2012-08-08,29.89356
2012-08-09,30.019447
2012-08-10,30.160139
2012-08-13,29.89356
2012-08-14,29.88615
2012-08-15,29.841728
2012-08-16,30.115711
2012-08-17,29.967613
2012-08-20,29.952808
2012-08-21,29.908377
2012-08-22,29.923189
2012-08-23,29.649208
2012-08-24,29.656609
2012-08-27,29.353012
2012-08-28,29.29377
2012-08-29,29.153074
2012-08-30,28.812454
2012-08-31,29.086433
2012-09-04,28.923529
2012-09-05,28.775421
2012-09-06,29.412249
2012-09-07,30.093494
2012-09-10,29.70845
2012-09-11,30.063877
2012-09-12,30.197159
2012-09-13,31.011705
2012-09-14,31.374544
2012-09-17,31.033926
2012-09-18,31.048733
2012-09-19,31.048733
2012-09-20,30.8636
2012-09-21,30.937654
2012-09-24,30.908028
2012-09-25,30.448938
2012-09-26,30.308241
2012-09-27,30.789566
2012-09-28,30.604431
2012-10-01,30.908028
2012-10-02,30.952463
2012-10-03,30.745134
2012-10-04,31.06354
2012-10-05,31.06354
2012-10-08,30.789566
2012-10-09,30.560015
2012-10-10,30.374882
2012-10-11,30.656269
2012-10-12,30.560015
2012-10-15,30.737726
2012-10-16,31.056137
2012-10-17,31.300495
2012-10-18,31.211639
2012-10-19,30.730318
2012-10-22,31.02652
2012-10-23,30.389694
2012-10-24,30.419315
2012-10-25,30.752546
2012-10-26,30.515574
2012-10-31,30.471155
2012-11-01,30.967281
2012-11-02,30.804377
2012-11-05,30.952463
2012-11-06,31.196825
2012-11-07,30.685879
2012-11-08,30.300827
2012-11-09,30.360077
2012-11-12,30.471155
2012-11-13,30.197159
2012-11-14,29.730663
2012-11-15,29.834335
2012-11-16,29.923189
2012-11-19,30.448938
2012-11-20,30.389694
2012-11-21,30.33045
2012-11-23,30.826593
2012-11-26,30.826593
2012-11-27,30.567411
2012-11-28,30.737726
2012-11-29,30.959867
2012-11-30,30.945065
2012-12-03,30.93026
2012-12-04,31.019112
2012-12-05,31.352329
2012-12-06,31.589293
2012-12-07,31.685547
2012-12-10,31.863264
2012-12-11,32.026173
2012-12-12,32.12244
2012-12-13,31.981741
2012-12-14,32.12244
2012-12-17,32.203896
2012-12-18,32.428875
2012-12-19,32.413979
2012-12-20,32.607666
2012-12-21,32.23518
2012-12-24,32.168133
2012-12-26,32.264984
2012-12-27,32.446812
2012-12-28,32.566055
2012-12-31,33.050434
2013-01-02,33.698784
2013-01-03,33.460323
2013-01-04,33.52739
2013-01-07,33.274002
2013-01-08,32.975925
2013-01-09,33.117508
2013-01-10,33.408142
2013-01-11,33.139866
2013-01-14,33.28146
2013-01-15,33.139866
2013-01-16,33.110058
2013-01-17,33.296368
2013-01-18,33.370876
2013-01-22,33.318714
2013-01-23,33.139866
2013-01-24,33.02063
2013-01-25,32.90884
2013-01-28,32.677834
2013-01-29,33.042992
2013-01-30,32.886497
2013-01-31,32.95356
2013-02-01,33.169678
2013-02-04,32.730003
2013-02-05,32.767269
2013-02-06,32.730003
2013-02-07,32.439365
2013-02-08,32.677834
2013-02-11,32.662933
2013-02-12,32.752361
2013-02-13,32.916298
2013-02-14,32.901398
2013-02-15,32.782162
2013-02-19,32.849232
2013-02-20,32.558605
2013-02-21,32.111462
2013-02-22,32.253052
2013-02-25,31.820833
2013-02-26,31.999685
2013-02-27,32.349934
2013-02-28,32.20089
2013-03-01,32.275414
2013-03-04,31.969872
2013-03-05,32.357395
2013-03-06,32.513882
2013-03-07,32.603306
2013-03-08,32.886497
2013-03-11,32.707645
2013-03-12,32.335033
2013-03-13,32.029495
2013-03-14,32.163631
2013-03-15,31.872995
2013-03-18,31.515295
2013-03-19,31.291731
2013-03-20,31.470573
2013-03-21,31.150137
2013-03-22,31.269371
2013-03-25,31.239563
2013-03-26,31.686699
2013-03-27,31.805929
2013-03-28,31.872995
2013-04-01,31.530199
2013-04-02,31.545101
2013-04-03,31.172491
2013-04-04,31.083067
2013-04-05,31.008543
2013-04-08,31.060713
2013-04-09,31.366253
2013-04-10,31.664333
2013-04-11,31.694139
2013-04-12,31.209747
2013-04-15,30.449627
2013-04-16,31.075615
2013-04-17,30.583769
2013-04-18,30.583769
2013-04-19,31.030899
2013-04-22,31.179951
2013-04-23,31.328983
2013-04-24,31.515295
2013-04-25,31.79847
2013-04-26,31.478033
2013-04-29,31.805929
2013-04-30,32.260509
2013-05-01,31.910257
2013-05-02,32.163631
2013-05-03,32.431915
2013-05-06,32.476631
2013-05-07,32.707645
2013-05-08,32.961018
2013-05-09,32.722549
2013-05-10,32.469162
2013-05-13,32.171089
2013-05-14,32.320126
2013-05-15,32.327583
2013-05-16,32.215794
2013-05-17,32.357395
2013-05-20,32.439365
2013-05-21,32.372295
2013-05-22,32.014587
2013-05-23,31.776108
2013-05-24,31.50038
2013-05-28,31.671797
2013-05-29,31.269371
2013-05-30,31.269371
2013-05-31,30.702999
2013-06-03,31.157591
2013-06-04,30.777533
2013-06-05,30.226068
2013-06-06,30.479435
2013-06-07,30.322941
2013-06-10,29.913076
2013-06-11,29.346703
2013-06-12,29.145498
2013-06-13,29.764029
2013-06-14,29.29454
2013-06-17,29.562819
2013-06-18,29.689503
2013-06-19,28.772882
2013-06-20,27.483662
2013-06-21,27.878622
2013-06-24,27.312262
2013-06-25,27.89353
2013-06-26,28.33321
2013-06-27,28.901726
2013-06-28,29.067829
2013-07-01,29.15843
2013-07-02,28.637482
2013-07-03,28.37322
2013-07-05,28.192015
2013-07-08,28.229769
2013-07-09,28.599735
2013-07-10,28.327921
2013-07-11,29.71714
2013-07-12,29.400042
2013-07-15,29.702042
2013-07-16,29.822838
2013-07-17,30.094646
2013-07-18,29.73979
2013-07-19,29.656744
2013-07-22,29.951181
2013-07-23,30.275846
2013-07-24,29.966299
2013-07-25,30.139944
2013-07-26,30.071989
2013-07-29,29.694492
2013-07-30,29.626539
2013-07-31,29.452887
2013-08-01,29.988947
2013-08-02,29.981388
2013-08-05,29.792637
2013-08-06,29.415138
2013-08-07,29.09804
2013-08-08,29.656744
2013-08-09,29.71714
2013-08-12,29.996494
2013-08-13,30.177696
2013-08-14,30.275846
2013-08-15,29.928534
2013-08-16,29.671837
2013-08-19,29.113136
2013-08-20,29.060287
2013-08-21,28.380764
2013-08-22,28.841333
2013-08-23,29.181091
2013-08-26,28.863983
2013-08-27,28.199575
2013-08-28,28.259974
2013-08-29,28.486475
2013-08-30,28.705423
2013-09-03,28.886633
2013-09-04,29.400042
2013-09-05,29.747345
2013-09-06,30.185247
2013-09-09,30.978001
2013-09-10,31.212061
2013-09-11,31.234703
2013-09-12,30.872303
2013-09-13,31.076157
2013-09-16,31.423445
2013-09-17,31.355507
2013-09-18,32.669228
2013-09-19,32.495567
2013-09-20,31.770763
2013-09-23,31.884016
2013-09-24,31.612215
2013-09-25,31.370611
2013-09-26,31.498964
2013-09-27,31.129007
2013-09-30,30.774149
2013-10-01,31.385708
2013-10-02,31.506502
2013-10-03,31.385708
2013-10-04,31.793411
2013-10-07,31.521608
2013-10-08,31.219603
2013-10-09,31.453661
2013-10-10,32.193573
2013-10-11,32.337017
2013-10-14,32.525776
2013-10-15,32.20866
2013-10-16,32.465378
2013-10-17,32.669228
2013-10-18,32.699429
2013-10-21,32.646564
2013-10-22,32.963673
2013-10-23,32.193573
2013-10-24,32.125614
2013-10-25,32.276615
2013-10-28,32.465378
2013-10-29,32.571075
2013-10-30,32.38987
2013-10-31,32.057659
2013-11-01,32.072769
2013-11-04,32.269073
2013-11-05,31.619762
2013-11-06,31.717915
2013-11-07,31.144102
2013-11-08,31.076157
2013-11-11,30.917606
2013-11-12,30.751505
2013-11-13,30.80435
2013-11-14,31.30266
2013-11-15,31.899113
2013-11-18,32.186012
2013-11-19,31.989714
2013-11-20,31.551815
2013-11-21,31.521608
2013-11-22,31.74811
2013-11-25,31.340401
2013-11-26,31.446119
2013-11-27,31.649956
2013-11-29,31.974621
2013-12-02,31.30266
2013-12-03,31.196955
2013-12-04,31.159206
2013-12-05,30.978001
2013-12-06,31.66506
2013-12-09,31.710369
2013-12-10,31.725466
2013-12-11,31.023306
2013-12-12,30.842096
2013-12-13,30.917606
2013-12-16,31.121456
2013-12-17,30.849648
2013-12-18,31.463688
2013-12-19,30.884699
2013-12-20,30.838978
2013-12-23,31.067528
2013-12-24,31.250387
2013-12-26,30.983744
2013-12-27,31.463688
2013-12-30,31.600813
2013-12-31,31.844606
2014-01-02,30.618046
2014-01-03,30.564732
2014-01-06,30.275229
2014-01-07,30.404745
2014-01-08,30.305706
2014-01-09,30.145718
2014-01-10,30.678999
2014-01-13,30.31332
2014-01-14,30.640913
2014-01-15,30.633289
2014-01-16,30.465693
2014-01-17,30.31332
2014-01-21,30.267614
2014-01-22,30.671377
2014-01-23,29.917168
2014-01-24,29.132475
2014-01-27,29.018204
2014-01-28,29.201046
2014-01-29,28.782034
2014-01-30,29.048676
2014-01-31,29.094387
2014-02-03,28.271605
2014-02-04,28.842981
2014-02-05,28.736324
2014-02-06,29.338182
2014-02-07,29.505777
2014-02-10,29.178188
2014-02-11,29.810511
2014-02-12,29.81813
2014-02-13,29.848604
2014-02-14,30.214279
2014-02-18,29.932404
2014-02-19,29.726709
2014-02-20,29.833361
2014-02-21,30.039068
2014-02-24,30.039068
2014-02-25,29.696238
2014-02-26,29.71909
2014-02-27,30.282845
2014-02-28,30.077143
2014-03-03,29.543863
2014-03-04,30.046677
2014-03-05,30.069536
2014-03-06,30.496149
2014-03-07,30.10763
2014-03-10,29.901934
2014-03-11,29.566729
2014-03-12,29.62767
2014-03-13,29.094387
2014-03-14,29.254381
2014-03-17,29.612432
2014-03-18,30.023829
2014-03-19,29.383886
2014-03-20,29.513395
2014-03-21,29.696238
2014-03-24,29.985735
2014-03-25,30.32856
2014-03-26,30.397121
2014-03-27,30.793282
2014-03-28,31.037069
2014-03-31,31.242756
2014-04-01,31.60844
2014-04-02,31.669382
2014-04-03,31.54748
2014-04-04,31.463688
2014-04-07,31.600813
2014-04-08,31.966496
2014-04-09,32.210289
2014-04-10,31.867466
2014-04-11,31.867466
2014-04-14,31.798895
2014-04-15,31.318939
2014-04-16,31.71509
2014-04-17,32.004585
2014-04-21,31.806517
2014-04-22,31.722713
2014-04-23,31.494169
2014-04-24,31.524635
2014-04-25,31.098015
2014-04-28,31.250387
2014-04-29,31.54748
2014-04-30,31.486534
2014-05-01,31.524635
2014-05-02,31.699858
2014-05-05,31.524635
2014-05-06,31.669382
2014-05-07,31.836988
2014-05-08,31.760798
2014-05-09,31.707468
2014-05-12,32.240765
2014-05-13,32.362656
2014-05-14,32.591198
2014-05-15,32.286465
2014-05-16,32.713089
2014-05-19,32.713089
2014-05-20,32.446449
2014-05-21,32.697842
2014-05-22,32.926414
2014-05-23,32.865471
2014-05-27,32.583584
2014-05-28,32.774044
2014-05-29,32.865471
2014-05-30,32.415977
2014-06-02,32.515015
2014-06-03,32.697842
2014-06-04,32.515015
2014-06-05,32.857845
2014-06-06,33.185436
2014-06-09,33.307323
2014-06-10,33.482544
2014-06-11,33.368275
2014-06-12,33.208282
2014-06-13,33.22353
2014-06-16,33.071152
2014-06-17,33.078773
2014-06-18,33.444454
2014-06-19,33.254002
2014-06-20,33.185436
2014-06-23,33.116856
2014-06-24,33.101631
2014-06-25,33.171509
2014-06-26,33.209892
2014-06-27,33.286678
2014-06-30,33.194534
2014-07-01,33.509357
2014-07-02,33.709007
2014-07-03,33.908649
2014-07-07,33.885616
2014-07-08,33.73204
2014-07-09,33.924011
2014-07-10,33.739716
2014-07-11,33.701321
2014-07-14,33.962402
2014-07-15,33.939362
2014-07-16,34.023827
2014-07-17,33.386505
2014-07-18,33.908649
2014-07-21,34.023827
2014-07-22,34.338654
2014-07-23,34.36937
2014-07-24,34.522934
2014-07-25,34.38472
2014-07-28,34.622757
2014-07-29,34.415436
2014-07-30,34.246502
2014-07-31,33.647568
2014-08-01,33.831867
2014-08-04,34.146679
2014-08-05,33.624535
2014-08-06,33.394188
2014-08-07,33.263649
2014-08-08,33.56311
2014-08-11,33.993111
2014-08-12,34.031509
2014-08-13,34.215794
2014-08-14,34.269547
2014-08-15,34.177402
2014-08-18,34.507576
2014-08-19,34.668835
2014-08-20,34.599728
2014-08-21,34.453835
2014-08-22,34.361687
2014-08-25,34.615078
2014-08-26,34.822392
2014-08-27,34.999001
2014-08-28,34.653461
2014-08-29,34.599728
2014-09-02,34.545975
2014-09-03,34.999001
2014-09-04,34.906864
2014-09-05,35.206322
2014-09-08,34.791695
2014-09-09,34.361687
2014-09-10,34.215794
2014-09-11,33.985432
2014-09-12,33.624535
2014-09-15,33.455605
2014-09-16,33.893288
2014-09-17,33.578472
2014-09-18,33.624535
2014-09-19,33.371155
2014-09-22,32.864361
2014-09-23,32.680069
2014-09-24,33.148468
2014-09-25,32.426674
2014-09-26,32.572575
2014-09-29,31.912216
2014-09-30,31.912216
2014-10-01,31.259529
2014-10-02,31.428463
2014-10-03,31.69721
2014-10-06,32.111851
2014-10-07,31.827766
2014-10-08,32.303822
2014-10-09,31.797028
2014-10-10,31.105959
2014-10-13,31.420788
2014-10-14,31.605076
2014-10-15,31.205782
2014-10-16,30.921679
2014-10-17,31.267214
2014-10-20,31.359356
2014-10-21,31.489891
2014-10-22,31.282576
2014-10-23,31.274897
2014-10-24,31.497581
2014-10-27,31.25186
2014-10-28,31.881508
2014-10-29,31.927574
2014-10-30,32.227043
2014-10-31,32.365253
2014-11-03,32.096504
2014-11-04,32.12722
2014-11-05,31.843109
2014-11-06,31.451498
2014-11-07,31.651148
2014-11-10,31.735596
2014-11-11,31.704889
2014-11-12,31.643465
2014-11-13,31.558992
2014-11-14,31.820068
2014-11-17,31.482212
2014-11-18,31.651148
2014-11-19,31.635786
2014-11-20,31.582033
2014-11-21,32.587936
2014-11-24,32.319168
2014-11-25,32.111851
2014-11-26,32.518833
2014-11-28,31.866154
2014-12-01,31.320969
2014-12-02,31.313278
2014-12-03,31.397751
2014-12-04,31.451498
2014-12-05,31.390072
2014-12-08,30.929358
2014-12-09,30.637569
2014-12-10,30.184534
2014-12-11,29.931139
2014-12-12,29.439705
2014-12-15,29.017389
2014-12-16,28.971313
2014-12-17,29.637278
2014-12-18,30.042303
2014-12-19,30.252617
2014-12-22,30.673222
2014-12-23,30.392813
2014-12-24,30.462919
2014-12-26,30.70437
2014-12-29,30.517441
2014-12-30,30.57975
2014-12-31,30.603113
2015-01-02,30.198088
2015-01-05,29.660652
2015-01-06,29.536018
2015-01-07,30.174717
2015-01-08,30.688801
2015-01-09,30.587545
2015-01-12,30.338291
2015-01-13,30.603113
2015-01-14,30.431753
2015-01-15,30.501858
2015-01-16,30.758907
2015-01-20,30.712166
2015-01-21,31.389812
2015-01-22,31.989563
2015-01-23,31.748102
2015-01-26,31.763676
2015-01-27,31.592321
2015-01-28,31.249617
2015-01-29,31.249617
2015-01-30,30.392813
2015-02-02,30.938049
2015-02-03,31.522226
2015-02-04,31.366446
2015-02-05,31.553381
2015-02-06,31.015936
2015-02-09,30.969202
2015-02-10,30.891312
2015-02-11,30.665436
2015-02-12,31.319708
2015-02-13,31.678005
2015-02-17,31.607914
2015-02-18,31.600121
2015-02-19,31.467703
2015-02-20,31.678005
2015-02-23,31.358654
2015-02-24,31.810425
2015-02-25,31.748102
2015-02-26,31.755899
2015-02-27,31.732534
2015-03-02,31.685797
2015-03-03,31.444328
2015-03-04,31.10161
2015-03-05,31.05488
2015-03-06,30.57975
2015-03-09,30.462919
2015-03-10,29.785273
2015-03-11,30.011147
2015-03-12,30.198088
2015-03-13,29.832006
2015-03-16,30.190298
2015-03-17,30.540813
2015-03-18,31.288553
2015-03-19,30.758907
2015-03-20,31.218458
2015-03-23,31.311916
2015-03-24,31.436548
2015-03-25,30.938049
2015-03-26,30.649847
2015-03-27,30.735529
2015-03-30,31.327507
2015-03-31,31.257399
2015-04-01,31.646851
2015-04-02,32.121983
2015-04-06,32.534794
2015-04-07,32.371235
2015-04-08,33.048878
2015-04-09,33.376011
2015-04-10,33.399376
2015-04-13,33.204659
2015-04-14,33.352646
2015-04-15,33.586315
2015-04-16,33.851143
2015-04-17,33.259182
2015-04-20,33.228012
2015-04-21,33.422752
2015-04-22,33.781044
2015-04-23,34.030296
2015-04-24,34.154919
2015-04-27,34.287334
2015-04-28,34.341858
2015-04-29,33.913456
2015-04-30,33.399376
2015-05-01,33.601898
2015-05-04,33.796623
2015-05-05,33.430527
2015-05-06,33.017723
2015-05-07,32.970985
2015-05-08,33.39159
2015-05-11,33.072239
2015-05-12,32.963203
2015-05-13,33.025505
2015-05-14,33.352646
2015-05-15,33.609692
2015-05-18,33.26696
2015-05-19,33.321487
2015-05-20,33.298134
2015-05-21,33.181293
2015-05-22,33.290337
2015-05-26,32.760681
2015-05-27,32.768471
2015-05-28,32.340069
2015-05-29,32.028511
2015-06-01,31.903881
2015-06-02,32.028511
2015-06-03,31.864939
2015-06-04,31.382023
2015-06-05,31.241817
2015-06-08,31.234032
2015-06-09,31.047102
2015-06-10,31.498859
2015-06-11,31.343079
2015-06-12,31.343079
2015-06-15,30.992577
2015-06-16,31.00036
2015-06-17,31.187296
2015-06-18,31.475491
2015-06-19,31.202875
2015-06-22,31.654633
2015-06-23,31.966206
2015-06-24,31.740314
2015-06-25,31.631254
2015-06-26,31.333054
2015-06-29,30.63468
2015-06-30,31.089796
2015-07-01,31.066265
2015-07-02,31.215353
2015-07-06,30.344339
2015-07-07,29.88921
2015-07-08,28.861259
2015-07-09,29.41839
2015-07-10,30.163843
2015-07-13,30.367878
2015-07-14,30.422808
2015-07-15,30.077545
2015-07-16,30.454199
2015-07-17,30.414957
2015-07-20,30.218788
2015-07-21,30.226631
2015-07-22,29.795048
2015-07-23,29.504705
2015-07-24,29.080976
2015-07-27,28.531679
2015-07-28,28.822023
2015-07-29,29.104509
2015-07-30,28.814171
2015-07-31,29.128046
2015-08-03,28.641537
2015-08-04,28.743547
2015-08-05,28.751398
2015-08-06,28.500292
2015-08-07,28.484598
2015-08-10,28.963261
2015-08-11,28.327658
2015-08-12,27.888227
2015-08-13,27.841145
2015-08-14,27.880377
2015-08-17,27.574352
2015-08-18,27.276161
2015-08-19,26.93874
2015-08-20,26.515003
2015-08-21,25.698914
2015-08-24,24.576794
2015-08-25,24.890671
2015-08-26,25.714609
2015-08-27,26.852421
2015-08-28,26.507153
2015-08-31,26.554239
2015-09-01,25.526283
2015-09-02,25.89509
2015-09-03,25.997101
2015-09-04,25.220251
2015-09-08,26.020643
2015-09-09,25.887245
2015-09-10,26.154043
2015-09-11,26.256052
2015-09-14,26.216816
2015-09-15,26.467918
2015-09-16,27.111372
2015-09-17,27.048599
2015-09-18,26.546389
2015-09-21,26.499311
2015-09-22,26.004948
2015-09-23,25.589056
2015-09-24,25.479206
2015-09-25,25.424274
2015-09-28,24.882828
2015-09-29,25.000536
2015-09-30,25.722454
2015-10-01,25.863699
2015-10-02,26.554239
2015-10-05,27.127069
2015-10-06,27.079981
2015-10-07,27.80191
2015-10-08,28.100092
2015-10-09,28.202101
2015-10-12,27.990238
2015-10-13,27.535109
2015-10-14,27.746984
2015-10-15,28.421825
2015-10-16,28.445368
2015-10-19,28.155033
2015-10-20,28.147175
2015-10-21,27.739132
2015-10-22,28.311966
2015-10-23,28.476751
2015-10-26,28.2178
2015-10-27,27.896074
2015-10-28,27.574352
2015-10-29,27.315397
2015-10-30,27.362474
2015-11-02,27.903923
2015-11-03,28.27273
2015-11-04,28.045162
2015-11-05,28.092253
2015-11-06,27.699896
2015-11-09,27.009363
2015-11-10,26.891657
2015-11-11,26.946589
2015-11-12,26.68763
2015-11-13,26.318825
2015-11-16,26.828884
2015-11-17,26.75041
2015-11-18,27.040754
2015-11-19,27.28401
2015-11-20,27.558655
2015-11-23,27.2997
2015-11-24,27.440947
2015-11-25,27.229082
2015-11-27,26.632706
2015-11-30,26.671942
2015-12-01,26.875969
2015-12-02,26.554239
2015-12-03,26.405146
2015-12-04,26.585625
2015-12-07,26.146194
2015-12-08,25.855856
2015-12-09,25.643984
2015-12-10,25.471346
2015-12-11,24.757277
2015-12-14,25.157471
2015-12-15,25.541975
2015-12-16,26.04418
2015-12-17,25.706757
2015-12-18,25.620445
2015-12-21,25.820475
2015-12-22,26.027676
2015-12-23,26.394262
2015-12-24,26.298632
2015-12-28,26.115337
2015-12-29,26.139248
2015-12-30,25.732815
2015-12-31,25.653116
2016-01-04,24.951822
2016-01-05,25.007603
2016-01-06,24.529449
2016-01-07,23.772369
2016-01-08,23.517351
2016-01-11,23.50938
2016-01-12,23.557196
2016-01-13,23.310156
2016-01-14,23.612982
2016-01-15,22.680578
2016-01-19,23.015285
2016-01-20,22.51322
2016-01-21,22.600883
2016-01-22,23.373907
2016-01-25,22.975437
2016-01-26,23.310156
2016-01-27,23.230455
2016-01-28,23.597042
2016-01-29,24.362095
2016-02-01,24.130985
2016-02-02,23.349998
2016-02-03,24.011444
2016-02-04,24.19474
2016-02-05,23.915819
2016-02-08,23.589079
2016-02-09,23.262335
2016-02-10,23.357965
2016-02-11,22.967468
2016-02-12,23.365934
2016-02-16,23.883936
2016-02-17,24.354126
2016-02-18,24.21068
2016-02-19,24.099106
2016-02-22,24.696804
2016-02-23,24.170834
2016-02-24,24.115044
2016-02-25,24.19474
2016-02-26,23.95566
2016-02-29,24.162861
2016-03-01,25.023544
2016-03-02,25.358255
2016-03-03,25.645151
2016-03-04,26.155184
2016-03-07,26.115337
2016-03-08,25.669054
2016-03-09,25.828444
2016-03-10,25.868288
2016-03-11,26.410198
2016-03-14,26.250814
2016-03-15,25.876261
2016-03-16,26.394262
2016-03-17,26.976023
2016-03-18,27.119461
2016-03-21,27.175253
2016-03-22,27.1115
2016-03-23,26.649281
2016-03-24,26.585522
2016-03-28,26.673195
2016-03-29,27.03977
2016-03-30,27.318691
2016-03-31,27.294794
2016-04-01,27.215099
2016-04-04,26.888363
2016-04-05,26.362389
2016-04-06,26.681158
2016-04-07,26.147217
2016-04-08,26.60146
2016-04-11,26.944145
2016-04-12,27.358549
2016-04-13,27.844666
2016-04-14,27.709194
2016-04-15,27.54981
2016-04-18,27.677317
2016-04-19,28.09968
2016-04-20,27.972183
2016-04-21,27.693254
2016-04-22,27.525902
2016-04-25,27.350578
2016-04-26,27.645435
2016-04-27,27.812798
2016-04-28,27.525902
2016-04-29,27.406357
2016-05-02,27.334642
2016-05-03,26.561619
2016-05-04,26.131275
2016-05-05,26.12331
2016-05-06,26.163149
2016-05-09,25.828444
2016-05-10,26.322538
2016-05-11,26.258783
2016-05-12,26.187061
2016-05-13,25.716877
2016-05-16,26.027676
2016-05-17,25.908134
2016-05-18,25.653116
2016-05-19,25.414038
2016-05-20,25.669054
2016-05-23,25.621244
2016-05-24,25.884226
2016-05-25,26.19503
2016-05-26,26.370352
2016-05-27,26.362389
2016-05-31,26.394262
2016-06-01,26.378319
2016-06-02,26.593494
2016-06-03,26.999926
2016-06-06,27.286819
2016-06-07,27.533867
2016-06-08,27.733097
2016-06-09,27.414337
2016-06-10,26.721001
2016-06-13,26.346445
2016-06-14,26.258783
2016-06-15,26.537708
2016-06-16,26.442076
2016-06-17,26.513802
2016-06-20,26.983986
2016-06-21,27.191191
2016-06-22,27.260265
2016-06-23,27.91888
2016-06-24,26.224155
2016-06-27,25.886808
2016-06-28,26.649841
2016-06-29,27.32452
2016-06-30,27.597605
2016-07-01,27.862652
2016-07-05,27.268293
2016-07-06,27.196003
2016-07-07,27.123724
2016-07-08,27.710052
2016-07-11,27.9751
2016-07-12,28.368664
2016-07-13,28.320469
2016-07-14,28.730101
2016-07-15,28.665844
2016-07-18,28.922861
2016-07-19,28.625694
2016-07-20,28.770256
2016-07-21,28.681906
2016-07-22,28.890736
2016-07-25,28.601589
2016-07-26,28.826485
2016-07-27,28.922861
2016-07-28,28.930906
2016-07-29,29.083508
2016-08-01,29.027281
2016-08-02,28.818459
2016-08-03,28.914835
2016-08-04,29.07547
2016-08-05,29.412809
2016-08-08,29.621635
2016-08-09,29.822441
2016-08-10,29.830473
2016-08-11,30.215998
2016-08-12,30.103558
2016-08-15,30.416796
2016-08-16,30.280249
2016-08-17,30.087488
2016-08-18,30.368612
2016-08-19,30.199938
2016-08-22,29.798342
2016-08-23,29.67787
2016-08-24,29.758184
2016-08-25,29.782286
2016-08-26,29.525255
2016-08-29,29.750149
2016-08-30,29.669832
2016-08-31,29.340525
2016-09-01,29.565424
2016-09-02,30.047331
2016-09-06,30.689877
2016-09-07,30.5935
2016-09-08,30.513182
2016-09-09,29.485098
2016-09-12,29.685898
2016-09-13,28.938929
2016-09-14,29.027281
2016-09-15,29.525255
2016-09-16,29.324465
2016-09-19,29.557392
2016-09-20,29.573446
2016-09-21,30.40073
2016-09-22,30.617598
2016-09-23,30.224035
2016-09-26,29.782286
2016-09-27,30.207975
2016-09-28,30.481058
2016-09-29,29.950951
2016-09-30,30.079458
2016-10-03,30.288288
2016-10-04,29.950951
2016-10-05,30.384678
2016-10-06,30.40877
2016-10-07,30.272221
2016-10-10,30.601534
2016-10-11,29.894728
2016-10-12,29.838505
2016-10-13,29.573446
2016-10-14,29.621635
2016-10-17,29.589514
2016-10-18,30.111582
2016-10-19,30.29632
2016-10-20,30.207975
2016-10-21,30.199938
2016-10-24,30.328455
2016-10-25,30.36058
2016-10-26,30.039305
2016-10-27,29.782286
2016-10-28,29.661802
2016-10-31,29.830473
2016-11-01,29.589514
2016-11-02,29.236109
2016-11-03,29.15579
2016-11-04,28.858614
2016-11-07,29.90276
2016-11-08,30.095526
2016-11-09,29.115631
2016-11-10,28.288345
2016-11-11,27.750206
2016-11-14,27.549414
2016-11-15,28.103617
2016-11-16,27.870693
2016-11-17,27.910849
2016-11-18,27.782337
2016-11-21,28.055418
2016-11-22,28.48111
2016-11-23,28.1759
2016-11-25,28.312449
2016-11-28,28.424889
2016-11-29,28.465055
2016-11-30,28.513241
2016-12-01,28.1759
2016-12-02,28.208033
2016-12-05,28.440954
2016-12-06,28.593561
2016-12-07,29.07547
2016-12-08,29.203981
2016-12-09,29.051376
2016-12-12,28.858614
2016-12-13,29.179892
2016-12-14,28.312449
2016-12-15,28.360636
2016-12-16,28.232122
2016-12-19,28.039358
2016-12-20,28.135738
2016-12-21,28.018764
2016-12-22,27.685682
2016-12-23,27.848154
2016-12-27,27.970015
2016-12-28,28.181231
2016-12-29,28.644281
2016-12-30,28.441195
2017-01-03,28.782389
2017-01-04,29.001736
2017-01-05,29.318554
2017-01-06,29.196699
2017-01-09,29.172333
2017-01-10,29.342922
2017-01-11,29.692253
2017-01-12,29.822227
2017-01-13,29.797853
2017-01-17,29.78161
2017-01-18,29.619131
2017-01-19,29.529772
2017-01-20,29.586637
2017-01-23,30.025322
2017-01-24,30.212168
2017-01-25,30.54524
2017-01-26,30.415255
2017-01-27,30.439634
2017-01-30,30.277157
2017-01-31,30.334023
2017-02-01,30.350277
2017-02-02,30.480253
2017-02-03,30.667093
2017-02-06,30.593987
2017-02-07,30.439634
2017-02-08,30.626469
2017-02-09,30.764578
2017-02-10,31.048906
2017-02-13,31.146391
2017-02-14,31.178892
2017-02-15,31.430725
2017-02-16,31.317007
2017-02-17,31.187017
2017-02-21,31.528217
2017-02-22,31.625698
2017-02-23,31.633829
2017-02-24,31.260124
2017-02-27,31.162655
2017-02-28,30.862066
2017-03-01,31.341362
2017-03-02,30.788952
2017-03-03,31.024536
2017-03-06,31.040781
2017-03-07,31.073286
2017-03-08,30.780825
2017-03-09,30.537117
2017-03-10,30.878315
2017-03-13,31.308882
2017-03-14,31.130144
2017-03-15,31.942518
2017-03-16,32.137497
2017-03-17,32.080631
2017-03-20,32.454319
2017-03-21,32.09687
2017-03-22,32.251221
2017-03-23,32.25935
2017-03-24,32.340591
2017-03-27,32.251221
2017-03-28,32.340591
2017-03-29,32.397457
2017-03-30,32.226841
2017-03-31,31.999388
2017-04-03,32.178108
2017-04-04,32.194366
2017-04-05,32.09687
2017-04-06,32.040001
2017-04-07,31.983139
2017-04-10,31.853165
2017-04-11,31.780052
2017-04-12,31.934401
2017-04-13,31.796303
2017-04-17,32.129372
2017-04-18,31.723177
2017-04-19,31.528217
2017-04-20,31.918148
2017-04-21,31.918148
2017-04-24,32.373089
2017-04-25,32.65741
2017-04-26,32.535561
2017-04-27,32.494942
2017-04-28,32.543678
2017-05-01,32.730522
2017-05-02,32.966118
2017-05-03,32.746777
2017-05-04,32.381207
2017-05-05,32.649277
2017-05-08,32.641163
2017-05-09,33.055481
2017-05-10,33.274803
2017-05-11,33.347927
2017-05-12,33.486034
2017-05-15,33.827232
2017-05-16,33.859726
2017-05-17,33.282936
2017-05-18,32.730522
2017-05-19,33.429165
2017-05-22,33.461655
2017-05-23,33.494152
2017-05-24,33.624142
2017-05-25,33.78661
2017-05-26,33.908466
2017-05-30,33.729736
2017-05-31,33.469791
2017-06-01,33.754116
2017-06-02,33.924709
2017-06-05,33.884094
2017-06-06,33.900345
2017-06-07,33.859726
2017-06-08,34.062817
2017-06-09,33.802864
2017-06-12,33.624142
2017-06-13,33.78661
2017-06-14,33.778484
2017-06-15,33.429165
2017-06-16,33.486034
2017-06-19,33.819099
2017-06-20,33.44532
2017-06-21,33.518761
2017-06-22,33.690155
2017-06-23,33.869713
2017-06-26,34.196159
2017-06-27,33.796249
2017-06-28,34.057419
2017-06-29,33.624874
2017-06-30,33.779938
2017-07-03,33.9758
2017-07-05,33.910515
2017-07-06,33.502445
2017-07-07,33.567738
2017-07-10,33.886021
2017-07-11,34.163513
2017-07-12,34.824589
2017-07-13,34.995979
2017-07-14,35.436695
2017-07-17,35.27346
2017-07-18,35.379559
2017-07-19,35.67337
2017-07-20,35.632561
2017-07-21,35.608074
2017-07-24,35.714172
2017-07-25,35.624409
2017-07-26,35.918209
2017-07-27,35.722343
2017-07-28,35.706013
2017-07-31,35.746815
2017-08-01,35.852924
2017-08-02,35.885571
2017-08-03,35.738663
2017-08-04,35.869247
2017-08-07,36.114086
2017-08-08,36.122242
2017-08-09,35.795784
2017-08-10,34.947006
2017-08-11,35.028614
2017-08-14,35.387718
2017-08-15,35.428528
2017-08-16,35.795784
2017-08-17,35.338757
2017-08-18,35.64072
2017-08-21,35.771309
2017-08-22,36.171211
2017-08-23,36.342602
2017-08-24,36.456852
2017-08-25,36.66906
2017-08-28,36.538479
2017-08-29,36.473186
2017-08-30,36.530323
2017-08-31,36.587448
2017-09-01,36.856766
2017-09-05,36.375252
2017-09-06,36.611931
2017-09-07,36.881252
2017-09-08,36.63641
2017-09-11,37.126091
2017-09-12,37.085281
2017-09-13,36.889416
2017-09-14,36.98735
2017-09-15,37.20771
2017-09-18,37.338291
2017-09-19,37.419907
2017-09-20,37.24852
2017-09-21,37.24852
2017-09-22,37.036327
2017-09-25,36.40789
2017-09-26,36.309959
2017-09-27,36.179375
2017-09-28,36.154896
2017-09-29,36.571121
2017-10-02,36.579281
2017-10-03,37.158745
2017-10-04,37.150581
2017-10-05,37.42807
2017-10-06,37.24036
2017-10-09,37.21587
2017-10-10,37.583138
2017-10-11,37.75452
2017-10-12,37.738201
2017-10-13,38.080978
2017-10-16,38.056492
2017-10-17,37.860619
2017-10-18,37.950394
2017-10-19,37.615791
2017-10-20,37.75452
2017-10-23,37.452549
2017-10-24,37.452549
2017-10-25,37.370941
2017-10-26,37.117935
2017-10-27,37.656582
2017-10-30,37.419907
2017-10-31,37.770844
2017-11-01,37.966721
2017-11-02,38.015686
2017-11-03,37.819817
2017-11-06,38.244205
2017-11-07,37.999367
2017-11-08,38.178917
2017-11-09,37.942238
2017-11-10,37.779007
2017-11-13,37.697388
2017-11-14,37.444386
2017-11-15,37.24852
2017-11-16,38.023846
2017-11-17,38.211555
2017-11-20,38.407433
2017-11-21,38.921589
2017-11-22,39.019535
2017-11-24,38.937923
2017-11-27,38.366623
2017-11-28,38.652283
2017-11-29,38.040173
2017-11-30,37.623936
2017-12-01,37.411743
2017-12-04,37.485195
2017-12-05,37.460716
2017-12-06,36.954704
2017-12-07,37.060802
2017-12-08,37.493347
2017-12-11,37.681068
2017-12-12,37.42807
2017-12-13,37.876945
2017-12-14,37.599449
2017-12-15,37.681068
2017-12-18,38.105453
2017-12-19,37.904129
2017-12-20,37.953838
2017-12-21,38.2024
2017-12-22,38.525513
2017-12-26,38.492374
2017-12-27,38.591801
2017-12-28,38.856915
2017-12-29,39.039181
2018-01-02,39.776554
2018-01-03,40.157665
2018-01-04,40.35651
2018-01-05,40.704479
2018-01-08,40.704479
2018-01-09,40.638206
2018-01-10,40.381367
2018-01-11,40.629917
2018-01-12,41.019318
2018-01-16,40.861897
2018-01-17,41.400425
2018-01-18,41.450134
2018-01-19,41.789818
2018-01-22,42.030098
2018-01-23,42.228928
2018-01-24,42.585186
2018-01-25,42.560337
2018-01-26,43.148571
2018-01-29,42.494049
2018-01-30,41.914101
2018-01-31,42.278652
2018-02-01,41.706966
2018-02-02,40.638206
2018-02-05,39.213169
2018-02-06,40.489071
2018-02-07,39.213169
2018-02-08,37.85442
2018-02-09,38.459232
2018-02-12,39.064045
2018-02-13,39.362309
2018-02-14,40.348221
2018-02-15,41.176731
2018-02-16,41.044167
2018-02-20,40.480785
2018-02-21,40.447639
2018-02-22,40.472496
2018-02-23,41.193302
2018-02-26,41.574406
2018-02-27,40.364803
2018-02-28,39.78484
2018-03-01,39.710278
2018-03-02,39.875977
2018-03-05,39.933968
2018-03-06,40.306793
2018-03-07,40.348221
2018-03-08,40.35651
2018-03-09,41.218151
2018-03-12,41.317574
2018-03-13,40.944748
2018-03-14,41.011024
2018-03-15,40.861897
2018-03-16,40.770767
2018-03-19,40.331654
2018-03-20,40.779045
2018-03-21,41.019318
2018-03-22,39.652279
2018-03-23,38.848629
2018-03-26,40.107956
2018-03-27,39.378868
2018-03-28,39.180035
2018-03-29,40.000248
2018-04-02,39.279453
2018-04-03,39.668846
2018-04-04,39.685417
2018-04-05,39.78484
2018-04-06,39.00605
2018-04-09,39.04747
2018-04-10,39.8097
2018-04-11,39.826267
2018-04-12,39.8097
2018-04-13,39.412018
2018-04-16,39.46172
2018-04-17,39.544575
2018-04-18,39.884262
2018-04-19,39.652279
2018-04-20,39.155174
2018-04-23,38.840347
2018-04-24,38.658073
2018-04-25,38.35981
2018-04-26,38.914913
2018-04-27,39.155174
2018-04-30,38.873482
2018-05-01,38.68293
2018-05-02,38.376381
2018-05-03,38.293533
2018-05-04,38.46751
2018-05-07,38.243824
2018-05-08,38.459232
2018-05-09,38.533798
2018-05-10,39.337444
2018-05-11,39.271164
2018-05-14,39.320873
2018-05-15,38.508945
2018-05-16,39.088894
2018-05-17,38.492374
2018-05-18,38.169258
2018-05-21,38.401237
2018-05-22,38.533798
2018-05-23,38.517227
2018-05-24,38.310108
2018-05-25,38.46751
2018-05-29,37.572731
2018-05-30,37.870995
2018-05-31,37.85442
2018-06-01,38.384666
2018-06-04,38.774067
2018-06-05,38.475807
2018-06-06,39.055759
2018-06-07,38.459232
2018-06-08,38.384666
2018-06-11,38.384666
2018-06-12,38.28524
2018-06-13,38.028416
2018-06-14,37.771568
2018-06-15,37.473316
2018-06-18,37.017632
2018-06-19,36.609016
2018-06-20,36.76746
2018-06-21,36.250423
2018-06-22,36.625694
2018-06-25,36.133686
2018-06-26,35.991913
2018-06-27,35.299755
2018-06-28,35.599968
2018-06-29,36.133686
2018-07-02,35.775105
2018-07-03,35.80011
2018-07-05,35.708382
2018-07-06,36.20039
2018-07-09,36.850849
2018-07-10,36.76746
2018-07-11,36.050282
2018-07-12,36.542297
2018-07-13,36.56731
2018-07-16,36.367172
2018-07-17,36.634033
2018-07-18,36.592342
2018-07-19,36.142014
2018-07-20,36.659039
2018-07-23,36.417206
2018-07-24,36.950924
2018-07-25,37.551334
2018-07-26,37.13438
2018-07-27,37.267799
2018-07-30,37.209431
2018-07-31,37.409573
2018-08-01,37.076008
2018-08-02,36.584
2018-08-03,36.867527
2018-08-06,36.584
2018-08-07,36.959263
2018-08-08,36.909222
2018-08-09,36.800819
2018-08-10,36.01693
2018-08-13,35.424854
2018-08-14,35.64167
2018-08-15,34.61594
2018-08-16,34.832771
2018-08-17,35.199684
2018-08-20,35.358135
2018-08-21,35.808449
2018-08-22,36.091984
2018-08-23,35.50824
2018-08-24,36.167034
2018-08-27,36.684055
2018-08-28,36.550636
2018-08-29,36.775787
2018-08-30,35.816792
2018-08-31,36.000252
2018-09-04,35.299755
2018-09-05,34.79108
2018-09-06,34.824421
2018-09-07,34.649307
2018-09-10,34.307396
2018-09-11,34.382442
2018-09-12,34.557575
2018-09-13,35.02457
2018-09-14,34.991211
2018-09-17,34.674324
2018-09-18,35.007881
2018-09-19,35.491562
2018-09-20,35.883503
2018-09-21,36.050282
2018-09-24,35.64167
2018-09-25,35.783436
2018-09-26,35.858482
2018-09-27,36.033604
2018-09-28,35.791763
2018-10-01,35.80011
2018-10-02,35.349792
2018-10-03,35.05793
2018-10-04,34.182312
2018-10-05,34.05722
2018-10-08,34.107258
2018-10-09,33.982166
2018-10-10,32.973129
2018-10-11,32.639568
2018-10-12,33.598564
2018-10-15,33.239986
2018-10-16,34.073902
2018-10-17,33.656948
2018-10-18,32.772987
2018-10-19,33.081528
2018-10-22,33.440121
2018-10-23,33.0732
2018-10-24,32.005787
2018-10-25,32.622887
2018-10-26,32.247616
2018-10-29,31.688894
2018-10-30,32.306
2018-10-31,32.656239
2018-11-01,33.823727
2018-11-02,34.040546
2018-11-05,34.132275
2018-11-06,34.073902
2018-11-07,34.716011
2018-11-08,33.815384
2018-11-09,33.189945
2018-11-12,32.722954
2018-11-13,33.098225
2018-11-14,33.298347
2018-11-15,34.040546
2018-11-16,34.107258
2018-11-19,33.648598
2018-11-20,32.923092
2018-11-21,33.531853
2018-11-23,33.139912
2018-11-26,33.548527
2018-11-27,33.782028
2018-11-28,34.590923
2018-11-29,34.290722
2018-11-30,34.257362
2018-12-03,34.949512
2018-12-04,34.207329
2018-12-06,33.890438
2018-12-07,33.25666
2018-12-10,32.90641
2018-12-11,33.15659
2018-12-12,33.698639
2018-12-13,33.6903
2018-12-14,33.214958
2018-12-17,32.90641
2018-12-18,33.129883
2018-12-19,32.579685
2018-12-20,32.833622
2018-12-21,32.60508
2018-12-24,32.300358
2018-12-26,32.943657
2018-12-27,32.901329
2018-12-28,33.214523
2018-12-31,33.062168
2019-01-02,33.146801
2019-01-03,32.545826
2019-01-04,33.595428
2019-01-07,33.671604
2019-01-08,33.798561
2019-01-09,34.39954
2019-01-10,34.645016
2019-01-11,34.475727
2019-01-14,34.187939
2019-01-15,34.424946
2019-01-16,34.84816
2019-01-17,35.000515
2019-01-18,35.169811
2019-01-22,34.560371
2019-01-23,34.915874
2019-01-24,35.254456
2019-01-25,35.719994
2019-01-28,35.347557
2019-01-29,35.406822
2019-01-30,36.177078
2019-01-31,36.481808
2019-02-01,36.194008
2019-02-04,36.253262
2019-02-05,36.752663
2019-02-06,36.253262
2019-02-07,35.88929
2019-02-08,35.686138
2019-02-11,35.567638
2019-02-12,35.863892
2019-02-13,35.609959
2019-02-14,35.677677
2019-02-15,35.626888
2019-02-19,35.906219
2019-02-20,36.10936
2019-02-21,36.033188
2019-02-22,36.431015
2019-02-25,36.837311
2019-02-26,36.710339
2019-02-27,36.397152
2019-02-28,35.923149
2019-03-01,35.965466
2019-03-04,36.016254
2019-03-05,36.371765
2019-03-06,36.168617
2019-03-07,35.499924
2019-03-08,35.245991
2019-03-11,35.906219
2019-03-12,36.092434
2019-03-13,36.134754
2019-03-14,35.940071
2019-03-15,36.464867
2019-03-18,36.871166
2019-03-19,36.8881
2019-03-20,36.947346
2019-03-21,36.998131
2019-03-22,35.91468
2019-03-25,35.999325
2019-03-26,36.10936
2019-03-27,35.719994
2019-03-28,35.957008
2019-03-29,36.32943
2019-04-01,36.930408
2019-04-02,36.811913
2019-04-03,37.065853
2019-04-04,37.294392
2019-04-05,37.582184
2019-04-08,37.582184
2019-04-09,37.506001
2019-04-10,37.68375
2019-04-11,37.277458
2019-04-12,37.548317
2019-04-15,37.353645
2019-04-16,37.632969
2019-04-17,37.743
2019-04-18,37.717613
2019-04-22,37.472137
2019-04-23,37.556786
2019-04-24,37.048916
2019-04-25,36.998131
2019-04-26,37.142029
2019-04-29,37.218208
2019-04-30,37.184349
2019-05-01,36.905018
2019-05-02,36.989662
2019-05-03,37.429817
2019-05-06,36.659554
2019-05-07,35.940071
2019-05-08,35.88929
2019-05-09,35.322166
2019-05-10,35.533779
2019-05-13,34.348763
2019-05-14,34.83123
2019-05-15,34.898945
2019-05-16,34.729652
2019-05-17,34.103291
2019-05-20,33.9594
2019-05-21,34.391083
2019-05-22,34.22179
2019-05-23,33.781643
2019-05-24,33.815498
2019-05-28,33.933998
2019-05-29,34.154072
2019-05-30,34.340294
2019-05-31,34.458794
2019-06-03,34.771976
2019-06-04,34.84816
2019-06-05,34.568832
2019-06-06,34.585766
2019-06-07,34.856625
2019-06-10,35.2206
2019-06-11,35.618427
2019-06-12,35.237518
2019-06-13,35.178276
2019-06-14,34.788906
2019-06-17,34.926228
2019-06-18,35.770596
2019-06-19,36.069107
2019-06-20,36.597908
2019-06-21,36.4785
2019-06-24,36.427326
2019-06-25,36.052059
2019-06-26,36.393211
2019-06-27,36.649082
2019-06-28,36.597908
2019-07-01,37.03289
2019-07-02,36.939064
2019-07-03,36.870842
2019-07-05,36.614967
2019-07-08,36.393211
2019-07-09,36.282337
2019-07-10,36.589382
2019-07-11,36.521145
2019-07-12,36.54673
2019-07-15,36.683197
2019-07-16,36.632027
2019-07-17,36.521145
2019-07-18,36.742901
2019-07-19,36.555264
2019-07-22,36.563793
2019-07-23,36.606438
2019-07-24,36.666142
2019-07-25,36.342037
2019-07-26,36.418812
2019-07-29,36.350567
2019-07-30,36.069107
2019-07-31,35.625603
2019-08-01,34.926228
2019-08-02,34.585064
2019-08-05,33.305717
2019-08-06,33.783348
2019-08-07,33.936871
2019-08-08,34.354782
2019-08-09,34.005089
2019-08-12,33.595707
2019-08-13,34.022152
2019-08-14,33.041321
2019-08-15,33.263069
2019-08-16,33.72364
2019-08-19,33.8601
2019-08-20,33.928329
2019-08-21,34.252434
2019-08-22,33.808933
2019-08-23,33.305717
2019-08-26,33.484821
2019-08-27,33.544529
2019-08-28,33.638344
2019-08-29,34.013622
2019-08-30,34.278019
2019-09-03,34.064796
2019-09-04,34.636242
2019-09-05,35.028572
2019-09-06,35.182095
2019-09-09,35.292976
2019-09-10,35.318562
2019-09-11,35.565895
2019-09-12,35.821774
2019-09-13,36.026474
2019-09-16,35.745007
2019-09-17,35.745007
2019-09-18,35.600021
2019-09-19,35.455025
2019-09-20,35.48914
2019-09-23,35.523254
2019-09-24,35.147976
2019-09-25,35.122395
2019-09-26,35.113861
2019-09-27,34.661827
2019-09-30,34.857998
2019-10-01,34.610657
2019-10-02,34.346252
2019-10-03,34.789764
2019-10-04,34.943291
2019-10-07,34.653294
2019-10-08,34.405952
2019-10-09,34.670357
2019-10-10,35.028572
2019-10-11,35.591484
2019-10-14,35.437962
2019-10-15,35.753536
2019-10-16,35.855888
2019-10-17,35.992352
2019-10-18,35.80471
2019-10-21,36.128819
2019-10-22,36.154404
2019-10-23,36.162933
2019-10-24,36.162933
2019-10-25,36.418812
2019-10-28,36.632027
2019-10-29,36.444382
2019-10-30,36.606438
2019-10-31,36.316444
2019-11-01,36.862312
2019-11-04,37.229057
2019-11-05,37.44228
2019-11-06,37.322876
2019-11-07,37.595802
2019-11-08,37.254642
2019-11-11,36.990246
2019-11-12,36.751431
2019-11-13,36.469971
2019-11-14,36.49556
2019-11-15,36.785553
2019-11-18,36.725845
2019-11-19,36.802612
2019-11-20,36.640545
2019-11-21,36.563793
2019-11-22,36.563793
2019-11-25,36.930538
2019-11-26,36.81966
2019-11-27,36.862312
2019-11-29,36.282337
2019-12-02,36.2738
2019-12-03,36.086166
2019-12-04,36.359097
2019-12-05,36.521145
2019-12-06,36.734371
2019-12-09,36.589382
2019-12-10,36.717312
2019-12-11,37.254642
2019-12-12,37.90284
2019-12-13,37.885788
2019-12-16,38.207226
2019-12-17,38.555672
2019-12-18,38.764744
2019-12-19,38.782173
2019-12-20,38.860565
2019-12-23,38.912834
2019-12-24,38.825714
2019-12-26,39.104481
2019-12-27,39.26128
2019-12-30,38.99995
2019-12-31,39.087059
2020-01-02,39.87978
2020-01-03,39.139332
2020-01-06,39.04351
2020-01-07,39.017365
2020-01-08,39.243862
2020-01-09,39.505196
2020-01-10,39.71426
2020-01-13,40.332752
2020-01-14,40.106277
2020-01-15,39.792664
2020-01-16,40.045288
2020-01-17,40.271778
2020-01-21,39.252575
2020-01-22,39.574894
2020-01-23,39.165459
2020-01-24,38.85186
2020-01-27,37.510338
2020-01-28,37.823933
2020-01-29,38.006882
2020-01-30,37.440639
2020-01-31,36.68277
2020-02-03,37.092197
2020-02-04,38.050423
2020-02-05,38.268208
2020-02-06,38.303051
2020-02-07,37.771671
2020-02-10,37.98074
2020-02-11,38.477268
2020-02-12,38.99995
2020-02-13,38.485985
2020-02-14,38.50341
2020-02-18,38.250782
2020-02-19,38.529545
2020-02-20,37.928474
2020-02-21,37.71069
2020-02-24,36.299484
2020-02-25,36.012005
2020-02-26,36.299484
2020-02-27,35.428364
2020-02-28,35.297695
2020-03-02,36.064281
2020-03-03,35.820358
2020-03-04,36.45628
2020-03-05,35.689701
2020-03-06,34.957962
2020-03-09,32.571102
2020-03-10,34.226223
2020-03-11,32.632072
2020-03-12,29.365379
2020-03-13,31.482193
2020-03-16,27.553459
2020-03-17,29.452492
2020-03-18,26.908831
2020-03-19,27.117901
2020-03-20,27.318254
2020-03-23,26.664917
2020-03-24,28.668488
2020-03-25,29.678989
2020-03-26,30.802729
2020-03-27,29.051783
2020-03-30,29.530899
2020-03-31,29.731256
2020-04-01,28.459417
2020-04-02,29.41765
2020-04-03,28.860134
2020-04-06,30.436859
2020-04-07,30.593657
2020-04-08,30.907263
2020-04-09,30.794018
2020-04-13,30.837572
2020-04-14,31.543177
2020-04-15,30.733034
2020-04-16,30.898556
2020-04-17,31.586729
2020-04-20,31.18602
2020-04-21,30.323612
2020-04-22,31.151171
2020-04-23,31.03793
2020-04-24,30.994375
2020-04-27,31.621572
2020-04-28,31.68256
2020-04-29,32.605942
2020-04-30,31.917755
2020-05-01,30.767881
2020-05-04,31.098907
2020-05-05,31.273129
2020-05-06,31.177305
2020-05-07,31.429934
2020-05-08,32.091988
2020-05-11,31.882917
2020-05-12,31.760958
2020-05-13,31.699978
2020-05-14,31.821941
2020-05-15,31.386377
2020-05-18,32.614651
2020-05-19,32.353321
2020-05-20,32.780163
2020-05-21,32.405594
2020-05-22,31.734821
2020-05-26,32.431725
2020-05-27,32.536251
2020-05-28,32.309757
2020-05-29,32.867275
2020-06-01,33.625153
2020-06-02,34.426575
2020-06-03,35.228004
2020-06-04,34.731468
2020-06-05,35.646141
2020-06-08,35.863918
2020-06-09,35.62001
2020-06-10,35.881348
2020-06-11,34.008442
2020-06-12,34.731468
2020-06-15,34.416054
2020-06-16,34.635094
2020-06-17,34.968037
2020-06-18,34.985561
2020-06-19,34.976803
2020-06-22,35.406124
2020-06-23,35.747829
2020-06-24,35.274693
2020-06-25,35.423653
2020-06-26,34.994328
2020-06-29,35.152031
2020-06-30,35.038132
2020-07-01,35.432404
2020-07-02,36.238487
2020-07-06,37.798077
2020-07-07,37.167225
2020-07-08,38.131023
2020-07-09,38.131023
2020-07-10,37.885689
2020-07-13,37.631603
2020-07-14,37.68417
2020-07-15,37.798077
2020-07-16,37.263603
2020-07-17,37.473892
2020-07-20,37.955784
2020-07-21,38.306259
2020-07-22,38.139778
2020-07-23,37.833122
2020-07-24,37.798077
2020-07-27,38.385109
2020-07-28,38.069683
2020-07-29,38.683002
2020-07-30,38.192352
2020-07-31,37.929497
2020-08-03,38.192352
2020-08-04,38.700523
2020-08-05,39.121098
2020-08-06,39.243755
2020-08-07,38.437683
2020-08-10,38.534054
2020-08-11,38.428917
2020-08-12,38.945866
2020-08-13,38.831955
2020-08-14,38.76186
2020-08-17,39.252525
2020-08-18,39.20871
2020-08-19,38.72681
2020-08-20,38.604153
2020-08-21,38.796909
2020-08-24,39.226242
2020-08-25,39.62051
2020-08-26,39.725651
2020-08-27,39.392708
2020-08-28,39.909645
2020-08-31,39.024708
2020-09-01,39.690605
2020-09-02,39.585464
2020-09-03,38.831955
2020-09-04,38.849483
2020-09-08,38.174828
2020-09-09,38.744335
2020-09-10,38.122253
2020-09-11,38.49025
2020-09-14,39.112335
2020-09-15,39.524139
2020-09-16,39.471561
2020-09-17,39.31385
2020-09-18,39.007195
2020-09-21,38.647972
2020-09-22,38.358826
2020-09-23,37.76302
2020-09-24,37.587788
2020-09-25,37.622845
2020-09-28,38.0434
2020-09-29,38.017113
2020-09-30,38.63044
2020-10-01,38.98967
2020-10-02,38.542824
2020-10-05,39.059761
2020-10-06,39.129856
2020-10-07,39.559181
2020-10-08,39.883362
2020-10-09,40.15498
2020-10-12,40.505451
2020-10-13,40.338978
2020-10-14,40.067352
2020-10-15,39.778225
2020-10-16,39.918404
2020-10-19,39.804516
2020-10-20,40.242599
2020-10-21,40.356499
2020-10-22,40.347729
2020-10-23,40.584301
2020-10-26,40.058601
2020-10-27,40.233837
2020-10-28,39.226242
2020-10-29,39.62051
2020-10-30,39.173664
2020-11-02,39.673077
2020-11-03,39.848312
2020-11-04,41.101246
2020-11-05,41.802181
2020-11-06,41.994938
2020-11-09,42.284073
2020-11-10,41.802181
2020-11-11,42.073795
2020-11-12,41.758366
2020-11-13,42.345402
2020-11-16,42.871109
2020-11-17,42.827297
2020-11-18,42.678349
2020-11-19,42.748447
2020-11-20,42.985016
2020-11-23,43.098919
2020-11-24,43.677185
2020-11-25,43.431858
2020-11-27,43.843658
2020-11-30,42.695873
2020-12-01,43.536999
2020-12-02,43.598331
2020-12-03,44.097759
2020-12-04,44.553356
2020-12-07,44.553356
2020-12-08,44.570877
2020-12-09,44.185371
2020-12-10,44.754887
2020-12-11,44.439461
2020-12-14,44.20842
2020-12-15,44.686436
2020-12-16,44.898891
2020-12-17,45.191021
2020-12-18,45.137905
2020-12-21,44.473984
2020-12-22,44.119892
2020-12-23,44.571362
2020-12-24,44.376606
2020-12-28,44.500538
2020-12-29,45.164467
2020-12-30,45.766426
2020-12-31,45.739861
2021-01-04,46.031986
2021-01-05,47.138519
2021-01-06,46.740173
2021-01-07,47.182789
2021-01-08,48.430965
2021-01-11,47.775894
2021-01-12,48.245068
2021-01-13,48.351292
2021-01-14,48.802757
2021-01-15,48.112278
2021-01-19,48.908981
2021-01-20,49.76767
2021-01-21,49.856186
2021-01-22,49.422421
2021-01-25,49.794216
2021-01-26,49.431278
2021-01-27,48.059166
2021-01-28,48.395557
2021-01-29,47.191639
2021-02-01,48.466373
2021-02-02,49.094883
2021-02-03,49.342754
2021-02-04,49.360455
2021-02-05,49.785366
2021-02-08,49.873894
2021-02-09,50.405022
2021-02-10,50.582077
2021-02-11,51.122066
2021-02-12,51.166325
2021-02-16,51.290257
2021-02-17,51.307961
2021-02-18,50.599781
2021-02-19,50.927311
2021-02-22,49.431278
2021-02-23,49.652576
2021-02-24,49.333897
2021-02-25,48.209656
2021-02-26,47.563446
2021-03-01,48.838165
2021-03-02,48.360142
2021-03-03,48.262768
2021-03-04,47.138519
2021-03-05,47.651962
2021-03-08,46.368378
2021-03-09,47.386387
2021-03-10,47.173939
2021-03-11,48.661129
2021-03-12,47.793598
2021-03-15,47.908676
2021-03-16,48.112278
2021-03-17,48.174244
2021-03-18,47.289009
2021-03-19,47.873272
2021-03-22,47.731625
2021-03-23,46.819847
2021-03-24,45.748714
2021-03-25,45.96117
2021-03-26,47.156227
2021-03-29,46.828705
2021-03-30,46.979191
2021-03-31,47.218197
2021-04-01,47.678516
2021-04-05,47.864418
2021-04-06,48.129986
2021-04-07,47.421803
2021-04-08,47.811302
2021-04-09,47.404087
2021-04-12,47.120827
2021-04-13,47.315571
2021-04-14,47.554588
2021-04-15,47.988346
2021-04-16,48.112278
2021-04-19,47.935234
2021-04-20,47.545727
2021-04-21,47.837856
2021-04-22,47.669662
2021-04-23,48.360142
2021-04-26,48.422115
2021-04-27,48.395557
2021-04-28,48.758503
2021-04-29,48.643414
2021-04-30,47.784744
2021-05-03,47.784744
2021-05-04,47.244755
2021-05-05,47.466068
2021-05-06,47.917534
2021-05-07,48.413254
2021-05-10,47.545727
2021-05-11,47.412956
2021-05-12,46.102814
2021-05-13,46.040836
2021-05-14,46.872959
2021-05-17,46.828705
2021-05-18,47.457207
2021-05-19,47.315571
2021-05-20,47.589989
2021-05-21,47.041153
2021-05-24,47.430653
2021-05-25,47.899822
2021-05-26,48.25391
2021-05-27,48.262768
2021-05-28,48.572601
2021-06-01,49.572914
2021-06-02,49.652576
2021-06-03,49.121449
2021-06-04,49.564056
2021-06-07,49.316193
2021-06-08,49.077179
2021-06-09,48.935543
2021-06-10,49.327637
2021-06-11,49.158718
2021-06-14,49.292072
2021-06-15,48.954216
2021-06-16,48.287388
2021-06-17,48.554115
2021-06-18,48.216255
2021-06-21,48.420746
2021-06-22,48.198467
2021-06-23,48.491882
2021-06-24,48.936436
2021-06-25,49.345425
2021-06-28,49.389877
2021-06-29,49.354313
2021-06-30,49.034237
2021-07-01,48.75861
2021-07-02,48.705261
2021-07-06,47.851723
2021-07-07,47.798378
2021-07-08,46.802578
2021-07-09,47.611656
2021-07-12,47.65612
2021-07-13,47.700581
2021-07-14,47.905071
2021-07-15,48.020653
2021-07-16,47.647232
2021-07-19,46.847034
2021-07-20,46.998177
2021-07-21,47.300476
2021-07-22,47.389385
2021-07-23,46.686993
2021-07-26,45.797882
2021-07-27,44.873219
2021-07-28,46.091297
2021-07-29,46.322456
2021-07-30,45.877903
2021-08-02,46.206875
2021-08-03,46.402481
2021-08-04,46.642532
2021-08-05,46.571404
2021-08-06,46.180195
2021-08-09,46.331352
2021-08-10,46.393593
2021-08-11,46.518063
2021-08-12,46.10907
2021-08-13,45.993488
2021-08-16,45.575611
2021-08-17,44.739845
2021-08-18,44.810974
2021-08-19,44.046345
2021-08-20,44.010784
2021-08-23,44.677612
2021-08-24,45.691193
2021-08-25,45.744541
2021-08-26,45.30888
2021-08-27,45.869015
2021-08-30,45.966816
2021-08-31,46.598083
2021-09-01,47.193787
2021-09-02,46.980392
2021-09-03,47.229347
2021-09-07,47.504971
2021-09-08,46.811462
2021-09-09,46.722561
2021-09-10,46.669205
2021-09-13,46.79369
2021-09-14,46.402481
2021-09-15,46.393593
2021-09-16,45.869015
2021-09-17,45.673409
2021-09-20,44.446453
2021-09-21,44.775414
2021-09-22,45.335552
2021-09-23,45.691193
2021-09-24,45.148838
2021-09-27,45.442242
2021-09-28,44.855431
2021-09-29,44.437553
2021-09-30,44.79319
2021-10-01,44.748745
2021-10-04,44.090805
2021-10-05,44.401993
2021-10-06,44.15303
2021-10-07,45.015476
2021-10-08,45.184399
2021-10-11,45.095497
2021-10-12,44.864326
2021-10-13,45.486706
2021-10-14,45.628956
2021-10-15,46.180195
2021-10-18,46.064621
2021-10-19,46.678104
2021-10-20,46.669205
2021-10-21,46.366917
2021-10-22,46.269115
2021-10-25,46.509174
2021-10-26,46.269115
2021-10-27,45.895683
2021-10-28,45.940136
2021-10-29,45.273323
2021-11-01,45.628956
2021-11-02,45.219971
2021-11-03,45.433353
2021-11-04,45.32666
2021-11-05,45.273323
2021-11-08,45.691193
2021-11-09,45.513374
2021-11-10,45.32666
2021-11-11,46.10907
2021-11-12,46.233543
2021-11-15,46.082401
2021-11-16,46.144642
2021-11-17,45.904583
2021-11-18,45.344448
2021-11-19,45.273323
2021-11-22,44.908779
2021-11-23,44.864326
2021-11-24,44.802097
2021-11-26,43.2995
2021-11-29,43.468426
2021-11-30,43.423969
2021-12-01,43.584003
2021-12-02,44.117474
2021-12-03,43.495106
2021-12-06,43.832966
2021-12-07,44.526463
2021-12-08,44.704281
2021-12-09,44.490894
2021-12-10,44.526463
2021-12-13,43.82032
2021-12-14,43.721127
2021-12-15,43.594864
2021-12-16,43.648979
2021-12-17,43.432537
2021-12-20,42.783211
2021-12-21,43.504684
2021-12-22,43.712101
2021-12-23,43.937572
2021-12-27,44.135963
2021-12-28,43.991669
2021-12-29,43.79327
2021-12-30,44.294964
2021-12-31,44.078407
2022-01-03,44.394218
2022-01-04,44.240822
2022-01-05,43.518963
2022-01-06,43.717476
2022-01-07,44.114502
2022-01-10,44.114502
2022-01-11,45.134117
2022-01-12,45.883041
2022-01-13,45.233372
2022-01-14,45.215328
2022-01-18,44.412262
2022-01-19,44.601749
2022-01-20,44.863422
2022-01-21,44.213753
2022-01-24,43.591148
2022-01-25,43.509937
2022-01-26,42.959526
2022-01-27,42.463249
2022-01-28,42.67078
2022-01-31,44.069374
2022-02-01,44.340076
2022-02-02,44.267891
2022-02-03,43.798687
2022-02-04,43.906967
2022-02-07,43.81673
2022-02-08,44.240822
2022-02-09,44.935612
2022-02-10,44.63784
2022-02-11,43.961105
2022-02-14,43.654312
2022-02-15,44.601749
2022-02-16,44.926582
2022-02-17,44.403236
2022-02-18,43.961105
2022-02-22,43.338501
2022-02-23,42.833199
2022-02-24,41.948929
2022-02-25,42.724918
2022-02-28,42.165482
2022-03-01,41.606041
2022-03-02,41.678226
2022-03-03,41.091721
2022-03-04,40.261581
2022-03-07,38.754711
2022-03-08,38.881031
2022-03-09,39.981865
2022-03-10,39.232933
2022-03-11,38.411827
2022-03-14,37.482433
2022-03-15,37.536572
2022-03-16,40.559349
2022-03-17,40.351822
2022-03-18,40.929302
2022-03-21,40.29768
2022-03-22,41.028557
2022-03-23,40.757862
2022-03-24,40.974422
2022-03-25,40.649582
2022-03-28,40.784931
2022-03-29,41.479713
2022-03-30,41.362415
2022-03-31,40.739811
2022-04-01,41.416557
2022-04-04,42.147434
2022-04-05,41.371437
2022-04-06,40.830051
2022-04-07,40.505211
2022-04-08,40.541306
2022-04-11,40.036003
2022-04-12,39.909679
2022-04-13,40.433025
2022-04-14,39.909679
2022-04-18,39.77433
2022-04-19,39.575817
2022-04-20,39.341217
2022-04-21,38.583263
2022-04-22,38.240391
2022-04-25,37.96067
2022-04-26,37.130527
2022-04-27,37.563641
2022-04-28,38.105038
2022-04-29,38.240391
2022-05-02,38.186245
2022-05-03,38.465969
2022-05-04,38.881031
2022-05-05,37.446342
2022-05-06,36.932022
2022-05-09,35.867279
2022-05-10,36.038719
2022-05-11,35.786068
2022-05-12,35.551468
2022-05-13,36.535
2022-05-16,36.390633
2022-05-17,37.283924
2022-05-18,36.390633
2022-05-19,36.968109
2022-05-20,37.121502
2022-05-23,37.40123
2022-05-24,36.751553
2022-05-25,36.932022
2022-05-26,37.509502
2022-05-27,37.942616
2022-05-31,38.474987
2022-06-01,38.204292
2022-06-02,38.862988
2022-06-03,38.231358
2022-06-06,38.438892
2022-06-07,38.556194
2022-06-08,38.763729
2022-06-09,37.846462
2022-06-10,37.427864
2022-06-13,36.117477
2022-06-14,36.617973
2022-06-15,37.100266
2022-06-16,35.962784
2022-06-17,36.099281
2022-06-21,36.681675
2022-06-22,36.026482
2022-06-23,36.135677
2022-06-24,36.991074
2022-06-27,37.036568
2022-06-28,36.809074
2022-06-29,36.663479
2022-06-30,36.49057
2022-07-01,36.263077
2022-07-05,35.980984
2022-07-06,35.762585
2022-07-07,36.481476
2022-07-08,36.481476
2022-07-11,35.507786
2022-07-12,35.371288
2022-07-13,35.289391
2022-07-14,34.97089
2022-07-15,35.152889
2022-07-18,35.398582
2022-07-19,35.980984
2022-07-20,35.826283
2022-07-21,36.235775
2022-07-22,35.871784
2022-07-25,35.999187
2022-07-26,35.717083
2022-07-27,36.381378
2022-07-28,36.536079
2022-07-29,36.363174
2022-08-01,36.05378
2022-08-02,35.880878
2022-08-03,36.162983
2022-08-04,36.417774
2022-08-05,36.454174
2022-08-08,36.499676
2022-08-09,36.363174
2022-08-10,36.818169
2022-08-11,36.963768
2022-08-12,37.355061
2022-08-15,37.182167
2022-08-16,37.173065
2022-08-17,37.018368
2022-08-18,36.809074
2022-08-19,36.308578
2022-08-22,35.990078
2022-08-23,36.181183
2022-08-24,36.172077
2022-08-25,36.954666
2022-08-26,36.408672
2022-08-29,36.181183
2022-08-30,35.753479
2022-08-31,35.880878
2022-09-01,35.598785
2022-09-02,35.271187
2022-09-06,34.852596
2022-09-07,35.161987
2022-09-08,34.97089
2022-09-09,35.48959
2022-09-12,36.017384
2022-09-13,34.9072
2022-09-14,35.08009
2022-09-15,34.706997
2022-09-16,34.388504
2022-09-19,34.497696
2022-09-20,34.306599
2022-09-21,33.733307
2022-09-22,33.569508
2022-09-23,32.741421
2022-09-26,32.341022
2022-09-27,32.304619
2022-09-28,32.586723
2022-09-29,31.858727
2022-09-30,31.740431
2022-10-03,32.259129
2022-10-04,33.314716
2022-10-05,33.332912
2022-10-06,33.132717
2022-10-07,32.441128
2022-10-10,31.98613
2022-10-11,31.476538
2022-10-12,31.512932
2022-10-13,31.603931
2022-10-14,31.130732
2022-10-17,31.98613
2022-10-18,31.995226
2022-10-19,31.412834
2022-10-20,31.613028
2022-10-21,32.095329
2022-10-24,30.875944
2022-10-25,31.130732
2022-10-26,31.640333
2022-10-27,31.394636
2022-10-28,31.203537
2022-10-31,31.112535
2022-11-01,31.685833
2022-11-02,31.421932
2022-11-03,31.603931
2022-11-04,32.941612
2022-11-07,32.959816
2022-11-08,33.196411
2022-11-09,32.623119
2022-11-10,33.806107
2022-11-11,34.725201
2022-11-14,34.5159
2022-11-15,35.307587
2022-11-16,34.743397
2022-11-17,34.807095
2022-11-18,34.606895
2022-11-21,34.170105
2022-11-22,34.252007
2022-11-23,34.534096
2022-11-25,34.3703
2022-11-28,34.215595
2022-11-29,34.952694
2022-11-30,35.962784
2022-12-01,35.844482
2022-12-02,35.980984
2022-12-05,35.571491
2022-12-06,35.525986
2022-12-07,35.316692
2022-12-08,35.744385
2022-12-09,35.507786
2022-12-12,35.398582
2022-12-13,35.65173
2022-12-14,35.670204
2022-12-15,34.847969
2022-12-16,34.949596
2022-12-19,34.977303
2022-12-20,34.968071
2022-12-21,35.282181
2022-12-22,34.968071
2022-12-23,34.921879
2022-12-27,35.439243
2022-12-28,34.921879
2022-12-29,35.503906
2022-12-30,35.014267
2023-01-03,35.309906
2023-01-04,36.372334
2023-01-05,36.261471
2023-01-06,37.019039
2023-01-09,37.296196
2023-01-10,37.564114
2023-01-11,37.721172
2023-01-12,37.905941
2023-01-13,38.155384
2023-01-17,37.942898
2023-01-18,37.684212
2023-01-19,37.970612
2023-01-20,38.552647
2023-01-23,38.829803
2023-01-24,38.857517
2023-01-25,38.894474
2023-01-26,39.264011
2023-01-27,39.079243
2023-01-30,38.293968
2023-01-31,38.210815
2023-02-01,38.681984
2023-02-02,38.451015
2023-02-03,37.767361
2023-02-06,37.213043
2023-02-07,37.360863
2023-02-08,37.314674
2023-02-09,37.490211
2023-02-10,37.129894
2023-02-13,37.434772
2023-02-14,37.370106
2023-02-15,37.055992
2023-02-16,37.065228
2023-02-17,36.658733
2023-02-21,36.196804
2023-02-22,36.021275
2023-02-23,36.196804
2023-02-24,35.383808
2023-02-27,35.568581
2023-02-28,35.31913
2023-03-01,36.076698
2023-03-02,36.206043
2023-03-03,36.529396
2023-03-06,36.400051
2023-03-07,35.790306
2023-03-08,35.938118
2023-03-09,35.143608
2023-03-10,34.958828
2023-03-13,35.014267
2023-03-14,35.032738
2023-03-15,34.43224
2023-03-16,34.958828
2023-03-17,34.746346
2023-03-20,34.875683
2023-03-21,35.189796
2023-03-22,35.328381
2023-03-23,35.81802
2023-03-24,35.725636
2023-03-27,35.531624
2023-03-28,36.039745
2023-03-29,36.141369
2023-03-30,36.501675
2023-03-31,36.455486
2023-04-03,36.529396
2023-04-04,36.529396
2023-04-05,36.242996
2023-04-06,36.390812
2023-04-10,36.427765
2023-04-11,36.649494
2023-04-12,36.390812
2023-04-13,36.889698
2023-04-14,36.695686
2023-04-17,36.852745
2023-04-18,36.806553
2023-04-19,36.437008
2023-04-20,36.381577
2023-04-21,36.039745
2023-04-24,35.956593
2023-04-25,35.282181
2023-04-26,35.485432
2023-04-27,35.965843
2023-04-28,36.150612
2023-05-01,36.03051
2023-05-02,35.67944
2023-05-03,35.62402
2023-05-04,35.910408
2023-05-05,36.390812
2023-05-08,36.409286
2023-05-09,36.187565
2023-05-10,36.16909
2023-05-11,36.039745
2023-05-12,35.614769
2023-05-15,36.270714
2023-05-16,36.012032
2023-05-17,36.178329
2023-05-18,35.984314
2023-05-19,36.012032
2023-05-22,36.307667
2023-05-23,35.74411
2023-05-24,35.476196
2023-05-25,35.402283
2023-05-26,36.03051
2023-05-30,35.614769
2023-05-31,35.282181
2023-06-01,35.910408
2023-06-02,36.529396
2023-06-05,36.520153
2023-06-06,36.843506
2023-06-07,36.685223
2023-06-08,36.945927
2023-06-09,37.113518
2023-06-12,37.188011
2023-06-13,37.560448
2023-06-14,37.839779
2023-06-15,38.193596
2023-06-16,38.063248
2023-06-20,37.318367
2023-06-21,37.141449
2023-06-22,37.011101
2023-06-23,36.471062
2023-06-26,36.59211
2023-06-27,36.96455
2023-06-28,36.741081
2023-06-29,36.545551
2023-06-30,36.834198
2023-07-03,37.24387
2023-07-05,37.020416
2023-07-06,36.266228
2023-07-07,36.675907
2023-07-10,36.703838
2023-07-11,37.076275
2023-07-12,37.904957
2023-07-13,38.398441
2023-07-14,38.184277
2023-07-17,38.230843
2023-07-18,37.951508
2023-07-19,37.877022
2023-07-20,37.597694
2023-07-21,37.541832
2023-07-24,38.053932
2023-07-25,38.370499
2023-07-26,38.593971
2023-07-27,38.11911
2023-07-28,39.040894
2023-07-31,39.059517
2023-08-01,38.566036
2023-08-02,37.644249
2023-08-03,37.793228
2023-08-04,37.746666
2023-08-07,37.6908
2023-08-08,37.234566
2023-08-09,37.327675
2023-08-10,37.383541
2023-08-11,36.834198
2023-08-14,36.657284
2023-08-15,36.238289
2023-08-16,35.912407
2023-08-17,35.996208
2023-08-18,35.754124
2023-08-21,35.837921
2023-08-22,35.763435
2023-08-23,36.331406
2023-08-24,36.191734
2023-08-25,36.228985
2023-08-28,36.582802
2023-08-29,37.048344
2023-08-30,36.927303
2023-08-31,36.471062
2023-09-01,36.899372
2023-09-05,36.601421
2023-09-06,36.396584
2023-09-07,35.968273
2023-09-08,36.042759
2023-09-11,36.489689
2023-09-12,36.377953
2023-09-13,36.331406
2023-09-14,36.573486
2023-09-15,36.433826
2023-09-18,36.387268
2023-09-19,36.173115
2023-09-20,36.024136
2023-09-21,35.400303
2023-09-22,35.819302
2023-09-25,35.661011
2023-09-26,35.158218
2023-09-27,35.214085
2023-09-28,35.307194
2023-09-29,35.335129
2023-10-02,35.158218
2023-10-03,34.692669
2023-10-04,34.590256
2023-10-05,34.720608
2023-10-06,35.2234
2023-10-09,35.055801
2023-10-10,35.55859
2023-10-11,35.782059
2023-10-12,35.38168
2023-10-13,35.251328
2023-10-16,35.512035
2023-10-17,35.418926
2023-10-18,34.878887
2023-10-19,34.674049
2023-10-20,34.255058
2023-10-23,34.227119
2023-10-24,34.664738
2023-10-25,34.208504
2023-10-26,34.040897
2023-10-27,34.01297
2023-10-30,34.366787
2023-10-31,34.171257
2023-11-01,34.487831
2023-11-02,35.093044
2023-11-03,35.80999
2023-11-06,36.098629
2023-11-07,36.033451
2023-11-08,35.791367
2023-11-09,35.456173
2023-11-10,35.707565
2023-11-13,35.698257
2023-11-14,36.647972
2023-11-15,36.955238
2023-11-16,36.601421
2023-11-17,36.647972
2023-11-20,37.10421
2023-11-21,36.871437
2023-11-22,36.796947
2023-11-24,36.815571
2023-11-27,36.666599
2023-11-28,36.973854
2023-11-29,36.759708
2023-11-30,36.834198
2023-12-01,36.992481
2023-12-04,36.573486
2023-12-05,36.350029
2023-12-06,36.303471
2023-12-07,36.480373
2023-12-08,36.32209
2023-12-11,36.536243
2023-12-12,36.545551
2023-12-13,36.90868
2023-12-14,37.448719
2023-12-15,37.225254
2023-12-18,37.206635
2023-12-19,37.523209
2023-12-20,36.847725
2023-12-21,37.540283
2023-12-22,37.360031
2023-12-26,37.654125
2023-12-27,37.87233
2023-12-28,38.166428
2023-12-29,38.147457
2024-01-02,37.701565
2024-01-03,37.492844
2024-01-04,37.369514
2024-01-05,37.41695
2024-01-08,37.521305
2024-01-09,36.990032
2024-01-10,36.904652
2024-01-11,37.056446
2024-01-12,37.189262
2024-01-16,36.287991
2024-01-17,35.747227
2024-01-18,36.041328
2024-01-19,36.420811
2024-01-22,36.098251
2024-01-23,36.411324
2024-01-24,36.819267
2024-01-25,36.866699
2024-01-26,36.895157
2024-01-29,36.914139
2024-01-30,36.620037
2024-01-31,36.420811
2024-02-01,36.771828
2024-02-02,36.667477
2024-02-05,36.714912
2024-02-06,37.549774
2024-02-07,37.597206
2024-02-08,37.388489
2024-02-09,37.549774
2024-02-12,37.843868
2024-02-13,37.132339
2024-02-14,37.663612
2024-02-15,37.843868
2024-02-16,38.024124
2024-02-20,38.081043
2024-02-21,38.147457
2024-02-22,38.536423
2024-02-23,38.517448
2024-02-26,38.34668
2024-02-27,38.422581
2024-02-28,37.919765
2024-02-29,37.93874
2024-03-01,38.403603
2024-03-04,38.318218
2024-03-05,37.976685
2024-03-06,38.526936
2024-03-07,38.764114
2024-03-08,38.726162
2024-03-11,38.811546
2024-03-12,39.238464
2024-03-13,39.115131
2024-03-14,38.915901
2024-03-15,38.67873
2024-03-18,38.74514
2024-03-19,38.555397
2024-03-20,38.991798
2024-03-21,39.039238
2024-03-22,38.764114
2024-03-25,38.792572
2024-03-26,38.764114
2024-03-27,38.830521
2024-03-28,38.972828
2024-04-01,39.039238
2024-04-02,39.162571
2024-04-03,39.191032
2024-04-04,39.048725
2024-04-05,39.134109
2024-04-08,39.390259
2024-04-09,39.655891
2024-04-10,39.115131
2024-04-11,39.35231
2024-04-12,38.451038
2024-04-15,38.204376
2024-04-16,37.701565
2024-04-17,37.673096
2024-04-18,37.824894
2024-04-19,37.673096
2024-04-22,38.081043
2024-04-23,38.394115
2024-04-24,38.526936
2024-04-25,38.61232
2024-04-26,39.058205
2024-04-29,39.437695
2024-04-30,38.88744
2024-05-01,38.925392
2024-05-02,39.931015
2024-05-03,40.291527
2024-05-06,40.329472
2024-05-07,40.101788
2024-05-08,40.111275
2024-05-09,40.234604
2024-05-10,40.319992
2024-05-13,40.623573
2024-05-14,40.841774
2024-05-15,41.278183
2024-05-16,41.363567
2024-05-17,41.543823
2024-05-20,41.392025
2024-05-21,41.13588
2024-05-22,41.003063
2024-05-23,40.699471
2024-05-24,40.81332
2024-05-28,40.75639
2024-05-29,40.14922
2024-05-30,40.035374
2024-05-31,39.646408
2024-06-03,40.063835
2024-06-04,39.504097
2024-06-05,40.139736
2024-06-06,40.338963
2024-06-07,39.883583
2024-06-10,40.120758
2024-06-11,39.987026
2024-06-12,40.388229
2024-06-13,40.292706
2024-06-14,40.340469
2024-06-17,40.598392
2024-06-18,40.970936
2024-06-20,40.904068
2024-06-21,40.760777
2024-06-24,40.760777
2024-06-25,40.665257
2024-06-26,40.579281
2024-06-27,40.607937
2024-06-28,40.684364
2024-07-01,40.779888
2024-07-02,40.904068
2024-07-03,41.505882
2024-07-05,41.677826
2024-07-08,41.687378
2024-07-09,41.859322
2024-07-10,42.098137
2024-07-11,42.346508
2024-07-12,42.518448
2024-07-15,42.069485
2024-07-16,42.308296
2024-07-17,41.620514
2024-07-18,41.228855
2024-07-19,40.827648
2024-07-22,41.171539
2024-07-23,40.808544
2024-07-24,40.216286
2024-07-25,40.05389
2024-07-26,40.464649
2024-07-29,40.330917
2024-07-30,40.149418
2024-07-31,41.028255
2024-08-01,40.31181
2024-08-02,39.738659
2024-08-05,38.61145
2024-08-06,38.831165
2024-08-07,39.069981
2024-08-08,39.95837
2024-08-09,40.178078
2024-08-12,40.31181
2024-08-13,40.760777
2024-08-14,40.541073
2024-08-15,40.990044
2024-08-16,41.467674
2024-08-19,41.868881
2024-08-20,41.544094
2024-08-21,41.706482
2024-08-22,41.190643
2024-08-23,41.878429
2024-08-26,41.524986
2024-08-27,41.582298
2024-08-28,41.324383
2024-08-29,41.343483
2024-08-30,41.429459
2024-09-03,40.607937
2024-09-04,40.598392
2024-09-05,40.655704
2024-09-06,39.910603
2024-09-09,40.244942
2024-09-10,40.092102
2024-09-11,40.388229
2024-09-12,40.722572
2024-09-13,40.913624
2024-09-16,41.047359
2024-09-17,41.095123
2024-09-18,40.951836
2024-09-19,41.821114
2024-09-20,41.735142
2024-09-23,42.059929
2024-09-24,43.492809
2024-09-25,43.034286
2024-09-26,44.610462
2024-09-27,44.52449
2024-09-30,43.808048
2024-10-01,44.123283
2024-10-02,44.992565
2024-10-03,44.457623
2024-10-04,44.868385
2024-10-07,45.240936
2024-10-08,44.123283
2024-10-09,43.884468
2024-10-10,43.970444
2024-10-11,44.285675
2024-10-14,44.104176
2024-10-15,43.168026
2024-10-16,43.502373
2024-10-17,43.435501
2024-10-18,43.865364
2024-10-21,43.559681
2024-10-22,43.464157
2024-10-23,43.206238
2024-10-24,43.139374
2024-10-25,43.101158
2024-10-28,43.29221
2024-10-29,43.158474
2024-10-30,42.738163
2024-10-31,42.461136
2024-11-01,42.499352
2024-11-04,42.738163
2024-11-05,43.320869
2024-11-06,42.785923
2024-11-07,43.731625
2024-11-08,42.652191
2024-11-11,42.327404
2024-11-12,41.524986
2024-11-13,41.257515
2024-11-14,41.028255
2024-11-15,41.028255
2024-11-18,41.496326
2024-11-19,41.467674
2024-11-20,41.41991
2024-11-21,41.333939
2024-11-22,41.343483
2024-11-25,41.37215
2024-11-26,41.200203
2024-11-27,41.257515
2024-11-29,41.324383
2024-12-02,41.486774
2024-12-03,41.57275
2024-12-04,41.677826
2024-12-05,41.954853
2024-12-06,41.887985
2024-12-09,42.747715
2024-12-10,42.059929
2024-12-11,42.231876
2024-12-12,42.021725
2024-12-13,42.059929
2024-12-16,41.830669
2024-12-17,41.730614
2024-12-18,40.759235
2024-12-19,40.895229
2024-12-20,41.06036
2024-12-23,41.293491
2024-12-24,41.419777
2024-12-26,41.274071
2024-12-27,41.089504
2024-12-30,40.759235
2024-12-31,40.623238
2025-01-02,40.564957
2025-01-03,40.943798
2025-01-06,41.089504
2025-01-07,40.798088
2025-01-08,40.603809
2025-01-10,39.914131
2025-01-13,39.642143
2025-01-14,40.088982
2025-01-15,40.613529
2025-01-16,40.564957
2025-01-17,40.885509
2025-01-21,41.322636
2025-01-22,41.351776
2025-01-23,41.448914
2025-01-24,41.720905
2025-01-27,40.963223
2025-01-28,41.264351
2025-01-29,41.274071
2025-01-30,41.973461
2025-01-31,41.497482
2025-02-03,41.196358
2025-02-04,41.934605
2025-02-05,41.827755
2025-02-06,42.002605
2025-02-07,41.963749
2025-02-10,42.468868
2025-02-11,42.303734
2025-02-12,42.536865
2025-02-13,42.808849
2025-02-14,43.139122
2025-02-18,43.41111
2025-02-19,43.343113
2025-02-20,43.741379
2025-02-21,43.615101
2025-02-24,42.944847
2025-02-25,42.973991
2025-02-26,43.401398
2025-02-27,42.556293
2025-02-28,41.973461
2025-03-03,41.60434
2025-03-04,41.954033
2025-03-05,43.207123
2025-03-06,42.935131
2025-03-07,43.148834
2025-03-10,42.119171
2025-03-11,42.468868
2025-03-12,42.702
2025-03-13,42.527149
2025-03-14,43.30426
2025-03-17,44.042507
2025-03-18,43.819092
2025-03-19,43.925945
2025-03-20,43.51796
2025-03-21,43.30426
2025-03-24,43.498535
2025-03-25,43.372253
2025-03-26,43.109982
2025-03-27,43.323685
2025-03-28,42.517437
2025-03-31,42.449444
2025-04-01,42.58543
2025-04-02,42.643719
2025-04-03,41.740334
2025-04-04,39.418724
2025-04-07,37.951935
2025-04-08,37.417679
2025-04-09,40.011269
2025-04-10,39.321587
2025-04-11,40.555241
2025-04-14,40.92437
2025-04-15,40.885509
2025-04-16,40.409534
2025-04-17,40.720379
2025-04-21,40.710663
2025-04-22,41.322636
2025-04-23,41.798615
2025-04-24,42.284302
2025-04-25,42.206593
2025-04-28,42.284302
2025-04-29,42.400875
2025-04-30,42.507725
2025-05-01,42.498009
2025-05-02,43.712238
2025-05-05,44.042507
2025-05-06,43.867661
2025-05-07,43.362541
2025-05-08,43.333397
2025-05-09,43.624817
2025-05-12,44.567059
2025-05-13,44.644768
2025-05-14,44.984749
2025-05-15,44.965324
2025-05-16,44.93618
2025-05-19,45.033318
2025-05-20,44.984749
2025-05-21,44.868183
2025-05-22,44.722477
2025-05-23,44.907043
2025-05-27,44.800186
2025-05-28,44.596195
2025-05-29,44.761337
2025-05-30,44.217358
2025-06-02,44.537914
2025-06-03,44.644768
2025-06-04,45.198456
2025-06-05,45.431587
2025-06-06,45.57729
2025-06-09,45.965847
2025-06-10,46.228123
2025-06-11,46.422398
2025-06-12,46.500107
2025-06-13,45.76186
2025-06-16,46.322868
2025-06-17,45.714779
2025-06-18,45.704967
2025-06-20,45.440159
2025-06-23,45.812859
2025-06-24,46.999619
2025-06-25,47.038845
2025-06-26,47.352703
2025-06-27,47.166351
2025-06-30,47.313473
2025-07-01,47.401745
2025-07-02,47.607708
2025-07-03,47.823483
2025-07-07,47.146736
2025-07-08,47.440975
2025-07-09,47.362511
2025-07-10,47.490013
2025-07-11,47.333088
2025-07-14,47.401745
2025-07-15,47.745018
2025-07-16,47.970604
2025-07-17,48.245224
2025-07-18,48.137337
2025-07-21,48.451195
2025-07-22,48.480618
2025-07-23,48.971012
2025-07-24,48.706196
2025-07-25,48.559074
2025-07-28,48.23542
2025-07-29,48.255035
2025-07-30,47.901951
2025-07-31,47.627327
2025-08-01,47.274239
2025-08-04,47.764637
2025-08-05,47.901951
2025-08-06,48.127529
2025-08-07,48.529655
2025-08-08,48.490421
2025-08-11,48.353111
2025-08-12,48.941589
2025-08-13,49.530064
2025-08-14,48.921974
2025-08-15,48.98082
2025-08-18,49.265247
2025-08-19,48.863125
2025-08-20,48.794468
2025-08-21,48.686581
2025-08-22,49.657566
2025-08-25,49.373135
2025-08-26,49.245636
2025-08-27,48.951397
2025-08-28,49.137749
2025-08-29,48.902359
2025-09-02,48.863125
2025-09-03,49.049477
2025-09-04,48.892548
2025-09-05,49.481026
2025-09-08,49.93219
2025-09-09,50.20681
2025-09-10,50.550091
2025-09-11,51.285686
2025-09-12,51.25626
2025-09-15,51.628963
2025-09-16,52.011471
2025-09-17,52.237053
2025-09-18,52.10955
2025-09-19,51.991852
2025-09-22,52.246864
2025-09-23,52.276283
2025-09-24,52.099743
2025-09-25,51.795696
2025-09-26,51.697617
2025-09-29,52.168396
2025-09-30,52.374367
2025-10-01,52.786297
2025-10-02,53.031494
2025-10-03,53.188423
2025-10-06,53.433624
2025-10-07,53.02169
2025-10-08,53.443432
2025-10-09,52.894184
2025-10-10,50.942406
2025-10-13,52.423409
2025-10-14,51.952625
2025-10-15,52.805916
2025-10-16,53.149193
2025-10-17,53.139385
2025-10-20,53.86517
2025-10-21,53.266888
2025-10-22,53.217846
2025-10-23,53.688629
2025-10-24,54.041714
2025-10-27,54.639996
2025-10-28,54.62038
2025-10-29,54.934235
2025-10-30,54.365376
2025-10-31,54.237873
2025-11-03,54.581154
2025-11-04,53.580742
2025-11-05,54.061329
2025-11-06,53.659206
2025-11-07,53.502277
2025-11-10,54.443836
2025-11-11,54.502686
2025-11-12,54.512493
2025-11-13,53.874981
2025-11-14,53.904404
2025-11-17,53.266888
2025-11-18,53.002075
2025-11-19,52.81572
2025-11-20,52.089939
2025-11-21,52.080124
2025-11-24,52.629372
2025-11-25,52.81572
2025-11-26,53.198235
2025-11-28,53.276691
2025-12-01,53.237465
2025-12-02,53.25708
2025-12-03,53.29631
2025-12-04,53.286507
2025-12-05,53.688629
2025-12-08,53.570934
2025-12-09,53.482662
2025-12-10,54.080944
2025-12-11,53.825939
2025-12-12,53.198235
2025-12-15,53.041309
2025-12-16,52.706047
2025-12-17,52.328011
2025-12-18,52.924911
2025-12-19,53.442223
2025-12-22,53.730721
2025-12-23,54.029171
2025-12-24,54.138599
2025-12-26,54.516636
2025-12-29,54.377361
2025-12-30,54.596222
2025-12-31,54.427101
2026-01-02,55.949192
2026-01-05,56.565983
2026-01-06,56.98381
2026-01-07,56.556034
2026-01-08,56.575932
2026-01-09,56.844536
2026-01-12,57.640396
2026-01-13,57.21262
2026-01-14,57.451382
2026-01-15,57.789623
2026-01-16,57.570759
2026-01-20,57.013657
2026-01-21,57.958744
2026-01-22,58.396469
2026-01-23,58.764557
2026-01-26,58.864037
2026-01-27,60.027988
2026-01-28,60.435867
2026-01-29,60.127472
2026-01-30,58.794399
2026-02-02,58.973469
2026-02-03,59.291813
2026-02-04,58.495953
2026-02-05,58.227348
2026-02-06,59.759384
2026-02-09,60.197109
2026-02-10,60.286644
2026-02-11,61.24168
2026-02-12,60.5453
2026-02-13,60.803955
2026-02-17,60.555248
2026-02-18,60.873592
2026-02-19,60.724369
2026-02-20,62.017647
2026-02-23,61.331215
2026-02-24,62.2962
2026-02-25,62.982632
2026-02-26,62.385735
2026-02-27,62.256409
2026-03-02,61.181992
2026-03-03,58.117916
2026-03-04,58.744659
2026-03-05,57.332005
2026-03-06,57.023605
2026-03-09,58.147762
2026-03-10,58.376572
2026-03-11,58.525799
2026-03-12,56.655518
2026-03-13,56.506294
2026-03-16,58.078125
2026-03-17,58.446209
2026-03-18,57.262367
2026-03-19,57.322052
2026-03-20,55.352291
2026-03-23,57.013657
2026-03-24,56.227741
2026-03-25,57.123085
2026-03-26,55.183174
2026-03-27,54.91457
2026-03-30,54.466896
2026-03-31,56.496346
2026-04-01,56.934071
2026-04-02,56.297379
2026-04-06,56.814693
2026-04-07,57.013657
2026-04-08,60.127472
2026-04-09,59.9683
2026-04-10,60.246853
2026-04-13,60.754215
2026-04-14,61.918167
2026-04-15,61.878372
2026-04-16,62.127079
2026-04-17,63.310925
2026-04-20,62.853306
2026-04-21,61.928112
2026-04-22,63.052269
2026-04-23,62.027596
2026-04-24,63.410408
2026-04-27,63.310925
2026-04-28,62.664288
2026-04-29,62.365837
2026-04-30,63.659119
2026-05-01,63.798389
2026-05-04,63.768543
2026-05-05,65.061829
2026-05-06,67.141014
2026-05-07,66.245667
2026-05-08,67.588692
2026-05-11,67.538948
2026-05-12,65.479652
2026-05-13,66.862465
2026-05-14,67.031586
2026-05-15,64.733528
2026-05-18,64.634048
2026-05-19,63.927723
2026-05-20,65.121513
2026-05-21,65.688568
2026-05-22,65.539337
2026-05-26,68.04631
2026-05-27,68.036362
2026-05-28,68.255226
2026-05-29,68.245277
2026-06-01,69.717628
2026-06-02,70.433907
2026-06-03,69.558449
2026-06-04,68.742691
2026-06-05,64.256012
2026-06-08,65.410011
2026-06-09,65.479652
2026-06-10,64.325653
2026-06-11,67.150963
2026-06-12,67.528999
2026-06-15,69.75
2026-06-16,68.639999
2026-06-17,68.559998
2026-06-18,70.790001
2026-06-22,71.209999
2026-06-23,67.169998
2026-06-24,67.25
2026-06-25,67.959999
2026-06-26,67.190002
2026-06-29,67.43
2026-06-30,68.410004
2026-07-01,66.480003
2026-07-02,65.699997
2026-07-06,67.57
2026-07-07,65.720001
2026-07-08,66.230003
2026-07-09,66.779999
2026-07-10,66.900002
2026-07-13,64.5
2026-07-14,65.669998
2026-07-15,65.57
2026-07-16,64.190002
2026-07-17,63.290001
2026-07-20,63.560001
2026-07-21,65.339996
