date,adj_close
2003-01-02,17.562986
2003-01-03,17.58036
2003-01-06,17.797504
2003-01-07,17.51956
2003-01-08,17.281561
2003-01-09,17.493494
2003-01-10,17.470911
2003-01-13,17.507401
2003-01-14,17.641155
2003-01-15,17.472651
2003-01-16,17.545616
2003-01-17,17.361473
2003-01-21,17.055725
2003-01-22,16.815992
2003-01-23,16.934122
2003-01-24,16.755192
2003-01-27,16.308733
2003-01-28,16.378218
2003-01-29,16.338266
2003-01-30,16.327843
2003-01-31,16.459867
2003-02-03,16.718714
2003-02-04,16.477243
2003-02-05,16.505039
2003-02-06,16.345217
2003-02-07,16.108957
2003-02-10,16.164549
2003-02-11,16.242725
2003-02-12,16.070744
2003-02-13,16.306999
2003-02-14,16.461607
2003-02-18,16.703074
2003-02-19,16.31221
2003-02-20,16.329582
2003-02-21,16.433815
2003-02-24,16.234034
2003-02-25,16.03426
2003-02-26,15.843168
2003-02-27,15.865751
2003-02-28,16.112432
2003-03-03,16.181923
2003-03-04,15.947398
2003-03-05,15.973455
2003-03-06,15.791053
2003-03-07,15.676397
2003-03-10,15.242097
2003-03-11,15.19172
2003-03-12,15.016266
2003-03-13,15.445344
2003-03-14,15.52179
2003-03-17,15.959558
2003-03-18,16.027313
2003-03-19,16.112432
2003-03-20,16.21493
2003-03-21,16.607531
2003-03-24,16.069004
2003-03-25,16.247927
2003-03-26,16.256622
2003-03-27,16.147177
2003-03-28,16.042948
2003-03-31,15.738935
2003-04-01,15.983883
2003-04-02,16.247927
2003-04-03,16.1576
2003-04-04,16.374748
2003-04-07,16.586683
2003-04-08,16.590162
2003-04-09,16.527618
2003-04-10,16.442497
2003-04-11,16.348692
2003-04-14,16.597109
2003-04-15,16.824686
2003-04-16,16.713499
2003-04-17,16.954967
2003-04-21,16.895906
2003-04-22,17.14085
2003-04-23,17.291986
2003-04-24,17.156481
2003-04-25,16.852476
2003-04-28,17.151276
2003-04-29,17.25029
2003-04-30,17.338888
2003-05-01,17.41011
2003-05-02,17.561249
2003-05-05,17.695017
2003-05-06,18.068501
2003-05-07,17.901733
2003-05-08,17.632471
2003-05-09,17.854836
2003-05-12,17.997284
2003-05-13,17.995543
2003-05-14,18.000753
2003-05-15,18.032026
2003-05-16,18.254389
2003-05-19,17.761024
2003-05-20,17.938219
2003-05-21,17.752342
2003-05-22,17.990335
2003-05-23,18.092829
2003-05-27,18.249174
2003-05-28,18.336031
2003-05-29,18.422894
2003-05-30,18.457632
2003-06-02,18.629614
2003-06-03,18.674786
2003-06-04,18.787704
2003-06-05,18.977053
2003-06-06,19.091705
2003-06-09,18.954475
2003-06-10,19.107349
2003-06-11,19.421782
2003-06-12,19.473896
2003-06-13,19.360975
2003-06-16,19.644146
2003-06-17,19.684097
2003-06-18,19.628504
2003-06-19,19.395723
2003-06-20,19.421782
2003-06-23,19.206362
2003-06-24,19.055225
2003-06-25,18.865877
2003-06-26,18.95274
2003-06-27,18.810289
2003-06-30,18.8155
2003-07-01,18.92668
2003-07-02,19.300171
2003-07-03,19.195938
2003-07-07,19.548594
2003-07-08,19.45652
2003-07-09,19.355766
2003-07-10,19.256746
2003-07-11,19.215054
2003-07-14,19.421782
2003-07-15,19.239368
2003-07-16,19.095188
2003-07-17,18.796391
2003-07-18,19.091705
2003-07-21,18.945786
2003-07-22,18.900621
2003-07-23,19.180311
2003-07-24,19.211578
2003-07-25,19.453053
2003-07-28,19.503429
2003-07-29,19.421782
2003-07-30,19.260221
2003-07-31,19.100393
2003-08-01,19.096928
2003-08-04,19.152515
2003-08-05,18.973585
2003-08-06,18.944052
2003-08-07,19.056969
2003-08-08,19.116035
2003-08-11,19.300171
2003-08-12,19.381819
2003-08-13,19.395723
2003-08-14,19.671932
2003-08-15,19.62676
2003-08-18,19.899506
2003-08-19,19.856071
2003-08-20,19.819597
2003-08-21,19.856071
2003-08-22,19.741425
2003-08-25,19.661507
2003-08-26,19.559017
2003-08-27,19.59376
2003-08-28,19.708408
2003-08-29,19.729258
2003-09-02,20.028059
2003-09-03,20.29038
2003-09-04,20.266052
2003-09-05,20.306005
2003-09-08,20.396338
2003-09-09,20.436298
2003-09-10,20.229568
2003-09-11,20.342487
2003-09-12,20.429346
2003-09-15,20.488411
2003-09-16,20.691664
2003-09-17,20.82716
2003-09-18,21.046055
2003-09-19,20.967873
2003-09-22,20.731617
2003-09-23,20.778526
2003-09-24,20.677759
2003-09-25,20.411972
2003-09-26,20.325123
2003-09-29,20.585691
2003-09-30,20.325123
2003-10-01,20.992189
2003-10-02,20.959192
2003-10-03,21.264936
2003-10-06,21.487293
2003-10-07,21.45429
2003-10-08,21.365688
2003-10-09,21.513346
2003-10-10,21.603687
2003-10-13,21.81736
2003-10-14,21.932016
2003-10-15,21.723553
2003-10-16,21.853846
2003-10-17,21.740927
2003-10-20,21.973707
2003-10-21,21.89901
2003-10-22,21.685333
2003-10-23,21.410858
2003-10-24,21.452553
2003-10-27,21.548098
2003-10-28,21.801725
2003-10-29,21.775667
2003-10-30,21.79999
2003-10-31,21.645378
2003-11-03,21.754824
2003-11-04,21.874691
2003-11-05,21.749607
2003-11-06,21.558527
2003-11-07,21.758293
2003-11-10,21.577623
2003-11-11,21.495983
2003-11-12,21.944172
2003-11-13,22.06925
2003-11-14,21.919851
2003-11-17,21.542885
2003-11-18,21.62801
2003-11-19,21.680126
2003-11-20,21.541153
2003-11-21,21.773932
2003-11-24,21.937229
2003-11-25,21.971972
2003-11-26,22.157846
2003-11-28,22.192595
2003-12-01,22.632107
2003-12-02,22.685959
2003-12-03,22.731129
2003-12-04,22.783243
2003-12-05,22.619947
2003-12-08,22.809294
2003-12-09,22.713753
2003-12-10,22.550459
2003-12-11,22.8006
2003-12-12,22.875317
2003-12-15,22.722437
2003-12-16,23.013596
2003-12-17,22.959549
2003-12-18,23.301268
2003-12-19,23.170504
2003-12-22,23.323643
2003-12-23,23.373051
2003-12-24,23.429502
2003-12-26,23.387154
2003-12-29,23.780588
2003-12-30,23.826464
2003-12-31,24.131685
2004-01-02,24.196957
2004-01-05,24.662727
2004-01-06,24.699774
2004-01-07,24.452778
2004-01-08,24.803869
2004-01-09,24.646837
2004-01-12,24.639788
2004-01-13,24.496881
2004-01-14,24.708595
2004-01-15,24.558626
2004-01-16,24.470415
2004-01-20,24.735058
2004-01-21,25.034983
2004-01-22,25.050861
2004-01-23,24.782692
2004-01-26,24.862089
2004-01-27,24.752707
2004-01-28,24.435137
2004-01-29,24.466887
2004-01-30,24.403383
2004-02-02,24.346914
2004-02-03,24.391033
2004-02-04,24.126387
2004-02-05,24.226948
2004-02-06,24.683901
2004-02-09,24.839146
2004-02-10,24.946772
2004-02-11,25.229055
2004-02-12,25.008526
2004-02-13,24.976767
2004-02-17,25.458416
2004-02-18,25.105555
2004-02-19,25.273157
2004-02-20,24.964415
2004-02-23,25.034983
2004-02-24,24.937948
2004-02-25,24.752707
2004-02-26,24.76153
2004-02-27,24.964415
2004-03-01,25.299623
2004-03-02,24.893852
2004-03-03,24.840912
2004-03-04,24.920307
2004-03-05,25.211407
2004-03-08,25.049103
2004-03-09,24.876204
2004-03-10,24.477476
2004-03-11,24.080515
2004-03-12,24.292227
2004-03-15,23.879398
2004-03-16,24.099922
2004-03-17,24.602739
2004-03-18,24.59392
2004-03-19,24.276346
2004-03-22,23.960548
2004-03-23,24.144032
2004-03-24,24.04875
2004-03-25,24.505703
2004-03-26,24.399853
2004-03-29,24.752707
2004-03-30,24.805628
2004-03-31,24.982059
2004-04-01,25.313744
2004-04-02,25.386074
2004-04-05,25.386074
2004-04-06,25.308451
2004-04-07,25.34726
2004-04-08,25.294338
2004-04-12,25.458416
2004-04-13,25.132021
2004-04-14,24.872677
2004-04-15,24.699774
2004-04-16,24.964415
2004-04-19,24.990875
2004-04-20,24.646837
2004-04-21,24.814449
2004-04-22,24.990875
2004-04-23,24.955591
2004-04-26,24.948538
2004-04-27,24.973238
2004-04-28,24.512758
2004-04-29,24.249884
2004-04-30,24.135212
2004-05-03,24.382202
2004-05-04,24.692722
2004-05-05,24.964415
2004-05-06,24.435137
2004-05-07,23.773535
2004-05-10,23.16486
2004-05-11,23.332466
2004-05-12,23.48243
2004-05-13,23.23543
2004-05-14,23.21603
2004-05-17,22.961967
2004-05-18,23.205442
2004-05-19,23.434795
2004-05-20,23.464796
2004-05-21,23.637684
2004-05-24,23.789412
2004-05-25,24.144032
2004-05-26,24.099922
2004-05-27,24.558626
2004-05-28,24.410433
2004-06-01,24.468655
2004-06-02,24.53923
2004-06-03,24.302816
2004-06-04,24.59392
2004-06-07,25.137314
2004-06-08,24.996164
2004-06-09,24.567451
2004-06-10,24.858561
2004-06-14,24.260477
2004-06-15,24.690948
2004-06-16,24.682138
2004-06-17,24.840912
2004-06-18,24.885021
2004-06-21,24.79681
2004-06-22,24.807392
2004-06-23,24.964415
2004-06-24,25.061453
2004-06-25,24.969713
2004-06-28,25.123198
2004-06-29,25.070272
2004-06-30,25.229055
2004-07-01,24.911489
2004-07-02,25.050861
2004-07-06,24.638023
2004-07-07,24.929129
2004-07-08,24.770346
2004-07-09,24.980297
2004-07-12,25.052633
2004-07-13,24.929129
2004-07-14,24.787992
2004-07-15,24.47924
2004-07-16,24.676846
2004-07-19,24.696249
2004-07-20,24.708595
2004-07-21,24.17226
2004-07-22,24.302816
2004-07-23,23.854689
2004-07-26,23.854689
2004-07-27,24.002884
2004-07-28,24.034645
2004-07-29,24.06464
2004-07-30,24.152855
2004-08-02,24.267529
2004-08-03,24.108751
2004-08-04,24.105221
2004-08-05,23.747072
2004-08-06,23.711782
2004-08-09,23.685324
2004-08-10,23.879398
2004-08-11,23.799999
2004-08-12,23.535355
2004-08-13,23.676497
2004-08-16,23.914673
2004-08-17,23.932318
2004-08-18,24.114035
2004-08-19,24.057577
2004-08-20,24.170506
2004-08-23,23.974661
2004-08-24,23.969364
2004-08-25,24.223419
2004-08-26,24.241064
2004-08-27,24.302816
2004-08-30,24.214596
2004-08-31,24.440426
2004-09-01,24.461599
2004-09-02,24.717415
2004-09-03,24.389263
2004-09-07,24.729769
2004-09-08,24.717415
2004-09-09,24.638023
2004-09-10,24.823277
2004-09-13,24.911489
2004-09-14,24.973238
2004-09-15,24.615097
2004-09-16,24.777401
2004-09-17,24.858561
2004-09-20,24.7033
2004-09-21,25.089672
2004-09-22,24.682138
2004-09-23,24.615097
2004-09-24,24.646837
2004-09-27,24.523354
2004-09-28,24.76329
2004-09-29,24.858561
2004-09-30,24.946772
2004-10-01,25.334919
2004-10-04,25.373726
2004-10-05,25.387846
2004-10-06,25.483118
2004-10-07,25.308451
2004-10-08,25.484869
2004-10-11,25.546619
2004-10-12,25.255524
2004-10-13,25.079092
2004-10-14,24.946772
2004-10-15,25.230824
2004-10-18,25.331377
2004-10-19,25.281981
2004-10-20,25.379015
2004-10-21,25.527212
2004-10-22,25.370193
2004-10-25,25.343727
2004-10-26,25.484869
2004-10-27,25.749516
2004-10-28,25.820087
2004-10-29,25.820087
2004-11-01,25.864195
2004-11-02,26.065313
2004-11-03,26.374065
2004-11-04,26.742798
2004-11-05,26.868061
2004-11-08,26.681047
2004-11-09,26.614008
2004-11-10,26.562845
2004-11-11,26.852186
2004-11-12,27.16976
2004-11-15,27.196218
2004-11-16,26.96686
2004-11-17,27.310894
2004-11-18,27.249142
2004-11-19,27.07272
2004-11-22,27.152111
2004-11-23,27.205038
2004-11-24,27.328547
2004-11-26,27.487322
2004-11-29,27.575531
2004-11-30,27.390287
2004-12-01,27.866638
2004-12-02,27.822536
2004-12-03,27.988371
2004-12-06,27.817236
2004-12-07,27.665504
2004-12-08,27.646107
2004-12-09,27.531425
2004-12-10,27.261496
2004-12-13,27.672565
2004-12-14,27.681393
2004-12-15,27.848999
2004-12-16,27.672565
2004-12-17,27.593176
2004-12-20,27.845478
2004-12-21,28.041294
2004-12-22,28.083647
2004-12-23,28.267969
2004-12-27,28.490112
2004-12-28,28.679993
2004-12-29,28.542057
2004-12-30,28.545639
2004-12-31,28.706873
2005-01-03,28.500853
2005-01-04,27.954481
2005-01-05,27.936567
2005-01-06,27.936567
2005-01-07,27.811174
2005-01-10,27.936567
2005-01-11,27.88283
2005-01-12,28.106754
2005-01-13,27.864918
2005-01-14,27.999269
2005-01-18,28.020765
2005-01-19,27.730558
2005-01-20,27.546055
2005-01-21,27.655327
2005-01-24,27.703691
2005-01-25,27.712641
2005-01-26,28.047638
2005-01-27,28.088837
2005-01-28,28.026146
2005-01-31,28.1605
2005-02-01,28.336044
2005-02-02,28.375475
2005-02-03,28.221401
2005-02-04,28.366512
2005-02-07,28.187368
2005-02-08,28.187368
2005-02-09,28.115713
2005-02-10,28.407717
2005-02-11,28.604752
2005-02-14,28.826883
2005-02-15,29.020355
2005-02-16,28.764181
2005-02-17,28.823299
2005-02-18,28.966621
2005-02-22,28.898546
2005-02-23,28.912868
2005-02-24,28.957649
2005-02-25,29.294441
2005-02-28,29.226358
2005-03-01,29.387581
2005-03-02,29.16725
2005-03-03,29.181572
2005-03-04,29.692129
2005-03-07,29.566727
2005-03-08,29.647337
2005-03-09,29.512978
2005-03-10,29.609722
2005-03-11,29.60256
2005-03-14,29.507612
2005-03-15,29.324883
2005-03-16,29.358929
2005-03-17,29.324883
2005-03-18,29.26577
2005-03-21,29.066929
2005-03-22,28.733734
2005-03-23,28.542057
2005-03-24,28.53668
2005-03-28,28.53668
2005-03-29,28.24111
2005-03-30,28.472193
2005-03-31,28.459658
2005-04-01,28.393373
2005-04-04,28.402334
2005-04-05,28.554596
2005-04-06,28.635214
2005-04-07,28.751652
2005-04-08,28.751652
2005-04-11,28.859127
2005-04-12,28.930784
2005-04-13,28.626257
2005-04-14,28.250059
2005-04-15,27.904329
2005-04-18,27.802223
2005-04-19,28.171232
2005-04-20,27.811174
2005-04-21,28.31455
2005-04-22,28.214235
2005-04-25,28.362913
2005-04-26,28.00823
2005-04-27,27.932981
2005-04-28,27.556803
2005-04-29,27.999269
2005-05-02,27.990311
2005-05-03,28.051214
2005-05-04,28.38442
2005-05-05,28.425619
2005-05-06,28.302011
2005-05-09,28.366512
2005-05-10,27.972403
2005-05-11,28.097795
2005-05-12,27.748484
2005-05-13,27.587259
2005-05-16,27.698317
2005-05-17,27.694731
2005-05-18,28.00823
2005-05-19,28.027924
2005-05-20,27.909698
2005-05-23,28.140791
2005-05-24,28.067341
2005-05-25,27.990311
2005-05-26,28.00823
2005-05-27,28.12466
2005-05-31,27.757439
2005-06-01,27.925821
2005-06-02,28.164072
2005-06-03,27.900749
2005-06-06,28.085258
2005-06-07,28.228565
2005-06-08,28.12466
2005-06-09,28.235729
2005-06-10,28.128239
2005-06-13,28.031513
2005-06-14,27.999269
2005-06-15,28.165869
2005-06-16,28.257227
2005-06-17,28.681778
2005-06-20,28.413078
2005-06-21,28.628046
2005-06-22,28.542057
2005-06-23,28.219604
2005-06-24,28.214235
2005-06-27,28.149738
2005-06-28,28.31097
2005-06-29,28.192743
2005-06-30,28.155115
2005-07-01,28.117496
2005-07-05,28.149738
2005-07-06,28.074503
2005-07-07,27.918653
2005-07-08,28.294857
2005-07-11,28.499067
2005-07-12,28.794645
2005-07-13,28.563566
2005-07-14,28.644173
2005-07-15,28.56892
2005-07-18,28.488325
2005-07-19,28.552799
2005-07-20,28.746283
2005-07-21,28.805384
2005-07-22,28.778517
2005-07-25,28.697914
2005-07-26,28.611917
2005-07-27,28.939747
2005-07-28,29.138582
2005-07-29,28.998861
2005-08-01,29.283689
2005-08-02,29.493277
2005-08-03,29.713623
2005-08-04,29.471773
2005-08-05,29.364298
2005-08-08,29.434168
2005-08-09,29.810362
2005-08-10,30.014563
2005-08-11,30.498243
2005-08-12,30.310148
2005-08-15,30.363892
2005-08-16,30.036066
2005-08-17,29.960829
2005-08-18,29.638393
2005-08-19,29.783482
2005-08-22,30.111311
2005-08-23,29.982319
2005-08-24,29.665255
2005-08-25,29.778107
2005-08-26,29.68137
2005-08-29,29.665255
2005-08-30,29.579269
2005-08-31,30.111311
2005-09-01,30.471375
2005-09-02,30.578857
2005-09-06,30.955042
2005-09-07,30.869053
2005-09-08,30.632605
2005-09-09,31.035664
2005-09-12,30.793812
2005-09-13,30.584234
2005-09-14,30.60574
2005-09-15,30.627234
2005-09-16,30.971172
2005-09-19,30.766954
2005-09-20,30.654085
2005-09-21,30.686344
2005-09-22,30.654085
2005-09-23,30.52511
2005-09-26,30.858318
2005-09-27,30.740086
2005-09-28,31.057152
2005-09-29,31.427971
2005-09-30,31.223759
2005-10-03,31.116282
2005-10-04,30.91206
2005-10-05,30.643339
2005-10-06,30.498243
2005-10-07,30.60574
2005-10-10,30.455256
2005-10-11,30.492876
2005-10-12,30.288651
2005-10-13,30.224161
2005-10-14,30.508997
2005-10-17,30.202669
2005-10-18,29.853346
2005-10-19,30.095181
2005-10-20,29.407301
2005-10-21,29.536268
2005-10-24,29.998453
2005-10-25,30.030693
2005-10-26,29.97695
2005-10-27,29.91783
2005-10-28,30.175789
2005-10-31,30.22954
2005-11-01,30.487495
2005-11-02,30.906677
2005-11-03,30.890556
2005-11-04,30.60574
2005-11-07,30.783079
2005-11-08,30.707834
2005-11-09,30.686344
2005-11-10,30.648718
2005-11-11,30.809946
2005-11-14,30.627234
2005-11-15,30.46063
2005-11-16,30.406883
2005-11-17,30.928175
2005-11-18,31.143152
2005-11-21,31.186131
2005-11-22,31.28825
2005-11-23,31.438725
2005-11-25,31.137766
2005-11-28,31.21839
2005-11-29,31.17001
2005-11-30,30.928175
2005-12-01,31.508585
2005-12-02,31.626808
2005-12-05,31.766548
2005-12-06,31.863287
2005-12-07,31.653677
2005-12-08,31.648298
2005-12-09,31.965382
2005-12-12,32.368446
2005-12-13,32.5243
2005-12-14,32.508175
2005-12-15,32.207233
2005-12-16,32.459805
2005-12-19,32.400681
2005-12-20,32.406063
2005-12-21,32.561924
2005-12-22,32.750008
2005-12-23,32.733585
2005-12-27,32.432526
2005-12-28,32.667904
2005-12-29,32.678856
2005-12-30,32.531055
2006-01-03,33.62035
2006-01-04,33.899513
2006-01-05,33.729828
2006-01-06,34.184151
2006-01-09,34.200581
2006-01-10,33.894039
2006-01-11,34.184151
2006-01-12,33.904999
2006-01-13,34.036358
2006-01-17,33.609398
2006-01-18,33.155071
2006-01-19,33.532764
2006-01-20,33.023705
2006-01-23,33.483505
2006-01-24,33.653206
2006-01-25,33.768143
2006-01-26,34.167728
2006-01-27,34.348373
2006-01-30,34.375744
2006-01-31,34.408585
2006-02-01,34.512581
2006-02-02,34.123936
2006-02-03,34.036358
2006-02-06,33.987099
2006-02-07,33.735302
2006-02-08,33.855724
2006-02-09,33.921413
2006-02-10,33.844788
2006-02-13,33.609398
2006-02-14,33.981632
2006-02-15,33.675095
2006-02-16,33.998043
2006-02-17,33.899513
2006-02-21,33.904999
2006-02-22,34.162266
2006-02-23,34.249851
2006-02-24,34.364796
2006-02-27,34.485226
2006-02-28,34.167728
2006-03-01,34.518066
2006-03-02,34.452366
2006-03-03,34.310051
2006-03-06,34.178688
2006-03-07,33.762661
2006-03-08,33.877621
2006-03-09,33.839302
2006-03-10,34.35384
2006-03-13,34.638481
2006-03-14,35.005234
2006-03-15,35.131134
2006-03-16,35.24609
2006-03-17,35.415764
2006-03-20,35.486931
2006-03-21,35.120178
2006-03-22,35.448616
2006-03-23,35.021652
2006-03-24,35.300816
2006-03-27,35.240604
2006-03-28,34.901234
2006-03-29,35.361038
2006-03-30,35.787991
2006-03-31,35.536198
2006-04-03,35.924831
2006-04-04,36.209473
2006-04-05,36.329899
2006-04-06,36.362736
2006-04-07,35.946739
2006-04-10,36.012424
2006-04-11,35.771561
2006-04-12,35.596405
2006-04-13,35.689468
2006-04-17,35.853676
2006-04-18,36.587162
2006-04-19,36.838974
2006-04-20,36.674759
2006-04-21,36.92107
2006-04-24,36.959389
2006-04-25,36.9375
2006-04-26,37.167397
2006-04-27,37.233086
2006-04-28,37.238567
2006-05-01,37.222141
2006-05-02,37.791424
2006-05-03,37.566982
2006-05-04,37.857101
2006-05-05,38.437332
2006-05-08,38.404491
2006-05-09,38.634392
2006-05-10,38.513969
2006-05-11,38.12532
2006-05-12,37.632668
2006-05-15,37.309723
2006-05-16,37.254982
2006-05-17,36.067154
2006-05-18,35.957684
2006-05-19,36.138325
2006-05-22,35.344608
2006-05-23,35.355564
2006-05-24,35.333664
2006-05-25,35.809883
2006-05-26,36.100002
2006-05-30,35.552612
2006-05-31,35.815369
2006-06-01,36.045269
2006-06-02,36.395584
2006-06-05,35.607361
2006-06-06,35.174919
2006-06-07,34.693233
2006-06-08,33.926888
2006-06-09,33.888573
2006-06-12,33.598457
2006-06-13,32.54747
2006-06-14,33.01823
2006-06-15,34.156796
2006-06-16,33.883099
2006-06-19,33.713409
2006-06-20,33.915932
2006-06-21,34.35384
2006-06-22,34.173203
2006-06-23,34.07468
2006-06-26,34.342892
2006-06-27,33.707935
2006-06-28,34.091099
2006-06-29,35.350094
2006-06-30,35.793465
2006-07-03,35.979584
2006-07-05,35.295338
2006-07-06,35.66758
2006-07-07,35.503353
2006-07-10,35.798939
2006-07-11,35.897469
2006-07-12,35.224182
2006-07-13,34.605637
2006-07-14,34.310051
2006-07-17,33.828365
2006-07-18,33.773617
2006-07-19,34.605637
2006-07-20,34.419533
2006-07-21,34.419533
2006-07-24,35.043549
2006-07-25,35.0326
2006-07-26,35.278931
2006-07-27,35.497879
2006-07-28,36.209473
2006-07-31,36.083572
2006-08-01,35.831779
2006-08-02,36.225895
2006-08-03,36.165691
2006-08-04,36.193058
2006-08-07,35.968632
2006-08-08,35.842735
2006-08-09,36.017891
2006-08-10,36.100002
2006-08-11,35.787991
2006-08-14,35.908405
2006-08-15,36.685696
2006-08-16,37.019611
2006-08-17,36.882755
2006-08-18,37.036026
2006-08-21,36.92107
2006-08-22,36.81707
2006-08-23,36.685696
2006-08-24,36.581696
2006-08-25,36.554344
2006-08-28,36.707603
2006-08-29,37.003185
2006-08-30,37.003185
2006-08-31,37.003185
2006-09-01,37.276875
2006-09-05,37.47393
2006-09-06,36.844433
2006-09-07,36.40107
2006-09-08,36.412014
2006-09-11,36.193058
2006-09-12,36.609066
2006-09-13,36.537914
2006-09-14,36.587162
2006-09-15,36.510536
2006-09-18,36.663807
2006-09-19,36.324429
2006-09-20,36.680222
2006-09-21,36.767807
2006-09-22,36.587162
2006-09-25,36.740444
2006-09-26,36.82803
2006-09-27,37.063404
2006-09-28,37.167397
2006-09-29,37.0853
2006-10-02,37.189293
2006-10-03,37.222141
2006-10-04,37.577953
2006-10-05,37.621723
2006-10-06,37.287827
2006-10-09,37.315205
2006-10-10,37.358982
2006-10-11,37.331619
2006-10-12,37.731201
2006-10-13,37.796898
2006-10-16,37.939213
2006-10-17,37.703838
2006-10-18,37.796898
2006-10-19,38.081535
2006-10-20,38.201954
2006-10-23,38.234802
2006-10-24,38.240265
2006-10-25,38.508503
2006-10-26,38.804077
2006-10-27,38.535862
2006-10-30,38.453743
2006-10-31,38.475651
2006-11-01,38.409958
2006-11-02,38.552284
2006-11-03,38.404491
2006-11-06,38.97377
2006-11-07,39.017567
2006-11-08,39.028511
2006-11-09,38.831448
2006-11-10,38.984726
2006-11-13,38.738403
2006-11-14,39.165356
2006-11-15,39.154396
2006-11-16,39.072296
2006-11-17,38.957348
2006-11-20,38.661762
2006-11-21,38.853344
2006-11-22,39.23103
2006-11-24,39.023026
2006-11-27,38.700081
2006-11-28,39.044922
2006-11-29,39.488316
2006-11-30,39.658005
2006-12-01,39.608742
2006-12-04,39.866005
2006-12-05,40.090431
2006-12-06,40.002857
2006-12-07,40.139717
2006-12-08,40.041176
2006-12-11,40.205376
2006-12-12,40.369614
2006-12-13,40.522877
2006-12-14,40.687077
2006-12-15,40.522877
2006-12-18,40.462658
2006-12-19,40.643303
2006-12-20,40.572132
2006-12-21,40.551445
2006-12-22,40.456429
2006-12-26,40.439655
2006-12-27,40.942715
2006-12-28,40.970669
2006-12-29,40.925949
2007-01-03,41.088047
2007-01-04,40.970669
2007-01-05,40.355816
2007-01-08,40.411732
2007-01-09,40.450844
2007-01-10,40.143417
2007-01-11,40.400532
2007-01-12,40.858875
2007-01-16,40.808567
2007-01-17,40.830936
2007-01-18,40.691181
2007-01-19,41.18866
2007-01-22,40.98185
2007-01-23,41.345154
2007-01-24,41.613441
2007-01-25,40.937126
2007-01-26,41.015369
2007-01-29,41.060085
2007-01-30,41.339561
2007-01-31,41.496063
2007-02-01,41.842621
2007-02-02,41.758766
2007-02-05,41.624634
2007-02-06,41.948818
2007-02-07,42.066196
2007-02-08,41.898518
2007-02-09,41.719658
2007-02-12,41.557545
2007-02-13,42.088551
2007-02-14,42.658672
2007-02-15,42.708981
2007-02-16,42.692215
2007-02-20,42.753693
2007-02-21,42.535713
2007-02-22,42.725746
2007-02-23,42.859886
2007-02-26,42.882259
2007-02-27,41.155109
2007-02-28,41.44577
2007-03-01,41.020954
2007-03-02,40.467621
2007-03-05,39.629192
2007-03-06,40.858875
2007-03-07,40.87006
2007-03-08,41.350754
2007-03-09,41.417816
2007-03-12,41.686108
2007-03-13,40.691181
2007-03-14,40.707958
2007-03-15,40.892406
2007-03-16,40.942715
2007-03-19,41.574326
2007-03-20,41.926453
2007-03-21,42.820786
2007-03-22,42.658672
2007-03-23,42.759281
2007-03-26,42.776054
2007-03-27,42.586014
2007-03-28,42.211502
2007-03-29,42.580414
2007-03-30,42.647495
2007-04-02,42.759281
2007-04-03,43.117012
2007-04-04,43.295864
2007-04-05,43.452381
2007-04-09,43.41885
2007-04-10,43.743023
2007-04-11,43.530632
2007-04-12,43.821285
2007-04-13,43.966614
2007-04-16,44.430542
2007-04-17,44.436111
2007-04-18,44.419357
2007-04-19,44.251663
2007-04-20,44.7603
2007-04-23,44.324337
2007-04-24,44.296394
2007-04-25,44.709995
2007-04-26,44.503193
2007-04-27,44.408169
2007-04-30,44.246082
2007-05-01,44.201359
2007-05-02,44.536724
2007-05-03,44.598209
2007-05-04,45.017426
2007-05-07,45.084484
2007-05-08,44.715595
2007-05-09,44.961533
2007-05-10,44.072811
2007-05-11,44.816193
2007-05-14,44.648521
2007-05-15,44.726776
2007-05-16,44.79385
2007-05-17,44.564674
2007-05-18,44.905628
2007-05-21,44.698833
2007-05-22,44.737942
2007-05-23,44.967125
2007-05-24,44.536724
2007-05-25,44.821804
2007-05-29,44.877678
2007-05-30,45.067726
2007-05-31,45.291306
2007-06-01,45.587536
2007-06-04,45.710522
2007-06-05,45.475758
2007-06-06,44.821804
2007-06-07,44.056038
2007-06-08,44.536724
2007-06-11,44.687634
2007-06-12,43.893936
2007-06-13,44.464066
2007-06-14,44.79385
2007-06-15,45.157166
2007-06-18,45.408695
2007-06-19,45.453403
2007-06-20,44.916817
2007-06-21,45.324821
2007-06-22,44.698833
2007-06-25,44.687634
2007-06-26,44.464066
2007-06-27,44.782673
2007-06-28,44.816193
2007-06-29,45.145969
2007-07-02,45.799938
2007-07-03,46.017937
2007-07-05,45.788754
2007-07-06,46.118546
2007-07-09,46.230324
2007-07-10,45.665802
2007-07-11,46.096188
2007-07-12,46.738964
2007-07-13,46.705429
2007-07-16,46.599243
2007-07-17,46.442726
2007-07-18,46.280651
2007-07-19,46.543343
2007-07-20,46.062641
2007-07-23,46.342133
2007-07-24,45.643444
2007-07-25,45.520466
2007-07-26,44.005741
2007-07-27,43.396477
2007-07-30,44.167839
2007-07-31,44.111923
2007-08-01,44.184597
2007-08-02,44.318748
2007-08-03,43.519444
2007-08-06,43.994549
2007-08-07,44.14547
2007-08-08,44.860909
2007-08-09,43.580929
2007-08-10,42.831944
2007-08-13,42.915791
2007-08-14,42.502167
2007-08-15,41.507259
2007-08-16,41.328396
2007-08-17,41.708488
2007-08-20,41.842621
2007-08-21,41.814663
2007-08-22,42.804008
2007-08-23,42.994045
2007-08-24,43.743023
2007-08-27,43.279114
2007-08-28,42.407143
2007-08-29,43.379719
2007-08-30,43.077885
2007-08-31,43.832451
2007-09-04,44.234901
2007-09-05,43.59211
2007-09-06,43.7542
2007-09-07,43.223213
2007-09-10,43.044342
2007-09-11,43.787743
2007-09-12,43.832451
2007-09-13,44.016899
2007-09-14,43.759781
2007-09-17,43.144958
2007-09-18,44.547905
2007-09-19,44.950352
2007-09-20,44.911236
2007-09-21,45.106842
2007-09-24,45.207466
2007-09-25,45.263363
2007-09-26,45.486931
2007-09-27,46.090599
2007-09-28,46.163246
2007-10-01,46.755745
2007-10-02,46.638367
2007-10-03,46.425968
2007-10-04,46.588055
2007-10-05,47.06316
2007-10-08,46.627186
2007-10-09,47.146996
2007-10-10,47.057575
2007-10-11,47.275562
2007-10-12,47.482361
2007-10-15,47.096687
2007-10-16,46.370071
2007-10-17,46.86195
2007-10-18,46.973724
2007-10-19,45.939682
2007-10-22,45.883785
2007-10-23,46.532162
2007-10-24,46.431557
2007-10-25,46.643948
2007-10-26,47.487968
2007-10-29,47.834499
2007-10-30,47.454411
2007-10-31,48.125153
2007-11-01,47.113461
2007-11-02,47.376171
2007-11-05,46.621597
2007-11-06,47.325867
2007-11-07,46.504208
2007-11-08,46.588055
2007-11-09,45.682579
2007-11-12,44.933571
2007-11-13,46.140919
2007-11-14,46.068245
2007-11-15,45.308064
2007-11-16,45.453403
2007-11-19,44.251663
2007-11-20,45.240993
2007-11-21,44.218124
2007-11-23,45.330425
2007-11-26,44.620575
2007-11-27,45.224232
2007-11-28,46.509804
2007-11-29,46.129719
2007-11-30,46.381252
2007-12-03,46.207977
2007-12-04,45.917328
2007-12-05,46.448322
2007-12-06,46.889881
2007-12-07,46.705429
2007-12-10,47.186142
2007-12-11,45.956459
2007-12-12,46.878708
2007-12-13,45.922916
2007-12-14,44.68206
2007-12-17,43.731842
2007-12-18,44.27961
2007-12-19,43.91629
2007-12-20,44.229305
2007-12-21,44.860909
2007-12-24,45.044353
2007-12-26,45.17046
2007-12-27,44.895317
2007-12-28,45.279369
2007-12-31,44.998505
2008-01-02,44.837986
2008-01-03,44.912502
2008-01-04,43.892174
2008-01-07,43.938015
2008-01-08,43.691525
2008-01-09,44.006813
2008-01-10,43.960957
2008-01-11,43.083904
2008-01-14,43.77179
2008-01-15,42.35017
2008-01-16,41.496067
2008-01-17,40.871243
2008-01-18,41.106274
2008-01-22,39.959801
2008-01-23,39.724789
2008-01-24,41.117744
2008-01-25,40.521568
2008-01-28,40.974442
2008-01-29,41.220913
2008-01-30,41.031757
2008-01-31,41.467411
2008-02-01,42.161007
2008-02-04,41.731075
2008-02-05,39.81649
2008-02-06,39.782101
2008-02-07,39.581482
2008-02-08,39.174488
2008-02-11,39.380848
2008-02-12,40.229225
2008-02-13,40.504383
2008-02-14,40.320942
2008-02-15,40.469986
2008-02-19,40.865498
2008-02-20,40.653416
2008-02-21,40.578888
2008-02-22,41.094795
2008-02-25,41.748283
2008-02-26,42.367382
2008-02-27,42.504955
2008-02-28,42.097961
2008-02-29,41.043201
2008-03-03,41.163589
2008-03-04,40.538765
2008-03-05,41.02602
2008-03-06,40.441326
2008-03-07,39.965553
2008-03-10,39.764912
2008-03-11,41.020294
2008-03-12,41.020294
2008-03-13,41.089073
2008-03-14,40.097385
2008-03-17,39.489765
2008-03-18,40.699272
2008-03-19,39.226086
2008-03-20,39.81649
2008-03-24,40.544506
2008-03-25,41.134926
2008-03-26,41.134926
2008-03-27,41.100536
2008-03-28,41.066139
2008-03-31,41.215176
2008-04-01,42.516407
2008-04-02,42.608128
2008-04-03,42.734241
2008-04-04,42.877548
2008-04-07,43.141235
2008-04-08,42.688385
2008-04-09,42.338711
2008-04-10,42.20686
2008-04-11,41.639374
2008-04-14,41.731075
2008-04-15,42.02343
2008-04-16,43.347591
2008-04-17,42.866089
2008-04-18,43.169895
2008-04-21,43.508095
2008-04-22,43.055248
2008-04-23,43.278801
2008-04-24,42.997921
2008-04-25,43.353321
2008-04-28,43.605545
2008-04-29,43.221481
2008-04-30,43.456501
2008-05-01,43.720192
2008-05-02,43.840569
2008-05-05,43.915108
2008-05-06,44.241829
2008-05-07,43.467968
2008-05-08,43.846302
2008-05-09,43.496632
2008-05-12,43.932297
2008-05-13,43.783249
2008-05-14,43.783249
2008-05-15,44.528454
2008-05-16,45.009964
2008-05-19,44.826523
2008-05-20,44.413807
2008-05-21,43.909359
2008-05-22,44.419529
2008-05-23,43.915108
2008-05-27,43.829102
2008-05-28,43.823376
2008-05-29,43.725925
2008-05-30,43.972408
2008-06-02,43.513828
2008-06-03,43.422108
2008-06-04,43.169895
2008-06-05,43.886429
2008-06-06,42.625309
2008-06-09,42.568008
2008-06-10,41.845737
2008-06-11,41.312634
2008-06-12,41.169323
2008-06-13,41.547649
2008-06-16,41.759747
2008-06-17,41.885853
2008-06-18,41.541927
2008-06-19,41.46167
2008-06-20,40.555973
2008-06-23,40.550243
2008-06-24,40.366802
2008-06-25,40.797844
2008-06-26,39.764034
2008-06-27,39.869171
2008-06-30,40.108643
2008-07-01,39.676422
2008-07-02,39.045612
2008-07-03,39.296776
2008-07-07,38.957996
2008-07-08,39.162437
2008-07-09,38.654289
2008-07-10,38.987217
2008-07-11,38.373928
2008-07-14,38.292152
2008-07-15,37.678871
2008-07-16,38.373928
2008-07-17,38.957996
2008-07-18,39.20916
2008-07-21,39.436943
2008-07-22,39.571297
2008-07-23,39.717312
2008-07-24,38.993053
2008-07-25,39.074825
2008-07-28,38.420654
2008-07-29,38.800304
2008-07-30,39.162437
2008-07-31,38.776955
2008-08-01,38.198704
2008-08-04,37.836586
2008-08-05,38.794472
2008-08-06,38.806145
2008-08-07,38.029316
2008-08-08,38.187023
2008-08-11,38.151981
2008-08-12,37.877472
2008-08-13,37.281708
2008-08-14,37.135681
2008-08-15,36.890373
2008-08-18,36.703465
2008-08-19,36.288765
2008-08-20,36.504879
2008-08-21,36.650906
2008-08-22,36.82029
2008-08-25,36.242039
2008-08-26,36.423107
2008-08-27,36.767712
2008-08-28,37.240818
2008-08-29,37.129837
2008-09-02,36.557446
2008-09-03,36.40559
2008-09-04,34.846092
2008-09-05,34.717609
2008-09-08,35.494415
2008-09-09,34.343792
2008-09-10,34.676716
2008-09-11,34.600792
2008-09-12,35.27832
2008-09-15,33.777248
2008-09-16,33.526073
2008-09-17,32.246944
2008-09-18,33.712967
2008-09-19,36.10186
2008-09-22,34.869461
2008-09-23,34.378841
2008-09-24,34.478127
2008-09-25,35.272465
2008-09-26,34.898659
2008-09-29,31.002872
2008-09-30,32.883591
2008-10-01,32.638279
2008-10-02,31.213135
2008-10-03,31.090464
2008-10-06,29.332401
2008-10-07,27.959812
2008-10-08,27.334846
2008-10-09,25.69943
2008-10-10,24.741545
2008-10-13,28.672392
2008-10-14,28.082468
2008-10-15,25.086159
2008-10-16,26.563868
2008-10-17,25.997311
2008-10-20,27.656103
2008-10-21,26.096607
2008-10-22,24.192513
2008-10-23,24.724026
2008-10-24,23.123652
2008-10-27,21.908768
2008-10-28,24.928455
2008-10-29,24.986858
2008-10-30,25.862978
2008-10-31,26.032356
2008-11-03,26.137495
2008-11-04,27.930614
2008-11-05,26.412006
2008-11-06,24.706499
2008-11-07,26.102451
2008-11-10,25.711117
2008-11-11,24.864201
2008-11-12,23.526667
2008-11-13,25.530048
2008-11-14,24.064011
2008-11-17,23.625952
2008-11-18,23.666843
2008-11-19,22.083988
2008-11-20,20.86911
2008-11-21,22.352665
2008-11-24,23.690205
2008-11-25,24.122427
2008-11-26,24.385262
2008-11-28,24.373581
2008-12-01,22.381872
2008-12-02,23.596758
2008-12-03,23.912155
2008-12-04,23.176212
2008-12-05,23.468258
2008-12-08,24.583841
2008-12-09,24.356058
2008-12-10,24.998545
2008-12-11,24.887573
2008-12-12,25.132877
2008-12-15,25.197124
2008-12-16,26.645649
2008-12-17,26.511303
2008-12-18,25.69943
2008-12-19,25.325623
2008-12-22,25.150396
2008-12-23,24.961702
2008-12-24,25.292957
2008-12-26,25.411259
2008-12-29,25.417173
2008-12-30,26.180227
2008-12-31,26.535126
2009-01-02,26.878199
2009-01-05,26.446398
2009-01-06,26.730322
2009-01-07,26.26894
2009-01-08,26.65934
2009-01-09,25.736591
2009-01-12,25.115503
2009-01-13,24.654121
2009-01-14,23.642647
2009-01-15,23.855579
2009-01-16,23.997547
2009-01-20,22.240774
2009-01-21,23.32914
2009-01-22,22.784954
2009-01-23,22.625246
2009-01-26,23.068876
2009-01-27,23.518429
2009-01-28,24.210501
2009-01-29,23.110285
2009-01-30,22.891424
2009-02-02,22.666656
2009-02-03,23.31731
2009-02-04,23.199013
2009-02-05,23.530256
2009-02-06,24.074448
2009-02-09,24.068525
2009-02-10,22.873682
2009-02-11,23.122114
2009-02-12,23.051138
2009-02-13,22.802704
2009-02-17,21.590109
2009-02-18,21.572357
2009-02-19,21.542786
2009-02-20,21.229282
2009-02-23,20.418917
2009-02-24,21.270697
2009-02-25,20.685097
2009-02-26,20.513557
2009-02-27,20.513557
2009-03-02,19.336454
2009-03-03,19.259556
2009-03-04,20.117245
2009-03-05,19.306875
2009-03-06,19.271391
2009-03-09,18.750856
2009-03-10,20.010775
2009-03-11,20.123163
2009-03-12,20.578627
2009-03-13,20.71467
2009-03-16,20.939445
2009-03-17,21.489552
2009-03-18,22.104717
2009-03-19,22.092884
2009-03-20,21.785307
2009-03-23,23.352804
2009-03-24,22.619331
2009-03-25,22.968325
2009-03-26,23.275904
2009-03-27,22.530602
2009-03-30,21.672918
2009-03-31,22.234846
2009-04-01,22.814531
2009-04-02,23.84376
2009-04-03,23.979801
2009-04-06,23.482935
2009-04-07,22.991983
2009-04-08,23.222673
2009-04-09,23.84376
2009-04-13,24.08036
2009-04-14,23.84967
2009-04-15,24.16317
2009-04-16,24.316967
2009-04-17,24.23415
2009-04-20,23.240417
2009-04-21,23.772774
2009-04-22,23.58349
2009-04-23,24.175005
2009-04-24,24.547651
2009-04-27,24.257811
2009-04-28,24.027128
2009-04-29,24.642302
2009-04-30,24.796091
2009-05-01,25.085928
2009-05-04,26.126982
2009-05-05,25.86672
2009-05-06,26.493721
2009-05-07,26.050097
2009-05-08,27.179876
2009-05-11,26.487797
2009-05-12,26.77173
2009-05-13,25.860798
2009-05-14,26.11516
2009-05-15,25.878559
2009-05-18,26.866371
2009-05-19,27.108887
2009-05-20,27.286343
2009-05-21,27.079319
2009-05-22,27.233109
2009-05-26,27.777298
2009-05-27,27.239016
2009-05-28,27.517027
2009-05-29,28.067142
2009-06-01,28.759197
2009-06-02,29.007629
2009-06-03,28.144033
2009-06-04,28.321489
2009-06-05,27.97249
2009-06-08,27.913342
2009-06-09,28.256432
2009-06-10,28.309654
2009-06-11,28.794699
2009-06-12,28.646812
2009-06-15,27.617586
2009-06-16,27.298176
2009-06-17,27.375061
2009-06-18,27.327755
2009-06-19,27.759546
2009-06-22,26.866371
2009-06-23,27.219755
2009-06-24,27.243921
2009-06-25,27.817801
2009-06-26,27.76343
2009-06-29,27.999018
2009-06-30,27.672819
2009-07-01,28.131914
2009-07-02,27.322449
2009-07-06,27.358694
2009-07-07,26.694206
2009-07-08,26.585478
2009-07-09,26.911684
2009-07-10,26.597559
2009-07-13,27.062698
2009-07-14,27.207678
2009-07-15,28.137953
2009-07-16,28.385626
2009-07-17,28.28294
2009-07-20,28.832649
2009-07-21,29.013874
2009-07-22,29.086361
2009-07-23,29.575663
2009-07-24,29.756884
2009-07-27,29.787096
2009-07-28,29.660227
2009-07-29,29.418604
2009-07-30,29.992477
2009-07-31,30.451572
2009-08-03,31.158356
2009-08-04,31.11002
2009-08-05,30.98316
2009-08-06,30.789862
2009-08-07,30.759657
2009-08-10,30.572399
2009-08-11,30.397215
2009-08-12,30.741522
2009-08-13,31.212709
2009-08-14,30.946917
2009-08-17,29.95019
2009-08-18,30.469702
2009-08-19,30.72945
2009-08-20,30.946917
2009-08-21,31.62348
2009-08-24,31.617439
2009-08-25,31.93157
2009-08-26,31.798674
2009-08-27,32.040302
2009-08-28,32.058418
2009-08-31,31.822828
2009-09-01,31.031494
2009-09-02,30.995243
2009-09-03,31.236874
2009-09-04,31.7141
2009-09-08,32.342339
2009-09-09,32.741032
2009-09-10,33.030998
2009-09-11,32.988701
2009-09-14,33.055149
2009-09-15,33.061188
2009-09-16,33.713596
2009-09-17,33.496136
2009-09-18,33.586739
2009-09-21,33.230331
2009-09-22,33.689434
2009-09-23,33.399479
2009-09-24,32.910175
2009-09-25,32.771233
2009-09-28,33.218246
2009-09-29,33.018909
2009-09-30,33.030998
2009-10-01,32.16716
2009-10-02,31.810755
2009-10-05,32.269848
2009-10-06,32.813519
2009-10-07,32.934341
2009-10-08,33.41156
2009-10-09,33.326981
2009-10-12,33.52634
2009-10-13,33.453838
2009-10-14,34.257275
2009-10-15,34.41433
2009-10-16,33.894821
2009-10-19,34.438484
2009-10-20,34.257275
2009-10-21,34.142487
2009-10-22,34.474739
2009-10-23,33.931065
2009-10-26,33.417603
2009-10-27,33.151802
2009-10-28,32.354427
2009-10-29,33.308865
2009-10-30,32.197361
2009-11-02,32.51149
2009-11-03,32.384624
2009-11-04,32.710827
2009-11-05,33.133686
2009-11-06,33.230331
2009-11-09,34.160622
2009-11-10,33.979397
2009-11-11,34.082085
2009-11-12,33.586739
2009-11-13,34.057922
2009-11-16,34.601589
2009-11-17,34.372044
2009-11-18,34.263302
2009-11-19,33.61694
2009-11-20,33.429676
2009-11-23,34.027714
2009-11-24,33.888779
2009-11-25,34.341835
2009-11-27,33.351147
2009-11-30,33.459888
2009-12-01,34.37809
2009-12-02,34.432457
2009-12-03,34.353912
2009-12-04,34.233109
2009-12-07,34.045841
2009-12-08,33.453838
2009-12-09,33.41156
2009-12-10,33.514259
2009-12-11,33.502167
2009-12-14,33.828377
2009-12-15,33.453838
2009-12-16,33.846497
2009-12-17,33.049107
2009-12-18,33.12764
2009-12-21,33.224285
2009-12-22,33.435211
2009-12-23,33.73999
2009-12-24,33.8741
2009-12-28,34.020405
2009-12-29,34.075272
2009-12-30,33.935059
2009-12-31,33.697319
2010-01-04,34.581211
2010-01-05,34.611687
2010-01-06,34.75798
2010-01-07,34.623871
2010-01-08,34.89819
2010-01-11,35.184685
2010-01-12,34.770176
2010-01-13,35.062778
2010-01-14,35.33099
2010-01-15,34.776276
2010-01-19,35.117634
2010-01-20,34.221565
2010-01-21,33.49007
2010-01-22,32.837826
2010-01-25,33.240139
2010-01-26,33.051174
2010-01-27,33.014595
2010-01-28,32.459888
2010-01-29,31.990507
2010-02-01,32.57571
2010-02-02,33.118229
2010-02-03,32.770763
2010-02-04,31.435806
2010-02-05,31.380932
2010-02-08,30.759174
2010-02-09,31.728394
2010-02-10,31.527233
2010-02-11,31.819836
2010-02-12,31.545523
2010-02-16,32.246532
2010-02-17,32.289207
2010-02-18,32.472073
2010-02-19,32.27092
2010-02-22,32.331879
2010-02-23,31.874699
2010-02-24,32.075844
2010-02-25,31.880793
2010-02-26,32.075844
2010-03-01,32.325783
2010-03-02,32.569611
2010-03-03,32.959743
2010-03-04,32.87439
2010-03-05,33.514446
2010-03-08,33.514446
2010-03-09,33.435211
2010-03-10,33.575409
2010-03-11,33.703419
2010-03-12,33.928951
2010-03-15,33.691223
2010-03-16,34.117939
2010-03-17,34.300812
2010-03-18,34.09964
2010-03-19,33.752186
2010-03-22,33.84972
2010-03-23,34.087456
2010-03-24,33.526634
2010-03-25,33.508362
2010-03-26,33.837521
2010-03-29,34.124023
2010-03-30,34.124023
2010-03-31,34.124023
2010-04-01,34.727509
2010-04-05,34.76408
2010-04-06,34.666542
2010-04-07,34.422726
2010-04-08,34.38615
2010-04-09,34.837231
2010-04-12,34.946938
2010-04-13,34.916477
2010-04-14,35.379749
2010-04-15,35.35537
2010-04-16,34.575119
2010-04-19,34.483673
2010-04-20,34.697025
2010-04-21,34.471497
2010-04-22,34.160606
2010-04-23,34.416618
2010-04-26,34.453194
2010-04-27,33.069466
2010-04-28,33.075558
2010-04-29,33.587601
2010-04-30,33.166985
2010-05-03,33.404728
2010-05-04,32.081947
2010-05-05,31.466269
2010-05-06,30.064255
2010-05-07,29.997192
2010-05-10,31.941746
2010-05-11,31.423609
2010-05-12,31.777155
2010-05-13,31.36265
2010-05-14,30.472679
2010-05-17,30.515345
2010-05-18,29.856989
2010-05-19,29.972822
2010-05-20,28.930449
2010-05-21,29.63755
2010-05-24,28.954821
2010-05-25,28.845104
2010-05-26,28.4184
2010-05-27,30.033768
2010-05-28,29.454678
2010-06-01,29.162085
2010-06-02,29.942335
2010-06-03,29.850903
2010-06-04,28.576893
2010-06-07,28.217236
2010-06-08,28.668325
2010-06-09,28.564695
2010-06-10,29.77166
2010-06-11,29.814323
2010-06-14,30.0033
2010-06-15,30.954231
2010-06-16,30.80794
2010-06-17,30.905478
2010-06-18,30.850611
2010-06-21,30.844519
2010-06-22,30.45438
2010-06-23,30.658445
2010-06-24,30.125029
2010-06-25,30.298706
2010-06-28,30.075413
2010-06-29,29.045824
2010-06-30,28.847334
2010-07-01,29.269102
2010-07-02,29.207085
2010-07-06,29.790108
2010-07-07,30.72047
2010-07-08,31.018179
2010-07-09,31.049187
2010-07-12,30.931349
2010-07-13,31.501963
2010-07-14,31.613615
2010-07-15,31.768673
2010-07-16,30.751482
2010-07-19,30.949959
2010-07-20,31.160831
2010-07-21,30.596411
2010-07-22,31.626011
2010-07-23,31.998156
2010-07-26,32.221451
2010-07-27,32.314484
2010-07-28,32.147015
2010-07-29,32.295879
2010-07-30,32.196644
2010-08-02,33.282063
2010-08-03,33.232433
2010-08-04,33.263454
2010-08-05,33.238632
2010-08-06,33.337883
2010-08-09,33.375088
2010-08-10,33.108391
2010-08-11,31.601212
2010-08-12,31.564001
2010-08-13,31.452354
2010-08-16,31.706635
2010-08-17,32.060177
2010-08-18,32.047783
2010-08-19,31.532972
2010-08-20,31.204258
2010-08-23,31.142227
2010-08-24,30.71426
2010-08-25,30.745283
2010-08-26,30.73287
2010-08-27,31.334505
2010-08-30,30.881725
2010-08-31,30.974762
2010-09-01,32.078793
2010-09-02,32.258652
2010-09-03,32.556374
2010-09-07,32.103596
2010-09-08,32.351707
2010-09-09,32.655617
2010-09-10,32.754864
2010-09-13,33.350281
2010-09-14,33.573566
2010-09-15,33.585972
2010-09-16,33.424702
2010-09-17,33.263454
2010-09-20,33.840263
2010-09-21,33.834064
2010-09-22,33.784451
2010-09-23,33.418507
2010-09-24,34.348862
2010-09-27,34.17519
2010-09-28,34.37368
2010-09-29,34.317856
2010-09-30,34.063557
2010-10-01,34.404686
2010-10-04,33.908497
2010-10-05,34.869865
2010-10-06,35.161381
2010-10-07,35.043537
2010-10-08,35.273026
2010-10-11,35.229614
2010-10-12,35.155186
2010-10-13,35.552128
2010-10-14,35.800228
2010-10-15,35.682384
2010-10-18,35.763008
2010-10-19,34.975304
2010-10-20,35.632763
2010-10-21,35.440483
2010-10-22,35.53352
2010-10-25,35.669968
2010-10-26,35.440483
2010-10-27,35.099354
2010-10-28,35.372261
2010-10-29,35.359856
2010-11-01,35.229614
2010-11-02,35.812626
2010-11-03,36.060726
2010-11-04,36.879448
2010-11-05,36.718182
2010-11-08,36.4949
2010-11-09,36.12896
2010-11-10,36.234398
2010-11-11,35.924274
2010-11-12,35.626556
2010-11-15,35.601761
2010-11-16,34.764416
2010-11-17,34.956692
2010-11-18,35.83123
2010-11-19,35.83123
2010-11-22,35.446693
2010-11-23,34.379883
2010-11-24,34.925686
2010-11-26,34.342667
2010-11-29,34.038746
2010-11-30,33.654198
2010-12-01,34.609371
2010-12-02,35.266815
2010-12-03,35.607941
2010-12-06,35.446693
2010-12-07,35.465298
2010-12-08,35.57074
2010-12-09,35.663776
2010-12-10,35.744392
2010-12-13,36.12896
2010-12-14,36.18478
2010-12-15,35.707199
2010-12-16,35.90567
2010-12-17,35.707199
2010-12-20,35.787819
2010-12-21,36.087078
2010-12-22,36.155949
2010-12-23,36.137173
2010-12-27,36.062042
2010-12-28,36.093357
2010-12-29,36.406391
2010-12-30,36.231087
2010-12-31,36.450214
2011-01-03,36.750736
2011-01-04,36.638031
2011-01-05,36.481518
2011-01-06,36.062042
2011-01-07,35.918049
2011-01-10,35.855438
2011-01-11,36.099602
2011-01-12,36.894726
2011-01-13,36.9949
2011-01-14,37.220287
2011-01-18,37.464458
2011-01-19,37.207764
2011-01-20,36.888466
2011-01-21,37.088814
2011-01-24,37.483234
2011-01-25,37.408112
2011-01-26,37.646023
2011-01-27,37.733673
2011-01-28,36.894726
2011-01-31,37.214016
2011-02-01,38.096798
2011-02-02,38.065491
2011-02-03,38.071754
2011-02-04,38.059223
2011-02-07,38.178192
2011-02-08,38.428612
2011-02-09,38.315926
2011-02-10,38.065491
2011-02-11,38.084274
2011-02-14,38.159409
2011-02-15,38.046715
2011-02-16,38.503746
2011-02-17,38.635223
2011-02-18,38.766693
2011-02-22,37.658543
2011-02-23,37.708633
2011-02-24,37.739929
2011-02-25,38.190708
2011-02-28,38.535049
2011-03-01,37.99662
2011-03-02,38.196976
2011-03-03,38.68531
2011-03-04,38.334702
2011-03-07,37.965313
2011-03-08,38.084274
2011-03-09,38.096798
2011-03-10,37.151417
2011-03-11,37.151417
2011-03-14,36.487774
2011-03-15,35.723965
2011-03-16,34.61581
2011-03-17,35.767788
2011-03-18,36.26239
2011-03-21,37.157688
2011-03-22,37.051247
2011-03-23,37.095062
2011-03-24,37.589672
2011-03-25,37.176456
2011-03-28,37.157688
2011-03-29,37.351768
2011-03-30,37.79628
2011-03-31,37.614716
2011-04-01,37.971588
2011-04-04,38.021675
2011-04-05,37.927746
2011-04-06,38.240803
2011-04-07,38.052967
2011-04-08,38.36602
2011-04-11,38.290882
2011-04-12,37.934017
2011-04-13,38.046715
2011-04-14,38.215755
2011-04-15,38.159409
2011-04-18,37.376812
2011-04-19,37.652267
2011-04-20,38.610176
2011-04-21,38.860607
2011-04-25,38.860607
2011-04-26,39.161129
2011-04-27,39.649467
2011-04-28,39.918686
2011-04-29,39.730862
2011-05-02,39.987545
2011-05-03,39.661983
2011-05-04,39.323902
2011-05-05,38.547569
2011-05-06,38.56636
2011-05-09,38.841835
2011-05-10,39.211224
2011-05-11,38.422352
2011-05-12,38.547569
2011-05-13,37.946541
2011-05-16,37.87767
2011-05-17,37.959064
2011-05-18,38.190708
2011-05-19,38.409832
2011-05-20,37.865147
2011-05-23,36.988647
2011-05-24,37.201496
2011-05-25,37.439419
2011-05-26,37.79002
2011-05-27,38.065491
2011-05-31,38.854351
2011-06-01,37.934017
2011-06-02,38.128098
2011-06-03,38.146877
2011-06-06,37.652267
2011-06-07,37.99662
2011-06-08,37.508282
2011-06-09,37.89645
2011-06-10,37.019939
2011-06-13,37.07629
2011-06-14,37.733673
2011-06-15,36.494034
2011-06-16,36.368824
2011-06-17,36.725685
2011-06-20,36.681862
2011-06-21,37.476986
2011-06-22,37.113823
2011-06-23,36.794701
2011-06-24,36.443661
2011-06-27,36.743637
2011-06-28,37.184025
2011-06-29,37.835026
2011-06-30,38.383919
2011-07-01,38.805172
2011-07-05,38.57539
2011-07-06,38.33287
2011-07-07,38.664749
2011-07-08,38.186069
2011-07-11,37.030842
2011-07-12,36.781921
2011-07-13,37.330818
2011-07-14,37.005314
2011-07-15,37.132965
2011-07-18,36.584076
2011-07-19,37.132965
2011-07-20,37.573349
2011-07-21,38.371159
2011-07-22,38.409454
2011-07-25,38.166924
2011-07-26,38.396687
2011-07-27,37.464855
2011-07-28,37.375507
2011-07-29,37.471237
2011-08-01,36.998936
2011-08-02,36.022419
2011-08-03,36.23304
2011-08-04,33.705612
2011-08-05,34.299175
2011-08-08,31.73982
2011-08-09,33.877941
2011-08-10,31.854694
2011-08-11,33.3801
2011-08-12,33.763035
2011-08-15,34.548077
2011-08-16,34.043869
2011-08-17,34.241726
2011-08-18,32.575909
2011-08-19,32.020638
2011-08-22,32.224884
2011-08-23,33.271603
2011-08-24,33.284355
2011-08-25,32.480167
2011-08-26,32.990772
2011-08-29,33.775806
2011-08-30,33.57795
2011-08-31,34.190659
2011-09-01,33.769436
2011-09-02,33.016304
2011-09-06,31.931286
2011-09-07,32.882263
2011-09-08,32.231258
2011-09-09,31.11434
2011-09-12,30.980305
2011-09-13,31.312191
2011-09-14,31.784494
2011-09-15,32.473804
2011-09-16,32.486565
2011-09-19,31.593021
2011-09-20,31.720661
2011-09-21,30.776062
2011-09-22,29.780411
2011-09-23,30.118673
2011-09-26,30.73777
2011-09-27,31.497276
2011-09-28,30.961166
2011-09-29,31.567488
2011-09-30,30.495243
2011-10-03,29.691057
2011-10-04,30.188883
2011-10-05,30.654795
2011-10-06,31.478138
2011-10-07,31.261129
2011-10-10,32.454636
2011-10-11,32.397205
2011-10-12,32.869518
2011-10-13,32.882263
2011-10-14,33.265213
2011-10-17,32.499329
2011-10-18,32.965237
2011-10-19,32.371666
2011-10-20,32.454636
2011-10-21,33.239685
2011-10-24,33.737522
2011-10-25,33.156715
2011-10-26,33.609867
2011-10-27,35.467159
2011-10-28,35.26292
2011-10-31,33.431156
2011-11-01,32.384434
2011-11-02,32.658882
2011-11-03,33.482212
2011-11-04,33.060978
2011-11-07,33.201389
2011-11-08,33.603485
2011-11-09,31.880217
2011-11-10,32.25679
2011-11-11,33.060978
2011-11-14,32.473804
2011-11-15,32.384434
2011-11-16,31.765343
2011-11-17,31.420704
2011-11-18,31.529188
2011-11-21,30.73139
2011-11-22,30.642029
2011-11-23,29.799557
2011-11-25,29.646381
2011-11-28,30.910097
2011-11-29,31.11434
2011-11-30,32.70356
2011-12-01,32.422737
2011-12-02,32.416348
2011-12-05,32.78653
2011-12-06,32.633362
2011-12-07,32.863113
2011-12-08,31.784494
2011-12-09,32.575909
2011-12-12,31.624924
2011-12-13,31.197302
2011-12-14,30.827118
2011-12-15,30.980305
2011-12-16,30.852654
2011-12-19,30.565445
2011-12-20,31.643492
2011-12-21,31.475544
2011-12-22,31.75975
2011-12-23,31.979364
2011-12-27,31.83725
2011-12-28,31.262392
2011-12-29,31.83725
2011-12-30,31.992277
2012-01-03,32.864273
2012-01-04,32.670486
2012-01-05,32.186066
2012-01-06,31.74683
2012-01-09,31.869551
2012-01-10,32.353996
2012-01-11,32.250645
2012-01-12,32.386288
2012-01-13,32.037491
2012-01-17,32.418579
2012-01-18,32.961159
2012-01-19,33.368065
2012-01-20,33.542477
2012-01-23,33.671669
2012-01-24,33.484352
2012-01-25,33.833141
2012-01-26,33.846069
2012-01-27,33.90419
2012-01-30,33.503738
2012-01-31,33.678123
2012-02-01,34.207783
2012-02-02,34.278824
2012-02-03,34.814938
2012-02-06,34.646999
2012-02-07,34.860146
2012-02-08,34.982876
2012-02-09,35.073299
2012-02-10,34.408005
2012-02-13,34.802021
2012-02-14,34.543648
2012-02-15,34.582409
2012-02-16,35.060383
2012-02-17,35.215412
2012-02-21,35.221867
2012-02-22,35.118519
2012-02-23,35.409184
2012-02-24,35.622337
2012-02-27,35.441483
2012-02-28,35.770901
2012-02-29,35.305836
2012-03-01,35.70631
2012-03-02,35.376881
2012-03-05,35.189564
2012-03-06,34.065674
2012-03-07,34.485516
2012-03-08,35.228325
2012-03-09,35.112057
2012-03-12,35.021633
2012-03-13,35.590031
2012-03-14,35.273544
2012-03-15,35.609409
2012-03-16,35.854858
2012-03-19,36.042179
2012-03-20,35.615871
2012-03-21,35.383347
2012-03-22,35.137897
2012-03-23,35.383347
2012-03-26,35.835499
2012-03-27,35.609409
2012-03-28,35.363968
2012-03-29,35.137897
2012-03-30,35.454399
2012-04-02,35.867779
2012-04-03,35.241241
2012-04-04,34.45322
2012-04-05,34.246529
2012-04-09,34.097977
2012-04-10,33.368065
2012-04-11,33.833141
2012-04-12,34.45322
2012-04-13,33.79438
2012-04-16,34.039841
2012-04-17,34.582409
2012-04-18,34.40155
2012-04-19,34.194862
2012-04-20,34.524273
2012-04-23,33.833141
2012-04-24,34.10442
2012-04-25,34.569481
2012-04-26,34.776188
2012-04-27,34.918282
2012-04-30,34.718044
2012-05-01,34.860146
2012-05-02,34.58886
2012-05-03,34.285294
2012-05-04,33.762096
2012-05-07,34.007545
2012-05-08,33.484352
2012-05-09,33.096798
2012-05-10,33.251831
2012-05-11,33.04512
2012-05-14,32.412128
2012-05-15,32.005196
2012-05-16,31.688696
2012-05-17,31.301155
2012-05-18,31.075075
2012-05-21,31.75975
2012-05-22,31.643492
2012-05-23,31.385111
2012-05-24,31.178421
2012-05-25,31.068621
2012-05-29,31.462616
2012-05-30,30.719818
2012-05-31,30.849009
2012-06-01,30.06744
2012-06-04,30.319351
2012-06-05,30.538965
2012-06-06,31.391567
2012-06-07,31.436789
2012-06-08,31.333443
2012-06-11,31.029865
2012-06-12,31.546602
2012-06-13,31.294695
2012-06-14,31.52721
2012-06-15,31.972904
2012-06-18,31.882479
2012-06-19,32.412128
2012-06-20,32.599445
2012-06-21,31.74613
2012-06-22,32.017132
2012-06-25,31.303286
2012-06-26,31.508188
2012-06-27,31.80563
2012-06-28,31.87171
2012-06-29,33.02179
2012-07-02,33.239922
2012-07-03,33.543957
2012-07-05,32.98875
2012-07-06,32.678089
2012-07-09,32.605385
2012-07-10,32.387272
2012-07-11,32.486416
2012-07-12,32.162544
2012-07-13,32.618603
2012-07-16,32.612003
2012-07-17,32.704533
2012-07-18,32.962318
2012-07-19,33.266361
2012-07-20,32.486416
2012-07-23,31.818846
2012-07-24,31.475142
2012-07-25,31.640381
2012-07-26,32.605385
2012-07-27,33.292793
2012-07-30,33.253136
2012-07-31,33.048248
2012-08-01,33.05484
2012-08-02,32.592175
2012-08-03,33.702591
2012-08-06,33.940536
2012-08-07,34.224754
2012-08-08,34.204918
2012-08-09,34.224754
2012-08-10,34.284245
2012-08-13,34.118999
2012-08-14,34.198315
2012-08-15,34.099167
2012-08-16,34.52219
2012-08-17,34.568451
2012-08-20,34.528801
2012-08-21,34.727074
2012-08-22,34.687431
2012-08-23,34.489132
2012-08-24,34.436253
2012-08-27,34.456085
2012-08-28,34.423042
2012-08-29,34.317284
2012-08-30,33.808353
2012-08-31,34.105782
2012-09-04,33.933926
2012-09-05,33.8414
2012-09-06,34.68082
2012-09-07,35.202976
2012-09-10,34.925377
2012-09-11,35.321953
2012-09-12,35.553288
2012-09-13,36.095291
2012-09-14,36.452206
2012-09-17,36.260525
2012-09-18,36.108505
2012-09-19,36.260525
2012-09-20,36.029186
2012-09-21,36.049019
2012-09-24,35.923428
2012-09-25,35.672272
2012-09-26,35.315346
2012-09-27,35.738361
2012-09-28,35.031124
2012-10-01,35.315346
2012-10-02,35.454151
2012-10-03,35.308735
2012-10-04,35.738361
2012-10-05,35.784634
2012-10-08,35.573128
2012-10-09,35.057575
2012-10-10,34.958427
2012-10-11,35.183155
2012-10-12,35.143482
2012-10-15,35.487194
2012-10-16,36.075459
2012-10-17,36.412552
2012-10-18,36.273743
2012-10-19,35.784634
2012-10-22,36.035797
2012-10-23,35.262466
2012-10-24,35.282303
2012-10-25,35.493805
2012-10-26,35.440933
2012-10-31,35.41449
2012-11-01,35.830894
2012-11-02,35.487194
2012-11-05,35.401272
2012-11-06,35.738361
2012-11-07,35.202976
2012-11-08,34.885715
2012-11-09,34.898937
2012-11-12,34.87249
2012-11-13,34.700645
2012-11-14,34.33712
2012-11-15,34.449486
2012-11-16,34.429642
2012-11-19,35.17654
2012-11-20,35.229416
2012-11-21,35.288906
2012-11-23,36.049019
2012-11-26,35.963093
2012-11-27,35.784634
2012-11-28,36.042408
2012-11-29,36.353065
2012-11-30,36.399323
2012-12-03,36.445595
2012-12-04,36.538136
2012-12-05,36.591015
2012-12-06,36.663715
2012-12-07,36.676922
2012-12-10,36.716587
2012-12-11,36.928104
2012-12-12,37.04707
2012-12-13,36.934711
2012-12-14,37.066898
2012-12-17,37.218922
2012-12-18,37.606476
2012-12-19,37.740116
2012-12-20,37.994038
2012-12-21,37.760166
2012-12-24,37.659943
2012-12-26,37.653263
2012-12-27,37.826992
2012-12-28,37.426064
2012-12-31,37.994038
2013-01-02,38.582058
2013-01-03,38.207867
2013-01-04,38.401642
2013-01-07,38.234589
2013-01-08,38.020767
2013-01-09,38.21455
2013-01-10,38.702332
2013-01-11,38.782524
2013-01-14,38.829296
2013-01-15,38.769154
2013-01-16,38.582058
2013-01-17,38.896107
2013-01-18,38.85603
2013-01-22,38.876068
2013-01-23,38.835979
2013-01-24,39.023075
2013-01-25,39.444042
2013-01-28,39.250267
2013-01-29,39.51754
2013-01-30,39.557625
2013-01-31,39.410645
2013-02-01,39.724678
2013-02-04,39.009708
2013-02-05,39.190121
2013-02-06,39.183441
2013-02-07,38.862705
2013-02-08,39.109943
2013-02-11,39.069866
2013-02-12,39.263622
2013-02-13,39.35717
2013-02-14,39.143349
2013-02-15,39.043118
2013-02-19,39.504177
2013-02-20,39.116627
2013-02-21,38.528599
2013-02-22,39.08321
2013-02-25,38.147739
2013-02-26,38.455097
2013-02-27,38.942894
2013-02-28,38.902802
2013-03-01,38.822605
2013-03-04,38.989658
2013-03-05,39.377224
2013-03-06,39.477451
2013-03-07,39.591042
2013-03-08,39.677902
2013-03-11,39.798199
2013-03-12,39.597729
2013-03-13,39.53759
2013-03-14,39.925148
2013-03-15,40.005333
2013-03-18,39.564316
2013-03-19,39.444042
2013-03-20,39.684597
2013-03-21,39.323757
2013-03-22,39.664547
2013-03-25,39.170074
2013-03-26,39.417309
2013-03-27,39.223537
2013-03-28,39.410645
2013-04-01,38.882751
2013-04-02,39.297035
2013-04-03,39.103264
2013-04-04,39.450718
2013-04-05,39.270313
2013-04-08,39.424
2013-04-09,39.564316
2013-04-10,40.152348
2013-04-11,40.466393
2013-04-12,40.366161
2013-04-15,39.571007
2013-04-16,40.132298
2013-04-17,39.297035
2013-04-18,39.176758
2013-04-19,39.490814
2013-04-22,39.65786
2013-04-23,40.219151
2013-04-24,40.566628
2013-04-25,40.780457
2013-04-26,40.813862
2013-04-29,41.335056
2013-04-30,41.3885
2013-05-01,41.14127
2013-05-02,41.268227
2013-05-03,41.796112
2013-05-06,41.742661
2013-05-07,41.809479
2013-05-08,42.250496
2013-05-09,41.842888
2013-05-10,41.889668
2013-05-13,41.869617
2013-05-14,41.94981
2013-05-15,42.130219
2013-05-16,41.842888
2013-05-17,42.130219
2013-05-20,42.364094
2013-05-21,42.450954
2013-05-22,42.023315
2013-05-23,41.421925
2013-05-24,41.061092
2013-05-28,41.168003
2013-05-29,40.773762
2013-05-30,40.934139
2013-05-31,40.138977
2013-06-03,40.292652
2013-06-04,40.439671
2013-06-05,39.53759
2013-06-06,39.758095
2013-06-07,40.292652
2013-06-10,40.332752
2013-06-11,39.838276
2013-06-12,39.791512
2013-06-13,40.39957
2013-06-14,39.958557
2013-06-17,40.533207
2013-06-18,40.820553
2013-06-19,40.058792
2013-06-20,38.588745
2013-06-21,38.715702
2013-06-24,38.107632
2013-06-25,38.595425
2013-06-26,38.749115
2013-06-27,39.139065
2013-06-28,39.064072
2013-07-01,39.43222
2013-07-02,39.234512
2013-07-03,39.248154
2013-07-05,39.43222
2013-07-08,39.677654
2013-07-09,39.895813
2013-07-10,40.011707
2013-07-11,41.047962
2013-07-12,40.775257
2013-07-15,41.027508
2013-07-16,41.00024
2013-07-17,41.122948
2013-07-18,41.395657
2013-07-19,41.361565
2013-07-22,41.593357
2013-07-23,41.681988
2013-07-24,41.627445
2013-07-25,41.709259
2013-07-26,41.450188
2013-07-29,41.054775
2013-07-30,41.047962
2013-07-31,41.143398
2013-08-01,41.702438
2013-08-02,42.043304
2013-08-05,41.954678
2013-08-06,41.893326
2013-08-07,41.709259
2013-08-08,42.084213
2013-08-09,42.159206
2013-08-12,42.043304
2013-08-13,42.316013
2013-08-14,42.336456
2013-08-15,41.981949
2013-08-16,42.056946
2013-08-19,41.756973
2013-08-20,41.702438
2013-08-21,41.211582
2013-08-22,41.613811
2013-08-23,41.975124
2013-08-26,41.668358
2013-08-27,40.959339
2013-08-28,40.911617
2013-08-29,40.84343
2013-08-30,40.338943
2013-09-03,41.116138
2013-09-04,41.484283
2013-09-05,41.450188
2013-09-06,41.675171
2013-09-09,42.247833
2013-09-10,42.725048
2013-09-11,42.87505
2013-09-12,42.629608
2013-09-13,42.834133
2013-09-16,43.168182
2013-09-17,43.195457
2013-09-18,44.347614
2013-09-19,44.136265
2013-09-20,43.815849
2013-09-23,43.802212
2013-09-24,43.734035
2013-09-25,43.781765
2013-09-26,43.965828
2013-09-27,43.80904
2013-09-30,43.495426
2013-10-01,43.727222
2013-10-02,43.713589
2013-10-03,43.427254
2013-10-04,43.529514
2013-10-07,43.079559
2013-10-08,42.745506
2013-10-09,42.929581
2013-10-10,43.699955
2013-10-11,43.931751
2013-10-14,44.08173
2013-10-15,43.870388
2013-10-16,44.197632
2013-10-17,44.783928
2013-10-18,45.049812
2013-10-21,45.117981
2013-10-22,45.567947
2013-10-23,45.124802
2013-10-24,45.438416
2013-10-25,45.30888
2013-10-28,45.233879
2013-10-29,45.329334
2013-10-30,45.16571
2013-10-31,44.913456
2013-11-01,44.695312
2013-11-04,44.913456
2013-11-05,44.524868
2013-11-06,44.913456
2013-11-07,44.204445
2013-11-08,44.463509
2013-11-11,44.558952
2013-11-12,44.40897
2013-11-13,44.552139
2013-11-14,44.756672
2013-11-15,45.117981
2013-11-18,45.117981
2013-11-19,45.002083
2013-11-20,44.688499
2013-11-21,44.968002
2013-11-22,45.097527
2013-11-25,44.961182
2013-11-26,44.961182
2013-11-27,45.070271
2013-11-29,45.15889
2013-12-02,44.824833
2013-12-03,44.51123
2013-12-04,44.272617
2013-12-05,44.02037
2013-12-06,44.565765
2013-12-09,44.518051
2013-12-10,44.44305
2013-12-11,44.027191
2013-12-12,43.706776
2013-12-13,43.679508
2013-12-16,43.993107
2013-12-17,43.802212
2013-12-18,44.491241
2013-12-19,44.491241
2013-12-20,44.745678
2013-12-23,45.206398
2013-12-24,45.295803
2013-12-26,45.543354
2013-12-27,45.777161
2013-12-30,45.969692
2013-12-31,46.141605
2014-01-02,45.323299
2014-01-03,45.371449
2014-01-06,45.316433
2014-01-07,45.570862
2014-01-08,45.557114
2014-01-09,45.522724
2014-01-10,45.942196
2014-01-13,45.543354
2014-01-14,45.907814
2014-01-15,46.100357
2014-01-16,46.079739
2014-01-17,45.942196
2014-01-21,46.162235
2014-01-22,46.162235
2014-01-23,45.852802
2014-01-24,44.594395
2014-01-27,44.388107
2014-01-28,44.773182
2014-01-29,44.271187
2014-01-30,44.498116
2014-01-31,43.741703
2014-02-03,42.847752
2014-02-04,43.342861
2014-02-05,43.432266
2014-02-06,44.202431
2014-02-07,44.78006
2014-02-10,44.628777
2014-02-11,45.33707
2014-02-12,45.412704
2014-02-13,45.55024
2014-02-14,45.722145
2014-02-18,46.114109
2014-02-19,45.804668
2014-02-20,45.962826
2014-02-21,46.052216
2014-02-24,46.451057
2014-02-25,46.34103
2014-02-26,46.182884
2014-02-27,46.34103
2014-02-28,46.42355
2014-03-03,45.440216
2014-03-04,46.34103
2014-03-05,46.299786
2014-03-06,46.781139
2014-03-07,46.526699
2014-03-10,46.237885
2014-03-11,45.900925
2014-03-12,45.729015
2014-03-13,44.876339
2014-03-14,44.78006
2014-03-17,45.343937
2014-03-18,45.625877
2014-03-19,45.068878
2014-03-20,44.896965
2014-03-21,44.80756
2014-03-24,44.924469
2014-03-25,45.412704
2014-03-26,45.405827
2014-03-27,45.632763
2014-03-28,45.976589
2014-03-31,46.210377
2014-04-01,46.506069
2014-04-02,46.595455
2014-04-03,46.464802
2014-04-04,46.320404
2014-04-07,46.100357
2014-04-08,46.072853
2014-04-09,46.664227
2014-04-10,45.83905
2014-04-11,45.563984
2014-04-14,45.825298
2014-04-15,45.632763
2014-04-16,46.196625
2014-04-17,46.437305
2014-04-21,46.499195
2014-04-22,46.691734
2014-04-23,46.581707
2014-04-24,46.574833
2014-04-25,46.347919
2014-04-28,46.492313
2014-04-29,46.794884
2014-04-30,46.980549
2014-05-01,47.111202
2014-05-02,47.035568
2014-05-05,47.001183
2014-05-06,46.918663
2014-05-07,46.973675
2014-05-08,46.980549
2014-05-09,46.9118
2014-05-12,47.221233
2014-05-13,47.290005
2014-05-14,47.200592
2014-05-15,46.994312
2014-05-16,47.097466
2014-05-19,47.001183
2014-05-20,46.70549
2014-05-21,47.069939
2014-05-22,47.131836
2014-05-23,47.255615
2014-05-27,47.592564
2014-05-28,47.43441
2014-05-29,47.723221
2014-05-30,47.730103
2014-06-02,47.826359
2014-06-03,47.709469
2014-06-04,47.695713
2014-06-05,48.025787
2014-06-06,48.287094
2014-06-09,48.238964
2014-06-10,48.135815
2014-06-11,47.895134
2014-06-12,47.908886
2014-06-13,47.943272
2014-06-16,47.957027
2014-06-17,47.922638
2014-06-18,48.335239
2014-06-19,48.596539
2014-06-20,48.514015
2014-06-23,48.383373
2014-06-24,48.080799
2014-06-25,48.063896
2014-06-26,48.09911
2014-06-27,48.127296
2014-06-30,48.169579
2014-07-01,48.592304
2014-07-02,48.6698
2014-07-03,48.76844
2014-07-07,48.387981
2014-07-08,47.880711
2014-07-09,48.035709
2014-07-10,47.507305
2014-07-11,47.535488
2014-07-14,47.887745
2014-07-15,47.767986
2014-07-16,48.063896
2014-07-17,47.450943
2014-07-18,47.824345
2014-07-21,47.648209
2014-07-22,47.859577
2014-07-23,47.958206
2014-07-24,48.07093
2014-07-25,47.873669
2014-07-28,47.880711
2014-07-29,47.78207
2014-07-30,47.711624
2014-07-31,46.915485
2014-08-01,46.591396
2014-08-04,46.809807
2014-08-05,46.210945
2014-08-06,46.098217
2014-08-07,45.724808
2014-08-08,45.992531
2014-08-11,46.168663
2014-08-12,46.133453
2014-08-13,46.394123
2014-08-14,46.640717
2014-08-15,46.591396
2014-08-18,46.894348
2014-08-19,47.007076
2014-08-20,46.859119
2014-08-21,47.056389
2014-08-22,46.83094
2014-08-25,47.133896
2014-08-26,47.140934
2014-08-27,47.232521
2014-08-28,47.021168
2014-08-29,47.000038
2014-09-02,47.091625
2014-09-03,47.422756
2014-09-04,47.1973
2014-09-05,47.204353
2014-09-08,46.704124
2014-09-09,46.570259
2014-09-10,46.837986
2014-09-11,46.577312
2014-09-12,46.513897
2014-09-15,46.41526
2014-09-16,46.61253
2014-09-17,46.281399
2014-09-18,46.640717
2014-09-19,46.478672
2014-09-22,46.274353
2014-09-23,45.886848
2014-09-24,46.119362
2014-09-25,45.442986
2014-09-26,45.633213
2014-09-29,45.210495
2014-09-30,45.175274
2014-10-01,44.639816
2014-10-02,44.160725
2014-10-03,44.160725
2014-10-06,44.442543
2014-10-07,43.688679
2014-10-08,44.379139
2014-10-09,43.188461
2014-10-10,42.540279
2014-10-13,42.483921
2014-10-14,42.589596
2014-10-15,42.335964
2014-10-16,41.94141
2014-10-17,42.723457
2014-10-20,42.991184
2014-10-21,43.505493
2014-10-22,43.188461
2014-10-23,43.604141
2014-10-24,43.843681
2014-10-27,43.597103
2014-10-28,44.259357
2014-10-29,43.921188
2014-10-30,44.238224
2014-10-31,45.055504
2014-11-03,44.667995
2014-11-04,44.414364
2014-11-05,44.498913
2014-11-06,44.259357
2014-11-07,44.280495
2014-11-10,44.47776
2014-11-11,44.745502
2014-11-12,44.365044
2014-11-13,44.576405
2014-11-14,44.639816
2014-11-17,44.463673
2014-11-18,44.94981
2014-11-19,44.815952
2014-11-20,44.548229
2014-11-21,44.935726
2014-11-24,45.196411
2014-11-25,45.273914
2014-11-26,45.450027
2014-11-28,45.083679
2014-12-01,45.041412
2014-12-02,45.168224
2014-12-03,45.111851
2014-12-04,44.963905
2014-12-05,45.062527
2014-12-08,44.667995
2014-12-09,44.428455
2014-12-10,43.864819
2014-12-11,43.808456
2014-12-12,42.963001
2014-12-15,42.251419
2014-12-16,42.554371
2014-12-17,43.063046
2014-12-18,43.831394
2014-12-19,43.89542
2014-12-22,44.108856
2014-12-23,43.966564
2014-12-24,44.165775
2014-12-26,44.279594
2014-12-29,43.959457
2014-12-30,43.553936
2014-12-31,43.283592
2015-01-02,43.098621
2015-01-05,42.081264
2015-01-06,41.604607
2015-01-07,42.067036
2015-01-08,42.636185
2015-01-09,42.429871
2015-01-12,42.330269
2015-01-13,42.543694
2015-01-14,42.422756
2015-01-15,42.6931
2015-01-16,43.248024
2015-01-20,43.397419
2015-01-21,43.738907
2015-01-22,43.902534
2015-01-23,43.653538
2015-01-26,44.251133
2015-01-27,44.315163
2015-01-28,43.653538
2015-01-29,44.251133
2015-01-30,43.553936
2015-02-02,44.080391
2015-02-03,44.784706
2015-02-04,44.414768
2015-02-05,45.026604
2015-02-06,44.464569
2015-02-09,44.251133
2015-02-10,44.656654
2015-02-11,44.414768
2015-02-12,45.104858
2015-02-13,45.403664
2015-02-17,45.510372
2015-02-18,45.780724
2015-02-19,45.837635
2015-02-20,46.264492
2015-02-23,46.100872
2015-02-24,46.385437
2015-02-25,46.421005
2015-02-26,46.29295
2015-02-27,46.314301
2015-03-02,46.385437
2015-03-03,46.100872
2015-03-04,45.915886
2015-03-05,46.022617
2015-03-06,45.396545
2015-03-09,45.46769
2015-03-10,44.478794
2015-03-11,44.592621
2015-03-12,45.147545
2015-03-13,44.884323
2015-03-16,45.389423
2015-03-17,45.275597
2015-03-18,46.243141
2015-03-19,45.702465
2015-03-20,46.712692
2015-03-23,46.947472
2015-03-24,46.847858
2015-03-25,46.627323
2015-03-26,46.221798
2015-03-27,46.342751
2015-03-30,46.37122
2015-03-31,45.652653
2015-04-01,45.979919
2015-04-02,46.378323
2015-04-06,46.847858
2015-04-07,46.783852
2015-04-08,46.983047
2015-04-09,47.047066
2015-04-10,47.139557
2015-04-13,46.840752
2015-04-14,47.189354
2015-04-15,47.402794
2015-04-16,47.530838
2015-04-17,46.93325
2015-04-20,46.983047
2015-04-21,47.402794
2015-04-22,47.495274
2015-04-23,47.673134
2015-04-24,47.950592
2015-04-27,48.18536
2015-04-28,48.242271
2015-04-29,47.822533
2015-04-30,47.317413
2015-05-01,47.843884
2015-05-04,47.794071
2015-05-05,47.082638
2015-05-06,47.203579
2015-05-07,47.047066
2015-05-08,48.135567
2015-05-11,47.715813
2015-05-12,47.687363
2015-05-13,48.043076
2015-05-14,48.619347
2015-05-15,48.67625
2015-05-18,48.512623
2015-05-19,48.327641
2015-05-20,48.420135
2015-05-21,48.67625
2015-05-22,48.363224
2015-05-26,47.495274
2015-05-27,47.957706
2015-05-28,47.872334
2015-05-29,47.409897
2015-06-01,47.281853
2015-06-02,47.502388
2015-06-03,47.76561
2015-06-04,47.253384
2015-06-05,46.691353
2015-06-08,46.627323
2015-06-09,46.37122
2015-06-10,47.345879
2015-06-11,47.473919
2015-06-12,47.096867
2015-06-15,46.812298
2015-06-16,46.798069
2015-06-17,46.691353
2015-06-18,47.111095
2015-06-19,46.997257
2015-06-22,47.886566
2015-06-23,48.014622
2015-06-24,47.60199
2015-06-25,47.580997
2015-06-26,47.559299
2015-06-29,46.097946
2015-06-30,45.931553
2015-07-01,46.228168
2015-07-02,46.286034
2015-07-06,45.352795
2015-07-07,45.367264
2015-07-08,44.311039
2015-07-09,45.04171
2015-07-10,46.51754
2015-07-13,46.69117
2015-07-14,47.081833
2015-07-15,46.908192
2015-07-16,47.313335
2015-07-17,47.233757
2015-07-20,47.356731
2015-07-21,47.21928
2015-07-22,46.857567
2015-07-23,46.73457
2015-07-24,46.220924
2015-07-27,45.880917
2015-07-28,46.45966
2015-07-29,46.62606
2015-07-30,46.589886
2015-07-31,46.864796
2015-08-03,46.741814
2015-08-04,46.777981
2015-08-05,47.023952
2015-08-06,46.828621
2015-08-07,46.741814
2015-08-10,47.313335
2015-08-11,46.589886
2015-08-12,46.257099
2015-08-13,46.228168
2015-08-14,46.300503
2015-08-17,46.213692
2015-08-18,45.866444
2015-08-19,45.461308
2015-08-20,44.361664
2015-08-21,43.348846
2015-08-24,41.851318
2015-08-25,42.249207
2015-08-26,43.247566
2015-08-27,43.775684
2015-08-28,43.710567
2015-08-31,43.385025
2015-09-01,41.930901
2015-09-02,42.553055
2015-09-03,42.654335
2015-09-04,41.677689
2015-09-08,42.900311
2015-09-09,42.726677
2015-09-10,43.008831
2015-09-11,43.001598
2015-09-14,42.676052
2015-09-15,42.965424
2015-09-16,43.62376
2015-09-17,43.645458
2015-09-18,42.553055
2015-09-21,42.531361
2015-09-22,41.518532
2015-09-23,41.323196
2015-09-24,41.207458
2015-09-25,41.569176
2015-09-28,40.751682
2015-09-29,40.693806
2015-09-30,41.467888
2015-10-01,41.598114
2015-10-02,42.307087
2015-10-05,43.146294
2015-10-06,43.196922
2015-10-07,43.73951
2015-10-08,44.086758
2015-10-09,44.16634
2015-10-12,44.079533
2015-10-13,43.522476
2015-10-14,43.609287
2015-10-15,44.354443
2015-10-16,44.318272
2015-10-19,44.16634
2015-10-20,43.985477
2015-10-21,43.963783
2015-10-22,44.455727
2015-10-23,44.897018
2015-10-26,44.73064
2015-10-27,44.33997
2015-10-28,44.629349
2015-10-29,44.303799
2015-10-30,44.209755
2015-11-02,44.629349
2015-11-03,44.614876
2015-11-04,44.368904
2015-11-05,44.289333
2015-11-06,44.086758
2015-11-09,43.630997
2015-11-10,43.602062
2015-11-11,43.826324
2015-11-12,43.254807
2015-11-13,42.893082
2015-11-16,43.435661
2015-11-17,43.551418
2015-11-18,43.94931
2015-11-19,44.173588
2015-11-20,44.0723
2015-11-23,43.797386
2015-11-24,43.804619
2015-11-25,43.905899
2015-11-27,43.913143
2015-11-30,43.876961
2015-12-01,44.33997
2015-12-02,43.869724
2015-12-03,43.659931
2015-12-04,44.01442
2015-12-07,43.732273
2015-12-08,43.088409
2015-12-09,42.893082
2015-12-10,42.900311
2015-12-11,42.082817
2015-12-14,42.147942
2015-12-15,42.357735
2015-12-16,43.211395
2015-12-17,42.661579
2015-12-18,42.213039
2015-12-21,42.40863
2015-12-22,42.729729
2015-12-23,43.444942
2015-12-24,43.37196
2015-12-28,43.269787
2015-12-29,43.700371
2015-12-30,43.437653
2015-12-31,42.853802
2016-01-04,42.196991
2016-01-05,42.13131
2016-01-06,41.437992
2016-01-07,40.576832
2016-01-08,40.087868
2016-01-11,40.255722
2016-01-12,40.445473
2016-01-13,39.817844
2016-01-14,40.328709
2016-01-15,38.869102
2016-01-19,39.226711
2016-01-20,38.336349
2016-01-21,38.620968
2016-01-22,39.75946
2016-01-25,39.226711
2016-01-26,39.927303
2016-01-27,39.671879
2016-01-28,39.788643
2016-01-29,40.489262
2016-02-01,40.445473
2016-02-02,39.504028
2016-02-03,39.832447
2016-02-04,39.883522
2016-02-05,39.270493
2016-02-08,38.540691
2016-02-09,38.09552
2016-02-10,38.051735
2016-02-11,37.497078
2016-02-12,38.153893
2016-02-16,38.927483
2016-02-17,39.598907
2016-02-18,39.394566
2016-02-19,39.350761
2016-02-22,39.795937
2016-02-23,39.146427
2016-02-24,39.007771
2016-02-25,39.474834
2016-02-26,39.372673
2016-02-29,39.13913
2016-03-01,40.160847
2016-03-02,40.438171
2016-03-03,40.83226
2016-03-04,41.131481
2016-03-07,41.080395
2016-03-08,40.678997
2016-03-09,40.83226
2016-03-10,40.766582
2016-03-11,41.832092
2016-03-14,41.744514
2016-03-15,41.350418
2016-03-16,41.715317
2016-03-17,42.036438
2016-03-18,41.963451
2016-03-21,41.897766
2016-03-22,41.824783
2016-03-23,41.401497
2016-03-24,41.124184
2016-03-28,41.372322
2016-03-29,41.817482
2016-03-30,42.13131
2016-03-31,41.715317
2016-04-01,41.270145
2016-04-04,41.182556
2016-04-05,40.372486
2016-04-06,41.029308
2016-04-07,40.430874
2016-04-08,41.20446
2016-04-11,41.226353
2016-04-12,41.839386
2016-04-13,42.50351
2016-04-14,42.642166
2016-04-15,42.547279
2016-04-18,42.912189
2016-04-19,43.656582
2016-04-20,43.693073
2016-04-21,43.430355
2016-04-22,43.45224
2016-04-25,43.233303
2016-04-26,43.386562
2016-04-27,43.415752
2016-04-28,42.824612
2016-04-29,42.642166
2016-05-02,43.043549
2016-05-03,42.33564
2016-05-04,41.846684
2016-05-05,41.759109
2016-05-06,41.875874
2016-05-09,41.788296
2016-05-10,42.386734
2016-05-11,42.021843
2016-05-12,42.00724
2016-05-13,41.57666
2016-05-16,42.072918
2016-05-17,41.766399
2016-05-18,41.781002
2016-05-19,41.481789
2016-05-20,41.824783
2016-05-23,41.686131
2016-05-24,42.291862
2016-05-25,42.737038
2016-05-26,42.853802
2016-05-27,42.810017
2016-05-31,42.605679
2016-06-01,42.569187
2016-06-02,42.569187
2016-06-03,42.846508
2016-06-06,43.087337
2016-06-07,43.401154
2016-06-08,43.488728
2016-06-09,42.955978
2016-06-10,41.708023
2016-06-13,41.102291
2016-06-14,40.445473
2016-06-15,40.715496
2016-06-16,40.803066
2016-06-17,41.20446
2016-06-20,42.226173
2016-06-21,42.569187
2016-06-22,42.543118
2016-06-23,43.71991
2016-06-24,39.966095
2016-06-27,39.198952
2016-06-28,40.226788
2016-06-29,40.96413
2016-06-30,41.574875
2016-07-01,41.574875
2016-07-05,40.770489
2016-07-06,40.696003
2016-07-07,40.532146
2016-07-08,41.150337
2016-07-11,41.75362
2016-07-12,42.319672
2016-07-13,42.274975
2016-07-14,42.639946
2016-07-15,42.423943
2016-07-18,42.528225
2016-07-19,42.193054
2016-07-20,42.572906
2016-07-21,42.401604
2016-07-22,42.483528
2016-07-25,42.431393
2016-07-26,42.610142
2016-07-27,42.766548
2016-07-28,42.72187
2016-07-29,43.22834
2016-08-01,42.945309
2016-08-02,42.729317
2016-08-03,42.580349
2016-08-04,42.826138
2016-08-05,43.019787
2016-08-08,43.109165
2016-08-09,43.451775
2016-08-10,43.600727
2016-08-11,43.91354
2016-08-12,43.801826
2016-08-15,43.973137
2016-08-16,43.906105
2016-08-17,43.891201
2016-08-18,44.114651
2016-08-19,43.786934
2016-08-22,43.831623
2016-08-23,44.017818
2016-08-24,43.91354
2016-08-25,43.734798
2016-08-26,43.474117
2016-08-29,43.608173
2016-08-30,43.548603
2016-08-31,43.459225
2016-09-01,43.757145
2016-09-02,44.263603
2016-09-06,44.56152
2016-09-07,44.583874
2016-09-08,44.45726
2016-09-09,43.593285
2016-09-12,43.950787
2016-09-13,43.064476
2016-09-14,43.00489
2016-09-15,43.377293
2016-09-16,42.818687
2016-09-19,43.042141
2016-09-20,43.302811
2016-09-21,44.062511
2016-09-22,44.509403
2016-09-23,44.136982
2016-09-26,43.72736
2016-09-27,43.935894
2016-09-28,44.248711
2016-09-29,43.697556
2016-09-30,44.040161
2016-10-03,43.920994
2016-10-04,43.91354
2016-10-05,44.092304
2016-10-06,43.85397
2016-10-07,43.630527
2016-10-10,43.757145
2016-10-11,43.138954
2016-10-12,43.042141
2016-10-13,42.878273
2016-10-14,42.952755
2016-10-17,42.826138
2016-10-18,43.250668
2016-10-19,43.369854
2016-10-20,43.436871
2016-10-21,43.340057
2016-10-24,43.3326
2016-10-25,43.302811
2016-10-26,43.109165
2016-10-27,43.057037
2016-10-28,43.042141
2016-10-31,43.064476
2016-11-01,42.878273
2016-11-02,42.587803
2016-11-03,42.543118
2016-11-04,42.13348
2016-11-07,42.714413
2016-11-08,42.833588
2016-11-09,42.870827
2016-11-10,42.751667
2016-11-11,42.490982
2016-11-14,42.260098
2016-11-15,42.446285
2016-11-16,41.999409
2016-11-17,42.319672
2016-11-18,41.857895
2016-11-21,42.215397
2016-11-22,42.319672
2016-11-23,42.170708
2016-11-25,42.297329
2016-11-28,42.073891
2016-11-29,42.34201
2016-11-30,42.297329
2016-12-01,42.13348
2016-12-02,42.237743
2016-12-05,42.654831
2016-12-06,42.945309
2016-12-07,43.585838
2016-12-08,43.548603
2016-12-09,43.734798
2016-12-12,43.541153
2016-12-13,44.01038
2016-12-14,43.362396
2016-12-15,43.265572
2016-12-16,43.295372
2016-12-19,43.22834
2016-12-20,43.377293
2016-12-21,43.389336
2016-12-22,43.291512
2016-12-23,43.404388
2016-12-27,43.351704
2016-12-28,43.186165
2016-12-29,43.291512
2016-12-30,43.442009
2017-01-03,43.71291
2017-01-04,44.209564
2017-01-05,44.585808
2017-01-06,44.435314
2017-01-09,44.367577
2017-01-10,44.375111
2017-01-11,44.608383
2017-01-12,44.676113
2017-01-13,44.841667
2017-01-17,44.676113
2017-01-18,44.548191
2017-01-19,44.435314
2017-01-20,44.691166
2017-01-23,44.804039
2017-01-24,44.91692
2017-01-25,45.383472
2017-01-26,45.202869
2017-01-27,45.127609
2017-01-30,44.804039
2017-01-31,44.871765
2017-02-01,45.052364
2017-02-02,45.074944
2017-02-03,45.255539
2017-02-06,44.931961
2017-02-07,44.886822
2017-02-08,44.96207
2017-02-09,45.150188
2017-02-10,45.255539
2017-02-13,45.436138
2017-02-14,45.368416
2017-02-15,45.541496
2017-02-16,45.646847
2017-02-17,45.526447
2017-02-21,45.676949
2017-02-22,45.676949
2017-02-23,45.774773
2017-02-24,45.443661
2017-02-27,45.47377
2017-02-28,45.406033
2017-03-01,45.880123
2017-03-02,45.579113
2017-03-03,45.850014
2017-03-06,45.707035
2017-03-07,45.549019
2017-03-08,45.383472
2017-03-09,45.556545
2017-03-10,45.940327
2017-03-13,46.181118
2017-03-14,45.827457
2017-03-15,46.482132
2017-03-16,46.707878
2017-03-17,46.828274
2017-03-20,46.730446
2017-03-21,46.519753
2017-03-22,46.527275
2017-03-23,46.632622
2017-03-24,46.760548
2017-03-27,46.880951
2017-03-28,47.106693
2017-03-29,47.106693
2017-03-30,46.941158
2017-03-31,46.873425
2017-04-03,46.805691
2017-04-04,46.790642
2017-04-05,46.542316
2017-04-06,46.54985
2017-04-07,46.519753
2017-04-10,46.467072
2017-04-11,46.685287
2017-04-12,46.647667
2017-04-13,46.346672
2017-04-17,46.632622
2017-04-18,46.421925
2017-04-19,46.233795
2017-04-20,46.60252
2017-04-21,46.632622
2017-04-24,47.814053
2017-04-25,48.152683
2017-04-26,48.017227
2017-04-27,48.062382
2017-04-28,48.009701
2017-05-01,48.205349
2017-05-02,48.453686
2017-05-03,48.35585
2017-05-04,48.81488
2017-05-05,49.356678
2017-05-08,48.987961
2017-05-09,48.867561
2017-05-10,48.94281
2017-05-11,48.822414
2017-05-12,49.093307
2017-05-15,49.341629
2017-05-16,49.657684
2017-05-17,49.093307
2017-05-18,49.176083
2017-05-19,49.747993
2017-05-22,49.808182
2017-05-23,49.815712
2017-05-24,49.845814
2017-05-25,49.845814
2017-05-26,49.702843
2017-05-30,49.650162
2017-05-31,49.710358
2017-06-01,50.033939
2017-06-02,50.58326
2017-06-05,50.304836
2017-06-06,50.161873
2017-06-07,50.17691
2017-06-08,50.086601
2017-06-09,49.898483
2017-06-12,49.710358
2017-06-13,50.094128
2017-06-14,50.056511
2017-06-15,49.537285
2017-06-16,49.958687
2017-06-19,50.161873
2017-06-20,49.75811
2017-06-21,49.696934
2017-06-22,49.689293
2017-06-23,49.811634
2017-06-26,49.895752
2017-06-27,49.8881
2017-06-28,50.323971
2017-06-29,49.826935
2017-06-30,49.857521
2017-07-03,49.796341
2017-07-05,49.796341
2017-07-06,49.574589
2017-07-07,49.582226
2017-07-10,49.704575
2017-07-11,49.819286
2017-07-12,50.216923
2017-07-13,50.362209
2017-07-14,50.713963
2017-07-17,50.614563
2017-07-18,50.660439
2017-07-19,50.882191
2017-07-20,51.088669
2017-07-21,50.889851
2017-07-24,50.752209
2017-07-25,50.821022
2017-07-26,51.134548
2017-07-27,51.01984
2017-07-28,51.073364
2017-07-31,51.180431
2017-08-01,51.463364
2017-08-02,51.486305
2017-08-03,51.516891
2017-08-04,51.585705
2017-08-07,51.608646
2017-08-08,51.333359
2017-08-09,51.249249
2017-08-10,50.522793
2017-08-11,50.43103
2017-08-14,50.798077
2017-08-15,50.759842
2017-08-16,51.050423
2017-08-17,50.476917
2017-08-18,50.614563
2017-08-21,50.599262
2017-08-22,50.843964
2017-08-23,50.851608
2017-08-24,50.736904
2017-08-25,51.042778
2017-08-28,51.042778
2017-08-29,50.836315
2017-08-30,50.767494
2017-08-31,51.157486
2017-09-01,51.226299
2017-09-05,50.882191
2017-09-06,51.195717
2017-09-07,51.616299
2017-09-08,51.623932
2017-09-11,52.029224
2017-09-12,52.189812
2017-09-13,51.906868
2017-09-14,51.99865
2017-09-15,52.044521
2017-09-18,52.113342
2017-09-19,52.358044
2017-09-20,52.243328
2017-09-21,52.136288
2017-09-22,52.296867
2017-09-25,51.99865
2017-09-26,51.883942
2017-09-27,51.922173
2017-09-28,52.059814
2017-09-29,52.365692
2017-10-02,52.319809
2017-10-03,52.495693
2017-10-04,52.396271
2017-10-05,52.365692
2017-10-06,52.327461
2017-10-09,52.342747
2017-10-10,52.839798
2017-10-11,52.969791
2017-10-12,52.923912
2017-10-13,53.199196
2017-10-16,53.160969
2017-10-17,53.023315
2017-10-18,53.176258
2017-10-19,53.092144
2017-10-20,53.023315
2017-10-23,52.908611
2017-10-24,52.992741
2017-10-25,52.786259
2017-10-26,52.77861
2017-10-27,52.900967
2017-10-30,53.023315
2017-10-31,53.245075
2017-11-01,53.298595
2017-11-02,53.45919
2017-11-03,53.375072
2017-11-06,53.451546
2017-11-07,53.252716
2017-11-08,53.428604
2017-11-09,53.122738
2017-11-10,52.977444
2017-11-13,52.755672
2017-11-14,52.717434
2017-11-15,52.465092
2017-11-16,52.885677
2017-11-17,52.694508
2017-11-20,52.8092
2017-11-21,53.206841
2017-11-22,53.352131
2017-11-24,53.788002
2017-11-27,53.466835
2017-11-28,53.772709
2017-11-29,53.558613
2017-11-30,53.612133
2017-12-01,53.398018
2017-12-04,53.206841
2017-12-05,53.092144
2017-12-06,52.985088
2017-12-07,53.122738
2017-12-08,53.405643
2017-12-11,53.543304
2017-12-12,53.612133
2017-12-13,53.818596
2017-12-14,53.520363
2017-12-15,53.505081
2017-12-18,54.139759
2017-12-19,53.941147
2017-12-20,53.8484
2017-12-21,54.041607
2017-12-22,54.180725
2017-12-26,54.165249
2017-12-27,54.265724
2017-12-28,54.296635
2017-12-29,54.33527
2018-01-02,54.737137
2018-01-03,54.999886
2018-01-04,55.60265
2018-01-05,55.911789
2018-01-08,55.896332
2018-01-09,55.958157
2018-01-10,55.84996
2018-01-11,56.236355
2018-01-12,56.800495
2018-01-16,56.746399
2018-01-17,57.040058
2018-01-18,56.970516
2018-01-19,57.287354
2018-01-22,57.581024
2018-01-23,57.766487
2018-01-24,57.866951
2018-01-25,57.642841
2018-01-26,58.152893
2018-01-29,57.619667
2018-01-30,57.140533
2018-01-31,57.06324
2018-02-01,57.225533
2018-02-02,56.066341
2018-02-05,53.717037
2018-02-06,54.775768
2018-02-07,54.196175
2018-02-08,52.781952
2018-02-09,53.006065
2018-02-12,53.817493
2018-02-13,53.655224
2018-02-14,54.605774
2018-02-15,54.945778
2018-02-16,55.193085
2018-02-20,54.675308
2018-02-21,54.412567
2018-02-22,54.69849
2018-02-23,55.131252
2018-02-26,55.649033
2018-02-27,54.82214
2018-02-28,54.304367
2018-03-01,53.39246
2018-03-02,53.647488
2018-03-05,53.933422
2018-03-06,54.250267
2018-03-07,54.23481
2018-03-08,54.350735
2018-03-09,54.69849
2018-03-12,54.760319
2018-03-13,54.397106
2018-03-14,54.528477
2018-03-15,54.497555
2018-03-16,54.45892
2018-03-19,54.018433
2018-03-20,54.010712
2018-03-21,54.095718
2018-03-22,53.091072
2018-03-23,52.503757
2018-03-26,53.446568
2018-03-27,53.052437
2018-03-28,53.361557
2018-03-29,53.8484
2018-04-02,53.106529
2018-04-03,53.446568
2018-04-04,53.63203
2018-04-05,53.987514
2018-04-06,53.63203
2018-04-09,54.072533
2018-04-10,54.65213
2018-04-11,54.443466
2018-04-12,54.65213
2018-04-13,54.706223
2018-04-16,54.791229
2018-04-17,55.038513
2018-04-18,55.324455
2018-04-19,55.115814
2018-04-20,54.907143
2018-04-23,54.837582
2018-04-24,54.613491
2018-04-25,54.520741
2018-04-26,54.791229
2018-04-27,54.845322
2018-04-30,54.667583
2018-05-01,54.47438
2018-05-02,54.451191
2018-05-03,54.621208
2018-05-04,54.814415
2018-05-07,54.82214
2018-05-08,54.829868
2018-05-09,54.96125
2018-05-10,55.316723
2018-05-11,55.463558
2018-05-14,55.564026
2018-05-15,55.162155
2018-05-16,55.239452
2018-05-17,55.324455
2018-05-18,55.12352
2018-05-21,55.471283
2018-05-22,55.401745
2018-05-23,54.791229
2018-05-24,54.621208
2018-05-25,54.265724
2018-05-29,53.160629
2018-05-30,53.97205
2018-05-31,53.63203
2018-06-01,54.095718
2018-06-04,54.257992
2018-06-05,54.172989
2018-06-06,54.659863
2018-06-07,54.350735
2018-06-08,54.412567
2018-06-11,54.760319
2018-06-12,54.412567
2018-06-13,54.489838
2018-06-14,54.373913
2018-06-15,54.095718
2018-06-18,53.709312
2018-06-19,53.215935
2018-06-20,53.255337
2018-06-21,52.877029
2018-06-22,53.436607
2018-06-25,52.695759
2018-06-26,52.790333
2018-06-27,52.293789
2018-06-28,52.490833
2018-06-29,52.782448
2018-07-02,52.301682
2018-07-03,52.459297
2018-07-05,52.979488
2018-07-06,53.263218
2018-07-09,53.775513
2018-07-10,53.751869
2018-07-11,52.853378
2018-07-12,53.263218
2018-07-13,53.42873
2018-07-16,53.405083
2018-07-17,53.49966
2018-07-18,53.507549
2018-07-19,53.397217
2018-07-20,53.649414
2018-07-23,53.649414
2018-07-24,53.964676
2018-07-25,54.366631
2018-07-26,54.122307
2018-07-27,54.224762
2018-07-30,54.216881
2018-07-31,54.287811
2018-08-01,54.011967
2018-08-02,53.657299
2018-08-03,53.688824
2018-08-06,53.460262
2018-08-07,53.877975
2018-08-08,53.830681
2018-08-09,53.673046
2018-08-10,52.601173
2018-08-13,52.412018
2018-08-14,52.404133
2018-08-15,51.647511
2018-08-16,52.010056
2018-08-17,52.317432
2018-08-20,52.601173
2018-08-21,52.924316
2018-08-22,53.129234
2018-08-23,52.750931
2018-08-24,53.058296
2018-08-27,53.767632
2018-08-28,53.720348
2018-08-29,54.011967
2018-08-30,53.49966
2018-08-31,53.074062
2018-09-04,52.624805
2018-09-05,52.144043
2018-09-06,51.986412
2018-09-07,51.568691
2018-09-10,51.883957
2018-09-11,51.931252
2018-09-12,52.15192
2018-09-13,52.538124
2018-09-14,52.616928
2018-09-17,52.664223
2018-09-18,53.215935
2018-09-19,53.405083
2018-09-20,54.067135
2018-09-21,54.090771
2018-09-24,53.846443
2018-09-25,54.114418
2018-09-26,54.138069
2018-09-27,54.027725
2018-09-28,53.586353
2018-10-01,53.649414
2018-10-02,53.373562
2018-10-03,53.27898
2018-10-04,52.656349
2018-10-05,52.341084
2018-10-08,52.088871
2018-10-09,51.954891
2018-10-10,50.851467
2018-10-11,50.142147
2018-10-12,50.32341
2018-10-15,50.205196
2018-10-16,51.064278
2018-10-17,50.772663
2018-10-18,49.952991
2018-10-19,50.236725
2018-10-22,50.016033
2018-10-23,49.543148
2018-10-24,48.14024
2018-10-25,48.747116
2018-10-26,48.416088
2018-10-29,48.282104
2018-10-30,48.865341
2018-10-31,49.227882
2018-11-01,49.858406
2018-11-02,49.929344
2018-11-05,49.929344
2018-11-06,50.134258
2018-11-07,50.804192
2018-11-08,50.307655
2018-11-09,49.976631
2018-11-12,49.156948
2018-11-13,49.369755
2018-11-14,49.409164
2018-11-15,49.566788
2018-11-16,49.621967
2018-11-19,49.188484
2018-11-20,48.33728
2018-11-21,49.015091
2018-11-23,48.691948
2018-11-26,49.424923
2018-11-27,49.235775
2018-11-28,49.937225
2018-11-29,49.685013
2018-11-30,49.472218
2018-12-03,50.126381
2018-12-04,48.825932
2018-12-06,48.368801
2018-12-07,47.88015
2018-12-10,47.509716
2018-12-11,47.65947
2018-12-12,48.36092
2018-12-13,48.27422
2018-12-14,47.651585
2018-12-17,47.273266
2018-12-18,47.311508
2018-12-19,46.857433
2018-12-20,46.666252
2018-12-21,45.853699
2018-12-24,45.31995
2018-12-26,46.37149
2018-12-27,46.506924
2018-12-28,46.753872
2018-12-31,46.825573
2019-01-02,46.729977
2019-01-03,46.307766
2019-01-04,47.725754
2019-01-07,47.908989
2019-01-08,48.219666
2019-01-09,48.761364
2019-01-10,48.952557
2019-01-11,48.617973
2019-01-14,48.394917
2019-01-15,48.649837
2019-01-16,48.785271
2019-01-17,48.960526
2019-01-18,49.454433
2019-01-22,48.689674
2019-01-23,48.912727
2019-01-24,48.968494
2019-01-25,49.526123
2019-01-28,49.255276
2019-01-29,49.366798
2019-01-30,49.908508
2019-01-31,49.932411
2019-02-01,49.916473
2019-02-04,50.099693
2019-02-05,50.490044
2019-02-06,50.23513
2019-02-07,49.565956
2019-02-08,49.406631
2019-02-11,49.358837
2019-02-12,49.932411
2019-02-13,49.940372
2019-02-14,49.956306
2019-02-15,50.681236
2019-02-19,50.872417
2019-02-20,51.015816
2019-02-21,50.912251
2019-02-22,51.079552
2019-02-25,51.2309
2019-02-26,51.477856
2019-02-27,51.270737
2019-02-28,51.199032
2019-03-01,51.477856
2019-03-04,51.286667
2019-03-05,51.334476
2019-03-06,51.207001
2019-03-07,50.553776
2019-03-08,50.561733
2019-03-11,50.999886
2019-03-12,50.968014
2019-03-13,51.406162
2019-03-14,51.398186
2019-03-15,51.955833
2019-03-18,52.13905
2019-03-19,52.242619
2019-03-20,52.266521
2019-03-21,52.234646
2019-03-22,51.2309
2019-03-25,51.302597
2019-03-26,51.557518
2019-03-27,51.581413
2019-03-28,51.453953
2019-03-29,51.669048
2019-04-01,52.330246
2019-04-02,52.346172
2019-04-03,52.752457
2019-04-04,52.640938
2019-04-05,52.776356
2019-04-08,52.808216
2019-04-09,52.473633
2019-04-10,52.672798
2019-04-11,52.561279
2019-04-12,52.927708
2019-04-15,52.951618
2019-04-16,52.991436
2019-04-17,53.142799
2019-04-18,53.110939
2019-04-22,53.023304
2019-04-23,53.126869
2019-04-24,52.760418
2019-04-25,52.720592
2019-04-26,52.935673
2019-04-29,53.150764
2019-04-30,53.182632
2019-05-01,52.879913
2019-05-02,52.800255
2019-05-03,53.36586
2019-05-06,52.760418
2019-05-07,51.836338
2019-05-08,51.900066
2019-05-09,51.661076
2019-05-10,52.043461
2019-05-13,50.832581
2019-05-14,51.342434
2019-05-15,51.525646
2019-05-16,51.939899
2019-05-17,51.597351
2019-05-20,51.390228
2019-05-21,51.732777
2019-05-22,51.525646
2019-05-23,51.055637
2019-05-24,51.605316
2019-05-28,51.103443
2019-05-29,50.776833
2019-05-30,50.968014
2019-05-31,50.505978
2019-06-03,50.800732
2019-06-04,51.382256
2019-06-05,51.366337
2019-06-06,51.573456
2019-06-07,52.226681
2019-06-10,52.370075
2019-06-11,52.632957
2019-06-12,52.242619
2019-06-13,52.290417
2019-06-14,51.908039
2019-06-17,51.945465
2019-06-18,52.637203
2019-06-19,52.962734
2019-06-20,53.426601
2019-06-21,53.198738
2019-06-24,53.312672
2019-06-25,52.995281
2019-06-26,53.06039
2019-06-27,53.190601
2019-06-28,53.491711
2019-07-01,53.743984
2019-07-02,53.898613
2019-07-03,54.264824
2019-07-05,53.849781
2019-07-08,53.540527
2019-07-09,53.312672
2019-07-10,53.499847
2019-07-11,53.483566
2019-07-12,53.548672
2019-07-15,53.597507
2019-07-16,53.377769
2019-07-17,53.304531
2019-07-18,53.4673
2019-07-19,53.312672
2019-07-22,53.369637
2019-07-23,53.7033
2019-07-24,53.743984
2019-07-25,53.198738
2019-07-26,53.304531
2019-07-29,53.418468
2019-07-30,52.799969
2019-07-31,52.450031
2019-08-01,52.303543
2019-08-02,51.839676
2019-08-05,50.545723
2019-08-06,50.887512
2019-08-07,51.082832
2019-08-08,51.579258
2019-08-09,51.221176
2019-08-12,50.814278
2019-08-13,51.294422
2019-08-14,49.886532
2019-08-15,50.057426
2019-08-16,50.659653
2019-08-19,50.968895
2019-08-20,50.797993
2019-08-21,51.156075
2019-08-22,51.058414
2019-08-23,50.423645
2019-08-26,50.838696
2019-08-27,50.797993
2019-08-28,50.797993
2019-08-29,51.237453
2019-08-30,51.440907
2019-09-03,51.34325
2019-09-04,52.067543
2019-09-05,52.344227
2019-09-06,52.515133
2019-09-09,52.669758
2019-09-10,52.759281
2019-09-11,53.052246
2019-09-12,53.361492
2019-09-13,53.662609
2019-09-16,53.182457
2019-09-17,53.361492
2019-09-18,53.296394
2019-09-19,53.47543
2019-09-20,53.353355
2019-09-23,53.215012
2019-09-24,53.011559
2019-09-25,52.856937
2019-09-26,53.052246
2019-09-27,52.873211
2019-09-30,53.068527
2019-10-01,52.547684
2019-10-02,51.473461
2019-10-03,51.815258
2019-10-04,52.222164
2019-10-07,52.157055
2019-10-08,51.668777
2019-10-09,52.043121
2019-10-10,52.40934
2019-10-11,53.34523
2019-10-14,53.125488
2019-10-15,53.743984
2019-10-16,53.825371
2019-10-17,53.955582
2019-10-18,53.931168
2019-10-21,54.224125
2019-10-22,54.093929
2019-10-23,54.386906
2019-10-24,54.484547
2019-10-25,54.541523
2019-10-28,54.78566
2019-10-29,54.769394
2019-10-30,54.997253
2019-10-31,54.867031
2019-11-01,55.355328
2019-11-04,55.640179
2019-11-05,55.534359
2019-11-06,55.509956
2019-11-07,55.680855
2019-11-08,55.6483
2019-11-11,55.575054
2019-11-12,55.599472
2019-11-13,55.404167
2019-11-14,55.249538
2019-11-15,55.599472
2019-11-18,55.664581
2019-11-19,55.591339
2019-11-20,55.241398
2019-11-21,55.168156
2019-11-22,55.322784
2019-11-25,55.762234
2019-11-26,55.729687
2019-11-27,55.876171
2019-11-29,55.485542
2019-12-02,55.200718
2019-12-03,54.997253
2019-12-04,55.501812
2019-12-05,55.396015
2019-12-06,55.900585
2019-12-09,55.607605
2019-12-10,55.63203
2019-12-11,55.924999
2019-12-12,56.299358
2019-12-13,56.689991
2019-12-16,57.295685
2019-12-17,56.966499
2019-12-18,56.892441
2019-12-19,56.892441
2019-12-20,56.933586
2019-12-23,57.024113
2019-12-24,56.966499
2019-12-26,57.21339
2019-12-27,57.312145
2019-12-30,56.884205
2019-12-31,57.14756
2020-01-02,57.72364
2020-01-03,57.007652
2020-01-06,57.229851
2020-01-07,57.073486
2020-01-08,57.238083
2020-01-09,57.369759
2020-01-10,57.155781
2020-01-13,57.452049
2020-01-14,57.50967
2020-01-15,57.50967
2020-01-16,57.748329
2020-01-17,57.92115
2020-01-21,57.460285
2020-01-22,57.575497
2020-01-23,57.435596
2020-01-24,57.188702
2020-01-27,56.003613
2020-01-28,56.530319
2020-01-29,56.538555
2020-01-30,56.48917
2020-01-31,55.534512
2020-02-03,55.666187
2020-02-04,56.596146
2020-02-05,57.139328
2020-02-06,57.295685
2020-02-07,56.752518
2020-02-10,56.867744
2020-02-11,57.254536
2020-02-12,57.452049
2020-02-13,57.048801
2020-02-14,56.950035
2020-02-18,56.587933
2020-02-19,56.77721
2020-02-20,56.439789
2020-02-21,56.176434
2020-02-24,53.929707
2020-02-25,53.040897
2020-02-26,53.106739
2020-02-27,51.534851
2020-02-28,51.222122
2020-03-02,51.880493
2020-03-03,51.460777
2020-03-04,52.999752
2020-03-05,51.592457
2020-03-06,50.818859
2020-03-09,46.876785
2020-03-10,48.605045
2020-03-11,46.127888
2020-03-12,41.05835
2020-03-13,43.543739
2020-03-16,39.050282
2020-03-17,40.951359
2020-03-18,38.605869
2020-03-19,39.206642
2020-03-20,38.721088
2020-03-23,38.268452
2020-03-24,41.510983
2020-03-25,42.860664
2020-03-26,44.778202
2020-03-27,43.502586
2020-03-30,44.383175
2020-03-31,43.996372
2020-04-01,42.04591
2020-04-02,42.868889
2020-04-03,41.889553
2020-04-06,44.111584
2020-04-07,44.358486
2020-04-08,44.720589
2020-04-09,45.732861
2020-04-13,45.296673
2020-04-14,46.103195
2020-04-15,44.662987
2020-04-16,44.687675
2020-04-17,45.872761
2020-04-20,45.189686
2020-04-21,44.309105
2020-04-22,45.058014
2020-04-23,44.918106
2020-04-24,45.436584
2020-04-27,46.037357
2020-04-28,46.383015
2020-04-29,47.543407
2020-04-30,46.555836
2020-05-01,45.543571
2020-05-04,45.527115
2020-05-05,45.609413
2020-05-06,45.313141
2020-05-07,45.996204
2020-05-08,46.778042
2020-05-11,46.736889
2020-05-12,46.144348
2020-05-13,45.79047
2020-05-14,45.35429
2020-05-15,45.395435
2020-05-18,47.230675
2020-05-19,46.580528
2020-05-20,47.551632
2020-05-21,47.000244
2020-05-22,46.868568
2020-05-26,48.21003
2020-05-27,48.794331
2020-05-28,49.255199
2020-05-29,49.082371
2020-06-01,50.176937
2020-06-02,50.646034
2020-06-03,51.855808
2020-06-04,51.633602
2020-06-05,52.522423
2020-06-08,53.205486
2020-06-09,52.514187
2020-06-10,52.398975
2020-06-11,49.592613
2020-06-12,50.448517
2020-06-15,50.65551
2020-06-16,51.281509
2020-06-17,51.47348
2020-06-18,51.198048
2020-06-19,50.947647
2020-06-22,51.55695
2020-06-23,51.840733
2020-06-24,50.513626
2020-06-25,51.23143
2020-06-26,50.488583
2020-06-29,50.897564
2020-06-30,50.805752
2020-07-01,50.997719
2020-07-02,51.55695
2020-07-06,52.399952
2020-07-07,51.632069
2020-07-08,52.066093
2020-07-09,51.47348
2020-07-10,52.024357
2020-07-13,51.690487
2020-07-14,52.450027
2020-07-15,53.042637
2020-07-16,52.700428
2020-07-17,53.009254
2020-07-20,53.268002
2020-07-21,53.376507
2020-07-22,53.518398
2020-07-23,53.092716
2020-07-24,52.800587
2020-07-27,53.493351
2020-07-28,53.151154
2020-07-29,53.710365
2020-07-30,52.917446
2020-07-31,51.790653
2020-08-03,52.800587
2020-08-04,53.092716
2020-08-05,53.268002
2020-08-06,53.326427
2020-08-07,53.109413
2020-08-10,53.284691
2020-08-11,53.476662
2020-08-12,54.661877
2020-08-13,54.419834
2020-08-14,54.085968
2020-08-17,54.494949
2020-08-18,54.461567
2020-08-19,54.219505
2020-08-20,54.044228
2020-08-21,53.768799
2020-08-24,54.478252
2020-08-25,54.511639
2020-08-26,54.828815
2020-08-27,54.269588
2020-08-28,54.653538
2020-08-31,54.23621
2020-09-01,54.294636
2020-09-02,55.020786
2020-09-03,53.777142
2020-09-04,53.852253
2020-09-08,53.192875
2020-09-09,54.186127
2020-09-10,53.551781
2020-09-11,54.085968
2020-09-14,54.378094
2020-09-15,54.728649
2020-09-16,54.728649
2020-09-17,54.803772
2020-09-18,54.361397
2020-09-21,52.984215
2020-09-22,52.967525
2020-09-23,52.52515
2020-09-24,52.475071
2020-09-25,52.650349
2020-09-28,53.443279
2020-09-29,53.384853
2020-09-30,53.12611
2020-10-01,53.434929
2020-10-02,53.326427
2020-10-05,54.13604
2020-10-06,53.560131
2020-10-07,54.019188
2020-10-08,54.394791
2020-10-09,54.820473
2020-10-12,55.137638
2020-10-13,54.519997
2020-10-14,54.428177
2020-10-15,53.785492
2020-10-16,54.035885
2020-10-19,53.835564
2020-10-20,54.102657
2020-10-21,53.84391
2020-10-22,53.885643
2020-10-23,54.23621
2020-10-26,53.259644
2020-10-27,52.842331
2020-10-28,51.264816
2020-10-29,51.506866
2020-10-30,51.239777
2020-11-02,51.907501
2020-11-03,53.268002
2020-11-04,53.852253
2020-11-05,55.145981
2020-11-06,55.262833
2020-11-09,56.873726
2020-11-10,57.38287
2020-11-11,57.866982
2020-11-12,57.023956
2020-11-13,57.900356
2020-11-16,58.501305
2020-11-17,58.442886
2020-11-18,58.13406
2020-11-19,58.543053
2020-11-20,58.71833
2020-11-23,58.6432
2020-11-24,59.519588
2020-11-25,59.444477
2020-11-27,59.85347
2020-11-30,58.551395
2020-12-01,59.928593
2020-12-02,59.936932
2020-12-03,60.037083
2020-12-04,60.546238
2020-12-07,60.053772
2020-12-08,60.262447
2020-12-09,60.345921
2020-12-10,60.429379
2020-12-11,60.245754
2020-12-14,60.282833
2020-12-15,60.898052
2020-12-16,61.134029
2020-12-17,61.563843
2020-12-18,61.243591
2020-12-21,60.45982
2020-12-22,60.308113
2020-12-23,60.957054
2020-12-24,60.982342
2020-12-28,61.479561
2020-12-29,61.875652
2020-12-30,61.95993
2020-12-31,61.487984
2021-01-04,61.808235
2021-01-05,62.448734
2021-01-06,63.165081
2021-01-07,63.23251
2021-01-08,63.822437
2021-01-11,62.988113
2021-01-12,63.274639
2021-01-13,63.190365
2021-01-14,63.696014
2021-01-15,62.701557
2021-01-19,63.156666
2021-01-20,63.586464
2021-01-21,63.637039
2021-01-22,63.333622
2021-01-25,63.257786
2021-01-26,63.350491
2021-01-27,61.900936
2021-01-28,62.297039
2021-01-29,61.007618
2021-02-01,61.732384
2021-02-02,62.356041
2021-02-03,62.507725
2021-02-04,62.57515
2021-02-05,62.962818
2021-02-08,63.401062
2021-02-09,63.746586
2021-02-10,63.527466
2021-02-11,63.957283
2021-02-12,64.311241
2021-02-16,64.774757
2021-02-17,64.395508
2021-02-18,64.075272
2021-02-19,64.260674
2021-02-22,64.10054
2021-02-23,64.159538
2021-02-24,64.361809
2021-02-25,63.26622
2021-02-26,62.37289
2021-03-01,63.544319
2021-03-02,63.476913
2021-03-03,63.089245
2021-03-04,62.490875
2021-03-05,62.895393
2021-03-08,62.676281
2021-03-09,63.519043
2021-03-10,63.788738
2021-03-11,64.125839
2021-03-12,64.285957
2021-03-15,64.33651
2021-03-16,64.446091
2021-03-17,64.825325
2021-03-18,64.235397
2021-03-19,64.412369
2021-03-22,64.471367
2021-03-23,63.578041
2021-03-24,63.257786
2021-03-25,63.729736
2021-03-26,64.555649
2021-03-29,64.302811
2021-03-30,64.218536
2021-03-31,63.940418
2021-04-01,64.774757
2021-04-05,65.718658
2021-04-06,65.019165
2021-04-07,65.153992
2021-04-08,65.524811
2021-04-09,65.727074
2021-04-12,65.364685
2021-04-13,65.743942
2021-04-14,65.794495
2021-04-15,66.3423
2021-04-16,66.822685
2021-04-19,66.704697
2021-04-20,65.507973
2021-04-21,66.182167
2021-04-22,65.963051
2021-04-23,66.637283
2021-04-26,66.687828
2021-04-27,66.468719
2021-04-28,66.637283
2021-04-29,66.66256
2021-04-30,65.828224
2021-05-03,66.552994
2021-05-04,65.566971
2021-05-05,66.460289
2021-05-06,67.008072
2021-05-07,67.766571
2021-05-10,67.404182
2021-05-11,66.519279
2021-05-12,65.457405
2021-05-13,65.946205
2021-05-14,67.050217
2021-05-17,66.923805
2021-05-18,67.067078
2021-05-19,66.477142
2021-05-20,67.353615
2021-05-21,67.44632
2021-05-24,67.859268
2021-05-25,67.876114
2021-05-26,67.833992
2021-05-27,67.960396
2021-05-28,68.120529
2021-06-01,68.364937
2021-06-02,68.592484
2021-06-03,68.255371
2021-06-04,68.836884
2021-06-07,69.064415
2021-06-08,69.030724
2021-06-09,68.845299
2021-06-10,69.034958
2021-06-11,69.197273
2021-06-14,69.316887
2021-06-15,69.402298
2021-06-16,68.975159
2021-06-17,68.496758
2021-06-18,67.078629
2021-06-21,67.958557
2021-06-22,67.967094
2021-06-23,67.531418
2021-06-24,68.180672
2021-06-25,68.325897
2021-06-28,67.890213
2021-06-29,67.907295
2021-06-30,67.386185
2021-07-01,67.5485
2021-07-02,67.77916
2021-07-06,67.33493
2021-07-07,67.702278
2021-07-08,66.83091
2021-07-09,67.967094
2021-07-12,68.257553
2021-07-13,67.89875
2021-07-14,68.052528
2021-07-15,67.403275
2021-07-16,66.907784
2021-07-19,65.694702
2021-07-20,66.17308
2021-07-21,67.18116
2021-07-22,67.206787
2021-07-23,67.676651
2021-07-26,67.770622
2021-07-27,67.497246
2021-07-28,67.787674
2021-07-29,68.257553
2021-07-30,67.907295
2021-08-02,68.249008
2021-08-03,68.735954
2021-08-04,68.530922
2021-08-05,68.864105
2021-08-06,68.607826
2021-08-09,68.573639
2021-08-10,68.727417
2021-08-11,69.197273
2021-08-12,69.137474
2021-08-13,69.556068
2021-08-16,69.197273
2021-08-17,68.548035
2021-08-18,68.283188
2021-08-19,67.608299
2021-08-20,67.873123
2021-08-23,68.505302
2021-08-24,68.650528
2021-08-25,68.676155
2021-08-26,68.317352
2021-08-27,68.940987
2021-08-30,68.923904
2021-08-31,68.889725
2021-09-01,69.513359
2021-09-02,69.795265
2021-09-03,70.111366
2021-09-07,70.162621
2021-09-08,69.607323
2021-09-09,69.487732
2021-09-10,69.333961
2021-09-13,69.880707
2021-09-14,69.590248
2021-09-15,69.795265
2021-09-16,69.684196
2021-09-17,68.770134
2021-09-20,67.497246
2021-09-21,68.163582
2021-09-22,68.505302
2021-09-23,69.248528
2021-09-24,68.599274
2021-09-27,68.556564
2021-09-28,67.061562
2021-09-29,66.907784
2021-09-30,66.642952
2021-10-01,66.805283
2021-10-04,66.104752
2021-10-05,66.557526
2021-10-06,66.113289
2021-10-07,66.62587
2021-10-08,66.617332
2021-10-11,66.40377
2021-10-12,66.43792
2021-10-13,67.095734
2021-10-14,67.762062
2021-10-15,68.325897
2021-10-18,68.035439
2021-10-19,68.445511
2021-10-20,68.684692
2021-10-21,68.360069
2021-10-22,68.770134
2021-10-25,68.633453
2021-10-26,68.770134
2021-10-27,68.496758
2021-10-28,69.163109
2021-10-29,68.761589
2021-11-01,69.427933
2021-11-02,69.2827
2021-11-03,69.846527
2021-11-04,69.803818
2021-11-05,69.906334
2021-11-08,69.897797
2021-11-09,69.744019
2021-11-10,68.898277
2021-11-11,69.146027
2021-11-12,69.521889
2021-11-15,69.393761
2021-11-16,69.239983
2021-11-17,69.154556
2021-11-18,69.222908
2021-11-19,68.633453
2021-11-22,68.231934
2021-11-23,68.163582
2021-11-24,67.710808
2021-11-26,65.891174
2021-11-29,66.224358
2021-11-30,65.643433
2021-12-01,65.267548
2021-12-02,66.079132
2021-12-03,65.80574
2021-12-06,66.43792
2021-12-07,67.838974
2021-12-08,67.967094
2021-12-09,67.403275
2021-12-10,67.5485
2021-12-13,66.915764
2021-12-14,66.55941
2021-12-15,67.463326
2021-12-16,67.472015
2021-12-17,66.620239
2021-12-20,66.472496
2021-12-21,67.211266
2021-12-22,67.837051
2021-12-23,68.23687
2021-12-27,68.767052
2021-12-28,68.793114
2021-12-29,68.767052
2021-12-30,68.586769
2021-12-31,68.525795
2022-01-03,68.969978
2022-01-04,69.361893
2022-01-05,68.752251
2022-01-06,68.403862
2022-01-07,68.604179
2022-01-10,67.968391
2022-01-11,68.708694
2022-01-12,69.379318
2022-01-13,68.874168
2022-01-14,68.804497
2022-01-18,67.794189
2022-01-19,67.733231
2022-01-20,67.402283
2022-01-21,66.487785
2022-01-24,65.825867
2022-01-25,65.42524
2022-01-26,65.172668
2022-01-27,64.867844
2022-01-28,65.085579
2022-01-31,66.034889
2022-02-01,66.661972
2022-02-02,67.158409
2022-02-03,66.095856
2022-02-04,66.252632
2022-02-07,66.365852
2022-02-08,66.705528
2022-02-09,67.7855
2022-02-10,66.923256
2022-02-11,65.912964
2022-02-14,65.486214
2022-02-15,66.688103
2022-02-16,66.940681
2022-02-17,65.860703
2022-02-18,65.582016
2022-02-22,64.815567
2022-02-23,64.284294
2022-02-24,63.42207
2022-02-25,65.007187
2022-02-28,63.770443
2022-03-01,62.376938
2022-03-02,63.160786
2022-03-03,61.915333
2022-03-04,60.121197
2022-03-07,58.213829
2022-03-08,58.718975
2022-03-09,61.175037
2022-03-10,60.443443
2022-03-11,59.790241
2022-03-14,60.338932
2022-03-15,60.913761
2022-03-16,63.099823
2022-03-17,63.631107
2022-03-18,64.249458
2022-03-21,63.848824
2022-03-22,64.449776
2022-03-23,63.61367
2022-03-24,64.20591
2022-03-25,64.240761
2022-03-28,64.031738
2022-03-29,65.45137
2022-03-30,65.181374
2022-03-31,64.101395
2022-04-01,64.702354
2022-04-04,64.963638
2022-04-05,64.083992
2022-04-06,63.317547
2022-04-07,63.456909
2022-04-08,63.483032
2022-04-11,62.812412
2022-04-12,62.342102
2022-04-13,63.012718
2022-04-14,62.725307
2022-04-18,62.359509
2022-04-19,62.65564
2022-04-20,63.073681
2022-04-21,62.394356
2022-04-22,61.375355
2022-04-25,61.079231
2022-04-26,59.372181
2022-04-27,59.642178
2022-04-28,60.486992
2022-04-29,59.781532
2022-05-02,59.633472
2022-05-03,60.077652
2022-05-04,61.131493
2022-05-05,59.163155
2022-05-06,58.588337
2022-05-09,56.820324
2022-05-10,57.247086
2022-05-11,56.907413
2022-05-12,56.768066
2022-05-13,58.344467
2022-05-16,58.396729
2022-05-17,59.485416
2022-05-18,58.065773
2022-05-19,58.623169
2022-05-20,59.0238
2022-05-23,60.025387
2022-05-24,59.929596
2022-05-25,59.947002
2022-05-26,60.608913
2022-05-27,61.340519
2022-05-31,60.974724
2022-06-01,60.330223
2022-06-02,61.584373
2022-06-03,60.704723
2022-06-06,60.948586
2022-06-07,61.131493
2022-06-08,60.277969
2022-06-09,59.012089
2022-06-10,57.587753
2022-06-13,55.682697
2022-06-14,55.157475
2022-06-15,56.190117
2022-06-16,54.952728
2022-06-17,54.730171
2022-06-21,55.558064
2022-06-22,55.184181
2022-06-23,55.121864
2022-06-24,56.768753
2022-06-27,56.5284
2022-06-28,56.145607
2022-06-29,55.931961
2022-06-30,55.629288
2022-07-01,55.762817
2022-07-05,54.569923
2022-07-06,54.614449
2022-07-07,55.442341
2022-07-08,55.504654
2022-07-11,54.605545
2022-07-12,54.596642
2022-07-13,54.569923
2022-07-14,53.804356
2022-07-15,54.658958
2022-07-18,54.881504
2022-07-19,56.377068
2022-07-20,56.003174
2022-07-21,56.581818
2022-07-22,56.439381
2022-07-25,56.875576
2022-07-26,56.083294
2022-07-27,57.409706
2022-07-28,57.703472
2022-07-29,58.504669
2022-08-01,58.584789
2022-08-02,57.650063
2022-08-03,57.988342
2022-08-04,58.282112
2022-08-05,57.872616
2022-08-08,58.006149
2022-08-09,57.694572
2022-08-10,58.994282
2022-08-11,58.976479
2022-08-12,59.430481
2022-08-15,59.074402
2022-08-16,59.056591
2022-08-17,58.584789
2022-08-18,58.388943
2022-08-19,57.587753
2022-08-22,56.608517
2022-08-23,56.635223
2022-08-24,56.70644
2022-08-25,57.329586
2022-08-26,55.82513
2022-08-29,55.700497
2022-08-30,55.299904
2022-08-31,54.926014
2022-09-01,54.187141
2022-09-02,53.831059
2022-09-06,53.697529
2022-09-07,54.169334
2022-09-08,54.204945
2022-09-09,55.584774
2022-09-12,56.359253
2022-09-13,54.400791
2022-09-14,54.578842
2022-09-15,54.098118
2022-09-16,53.768742
2022-09-19,53.955688
2022-09-20,53.038773
2022-09-21,52.34441
2022-09-22,52.193073
2022-09-23,50.528374
2022-09-26,49.780594
2022-09-27,49.442318
2022-09-28,50.635201
2022-09-29,50.038754
2022-09-30,49.860718
2022-10-03,50.848854
2022-10-04,52.887436
2022-10-05,52.326607
2022-10-06,51.409679
2022-10-07,50.590694
2022-10-10,50.30582
2022-10-11,49.753895
2022-10-12,49.593655
2022-10-13,50.617397
2022-10-14,49.860718
2022-10-17,51.089211
2022-10-18,51.454197
2022-10-19,50.822144
2022-10-20,50.706417
2022-10-21,51.623337
2022-10-24,51.632236
2022-10-25,52.771702
2022-10-26,53.270222
2022-10-27,52.771702
2022-10-28,53.296936
2022-10-31,52.798416
2022-11-01,53.216812
2022-11-02,52.442326
2022-11-03,51.997223
2022-11-04,54.080315
2022-11-07,54.249454
2022-11-08,54.863705
2022-11-09,54.098118
2022-11-10,57.133743
2022-11-11,58.273212
2022-11-14,57.658966
2022-11-15,58.041752
2022-11-16,57.90823
2022-11-17,57.881512
2022-11-18,57.99725
2022-11-21,57.561047
2022-11-22,58.362225
2022-11-23,59.003181
2022-11-25,59.305862
2022-11-28,58.540276
2022-11-29,58.709415
2022-11-30,59.750965
2022-12-01,60.329594
2022-12-02,60.285091
2022-12-05,59.492802
2022-12-06,59.225735
2022-12-07,59.225735
2022-12-08,59.528412
2022-12-09,59.564022
2022-12-12,59.742062
2022-12-13,60.589363
2022-12-14,60.53574
2022-12-15,58.989494
2022-12-16,58.4711
2022-12-19,58.328102
2022-12-20,58.560482
2022-12-21,59.168247
2022-12-22,58.685616
2022-12-23,58.891182
2022-12-27,58.98056
2022-12-28,58.354912
2022-12-29,59.275513
2022-12-30,58.667736
2023-01-03,59.186127
2023-01-04,59.972649
2023-01-05,59.373821
2023-01-06,60.893242
2023-01-09,61.152443
2023-01-10,61.331203
2023-01-11,61.795963
2023-01-12,62.707626
2023-01-13,63.038319
2023-01-17,63.234955
2023-01-18,63.011505
2023-01-19,62.913185
2023-01-20,63.467339
2023-01-23,63.726532
2023-01-24,63.646084
2023-01-25,64.066162
2023-01-26,64.119797
2023-01-27,63.994675
2023-01-30,63.583523
2023-01-31,63.949982
2023-02-01,64.521996
2023-02-02,64.432625
2023-02-03,63.83379
2023-02-06,63.181328
2023-02-07,63.717594
2023-02-08,63.324337
2023-02-09,63.440529
2023-02-10,63.163445
2023-02-13,63.798038
2023-02-14,63.914223
2023-02-15,63.628223
2023-02-16,63.315392
2023-02-17,63.476276
2023-02-21,62.779114
2023-02-22,62.430546
2023-02-23,62.752312
2023-02-24,61.706593
2023-02-27,62.439491
2023-02-28,61.98365
2023-03-01,62.314354
2023-03-02,62.439491
2023-03-03,63.351135
2023-03-06,63.190266
2023-03-07,62.135605
2023-03-08,62.475243
2023-03-09,62.019409
2023-03-10,61.358009
2023-03-13,60.937931
2023-03-14,61.75127
2023-03-15,59.838585
2023-03-16,60.768108
2023-03-17,60.044163
2023-03-20,60.982635
2023-03-21,61.903214
2023-03-22,61.688705
2023-03-23,61.697659
2023-03-24,61.50996
2023-03-27,62.090916
2023-03-28,62.117737
2023-03-29,62.868488
2023-03-30,63.601406
2023-03-31,63.923161
2023-04-03,64.432625
2023-04-04,64.441551
2023-04-05,63.994675
2023-04-06,64.298553
2023-04-10,64.25386
2023-04-11,64.468384
2023-04-12,64.879509
2023-04-13,65.710732
2023-04-14,65.442589
2023-04-17,65.326393
2023-04-18,65.683907
2023-04-19,65.478348
2023-04-20,65.478348
2023-04-21,65.809044
2023-04-24,65.978859
2023-04-25,65.058266
2023-04-26,65.01358
2023-04-27,65.82692
2023-04-28,65.800095
2023-05-01,65.701782
2023-05-02,65.040382
2023-05-03,65.210205
2023-05-04,65.076141
2023-05-05,66.032486
2023-05-08,66.050362
2023-05-09,65.782227
2023-05-10,65.648148
2023-05-11,65.487274
2023-05-12,65.371094
2023-05-15,65.871605
2023-05-16,65.245964
2023-05-17,65.549835
2023-05-18,65.451523
2023-05-19,65.835854
2023-05-22,65.853722
2023-05-23,64.888443
2023-05-24,63.941036
2023-05-25,63.851658
2023-05-26,64.47731
2023-05-30,63.82486
2023-05-31,63.163445
2023-06-01,64.101921
2023-06-02,64.933144
2023-06-05,64.557747
2023-06-06,65.094009
2023-06-07,64.521515
2023-06-08,65.204147
2023-06-09,65.094925
2023-06-12,65.377083
2023-06-13,65.995995
2023-06-14,66.24173
2023-06-15,66.942566
2023-06-16,66.796936
2023-06-20,65.914078
2023-06-21,66.014191
2023-06-22,65.604622
2023-06-23,64.585243
2023-06-26,64.66716
2023-06-27,65.231445
2023-06-28,65.276962
2023-06-29,65.185944
2023-06-30,65.986893
2023-07-03,65.914078
2023-07-05,65.176834
2023-07-06,64.048241
2023-07-07,64.530624
2023-07-10,64.712654
2023-07-11,65.295166
2023-07-12,66.542084
2023-07-13,67.606979
2023-07-14,67.224709
2023-07-17,67.142792
2023-07-18,67.579681
2023-07-19,67.543274
2023-07-20,67.197403
2023-07-21,67.333931
2023-07-24,67.170105
2023-07-25,67.242912
2023-07-26,67.424957
2023-07-27,67.270226
2023-07-28,67.752609
2023-07-31,67.770813
2023-08-01,66.924355
2023-08-02,65.677429
2023-08-03,65.495399
2023-08-04,65.677429
2023-08-07,66.232628
2023-08-08,65.832169
2023-08-09,65.813957
2023-08-10,66.0961
2023-08-11,65.650139
2023-08-14,65.358871
2023-08-15,64.548828
2023-08-16,64.02092
2023-08-17,63.565845
2023-08-18,63.565845
2023-08-21,63.802498
2023-08-22,63.68417
2023-08-23,64.375893
2023-08-24,63.493042
2023-08-25,63.920826
2023-08-28,64.594337
2023-08-29,65.395287
2023-08-30,65.358871
2023-08-31,65.104034
2023-09-01,65.067612
2023-09-05,64.503334
2023-09-06,64.366798
2023-09-07,64.157463
2023-09-08,64.066437
2023-09-11,64.730858
2023-09-12,64.466919
2023-09-13,64.266678
2023-09-14,65.113129
2023-09-15,64.967506
2023-09-18,64.739967
2023-09-19,64.794579
2023-09-20,64.639847
2023-09-21,63.565845
2023-09-22,63.620464
2023-09-25,63.33831
2023-09-26,62.519169
2023-09-27,62.400837
2023-09-28,62.910534
2023-09-29,62.728504
2023-10-02,61.809242
2023-10-03,61.035595
2023-10-04,61.144821
2023-10-05,61.681808
2023-10-06,62.364429
2023-10-09,62.273418
2023-10-10,63.128979
2023-10-11,63.392921
2023-10-12,62.865021
2023-10-13,62.282524
2023-10-16,62.737595
2023-10-17,62.774006
2023-10-18,61.681808
2023-10-19,61.135715
2023-10-20,60.589619
2023-10-23,60.635128
2023-10-24,60.980991
2023-10-25,60.544098
2023-10-26,60.107231
2023-10-27,59.925194
2023-10-30,60.689735
2023-10-31,60.908173
2023-11-01,61.481586
2023-11-02,62.737595
2023-11-03,63.402023
2023-11-06,63.083473
2023-11-07,62.701199
2023-11-08,62.619282
2023-11-09,62.610176
2023-11-10,62.892334
2023-11-13,63.056156
2023-11-14,64.66716
2023-11-15,64.567032
2023-11-16,64.521515
2023-11-17,65.395287
2023-11-20,65.641029
2023-11-21,65.386169
2023-11-22,65.540901
2023-11-24,66.041489
2023-11-27,65.813957
2023-11-28,65.832169
2023-11-29,65.968689
2023-11-30,65.914078
2023-12-01,66.605797
2023-12-04,66.087006
2023-12-05,65.850365
2023-12-06,66.050598
2023-12-07,66.369148
2023-12-08,66.569397
2023-12-11,66.733215
2023-12-12,66.851532
2023-12-13,67.825417
2023-12-14,68.326004
2023-12-15,67.661591
2023-12-18,67.825417
2023-12-19,68.398827
2023-12-20,67.708557
2023-12-21,68.805237
2023-12-22,68.869751
2023-12-26,69.18309
2023-12-27,69.551727
2023-12-28,69.367393
2023-12-29,69.441139
2024-01-02,68.667007
2024-01-03,68.150917
2024-01-04,68.307594
2024-01-05,68.353653
2024-01-08,69.081711
2024-01-09,68.464249
2024-01-10,68.906609
2024-01-11,68.897392
2024-01-12,69.18309
2024-01-16,68.021889
2024-01-17,67.376785
2024-01-18,67.975822
2024-01-19,68.132484
2024-01-22,68.344452
2024-01-23,68.150917
2024-01-24,68.667007
2024-01-25,68.860535
2024-01-26,69.164658
2024-01-29,69.570145
2024-01-30,69.477989
2024-01-31,69.127792
2024-02-01,69.809761
2024-02-02,69.256813
2024-02-05,68.888176
2024-02-06,69.312111
2024-02-07,69.275238
2024-02-08,69.155441
2024-02-09,69.39505
2024-02-12,69.514854
2024-02-13,68.445816
2024-02-14,69.210732
2024-02-15,69.99408
2024-02-16,70.104668
2024-02-20,70.39035
2024-02-21,70.445656
2024-02-22,71.23822
2024-02-23,71.330376
2024-02-26,71.228996
2024-02-27,71.422523
2024-02-28,71.007828
2024-02-29,71.192123
2024-03-01,71.883316
2024-03-04,71.699005
2024-03-05,71.569984
2024-03-06,72.417839
2024-03-07,73.27491
2024-03-08,73.035301
2024-03-11,72.620575
2024-03-12,73.201172
2024-03-13,73.210396
2024-03-14,72.67588
2024-03-15,72.703522
2024-03-18,72.685097
2024-03-19,72.814117
2024-03-20,73.588242
2024-03-21,73.551369
2024-03-22,73.394714
2024-03-25,73.238037
2024-03-26,73.320984
2024-03-27,73.763344
2024-03-28,73.597466
2024-04-01,73.284126
2024-04-02,72.768028
2024-04-03,73.173546
2024-04-04,72.546852
2024-04-05,72.77726
2024-04-08,73.136673
2024-04-09,73.127449
2024-04-10,72.159798
2024-04-11,72.353333
2024-04-12,71.182922
2024-04-15,70.970955
2024-04-16,70.270554
2024-04-17,70.316635
2024-04-18,70.1231
2024-04-19,70.150742
2024-04-22,70.970955
2024-04-23,71.745079
2024-04-24,71.606834
2024-04-25,71.275063
2024-04-26,71.846458
2024-04-29,72.122932
2024-04-30,71.210564
2024-05-01,71.053886
2024-05-02,72.012344
2024-05-03,72.731163
2024-05-06,73.228828
2024-05-07,73.422348
2024-05-08,73.339424
2024-05-09,73.901588
2024-05-10,74.039818
2024-05-13,74.039818
2024-05-14,74.592766
2024-05-15,75.385323
2024-05-16,74.979828
2024-05-17,75.237862
2024-05-20,75.293167
2024-05-21,75.173363
2024-05-22,74.463753
2024-05-23,74.085892
2024-05-24,74.694145
2024-05-28,74.666496
2024-05-29,73.48687
2024-05-30,74.104332
2024-05-31,74.81395
2024-06-03,75.025917
2024-06-04,74.933746
2024-06-05,75.459045
2024-06-06,75.717094
2024-06-07,74.896881
2024-06-10,74.841591
2024-06-11,73.991135
2024-06-12,74.863159
2024-06-13,73.794228
2024-06-14,72.978455
2024-06-17,73.269135
2024-06-18,73.559807
2024-06-20,73.606697
2024-06-21,73.090973
2024-06-24,73.672325
2024-06-25,73.850487
2024-06-26,73.306641
2024-06-27,73.3629
2024-06-28,73.447289
2024-07-01,73.57856
2024-07-02,73.756721
2024-07-03,74.600616
2024-07-05,75.097572
2024-07-08,74.722511
2024-07-09,74.42247
2024-07-10,75.472641
2024-07-11,75.688301
2024-07-12,76.494705
2024-07-15,75.819588
2024-07-16,76.185265
2024-07-17,75.782074
2024-07-18,75.031929
2024-07-19,74.572479
2024-07-22,75.360123
2024-07-23,74.938179
2024-07-24,73.991135
2024-07-25,73.522301
2024-07-26,74.459969
2024-07-29,74.131783
2024-07-30,74.30056
2024-07-31,75.350746
2024-08-01,73.353523
2024-08-02,72.200195
2024-08-05,70.624916
2024-08-06,70.746803
2024-08-07,71.084366
2024-08-08,72.275208
2024-08-09,72.556503
2024-08-12,72.490868
2024-08-13,73.737968
2024-08-14,74.009888
2024-08-15,74.910049
2024-08-16,75.322624
2024-08-19,76.241524
2024-08-20,76.007118
2024-08-21,76.710365
2024-08-22,76.260277
2024-08-23,77.657394
2024-08-26,77.310471
2024-08-27,77.666786
2024-08-28,77.394859
2024-08-29,77.685532
2024-08-30,77.807426
2024-09-03,76.579086
2024-09-04,76.241524
2024-09-05,76.260277
2024-09-06,74.825661
2024-09-09,75.575783
2024-09-10,75.200714
2024-09-11,75.650803
2024-09-12,76.269661
2024-09-13,76.447823
2024-09-16,77.066673
2024-09-17,76.635353
2024-09-18,76.391556
2024-09-19,77.901199
2024-09-20,77.132317
2024-09-23,77.422989
2024-09-24,77.882446
2024-09-25,77.460495
2024-09-26,79.167046
2024-09-27,78.688828
2024-09-30,78.416908
2024-10-01,77.835564
2024-10-02,77.676155
2024-10-03,76.954155
2024-10-04,77.404228
2024-10-07,76.9729
2024-10-08,76.851013
2024-10-09,76.869766
2024-10-10,76.775993
2024-10-11,77.169823
2024-10-14,77.394859
2024-10-15,76.110252
2024-10-16,76.307167
2024-10-17,76.316544
2024-10-18,76.83226
2024-10-21,75.922722
2024-10-22,75.491402
2024-10-23,74.731888
2024-10-24,75.153847
2024-10-25,74.900665
2024-10-28,75.500778
2024-10-29,75.228851
2024-10-30,74.741264
2024-10-31,74.281815
2024-11-01,74.431831
2024-11-04,74.488098
2024-11-05,75.228851
2024-11-06,74.141159
2024-11-07,75.266357
2024-11-08,74.225555
2024-11-11,74.244308
2024-11-12,72.865936
2024-11-13,72.434601
2024-11-14,72.584641
2024-11-15,72.322083
2024-11-18,72.715912
2024-11-19,72.622139
2024-11-20,72.42524
2024-11-21,72.443985
2024-11-22,72.725288
2024-11-25,73.100357
2024-11-26,72.678413
2024-11-27,73.07222
2024-11-29,74.047401
2024-12-02,74.253685
2024-12-03,74.675629
2024-12-04,74.731888
2024-12-05,75.097572
2024-12-06,75.088203
2024-12-09,75.041321
2024-12-10,74.366196
2024-12-11,74.835022
2024-12-12,74.178665
2024-12-13,73.972374
2024-12-16,73.728584
2024-12-17,73.611679
2024-12-18,71.805847
2024-12-19,71.577736
2024-12-20,71.378143
2024-12-23,71.843864
2024-12-24,72.100479
2024-12-26,72.442642
2024-12-27,72.338097
2024-12-30,71.862869
2024-12-31,71.862869
2025-01-02,71.615761
2025-01-03,71.929405
2025-01-06,72.613716
2025-01-07,72.556686
2025-01-08,72.442642
2025-01-10,71.340126
2025-01-13,71.140533
2025-01-14,71.397156
2025-01-15,72.309586
2025-01-16,72.680252
2025-01-17,72.974884
2025-01-21,74.448074
2025-01-22,74.277
2025-01-23,74.885277
2025-01-24,75.303474
2025-01-27,75.303474
2025-01-28,75.20842
2025-01-29,75.198921
2025-01-30,76.025795
2025-01-31,75.312973
2025-02-03,74.429062
2025-02-04,75.293968
2025-02-05,76.025795
2025-02-06,76.386971
2025-02-07,75.664642
2025-02-10,76.177879
2025-02-11,76.53904
2025-02-12,76.824181
2025-02-13,77.755608
2025-02-14,77.869667
2025-02-18,78.43042
2025-02-19,77.622543
2025-02-20,77.983719
2025-02-21,77.498985
2025-02-24,77.451462
2025-02-25,78.154793
2025-02-26,78.259338
2025-02-27,77.375435
2025-02-28,77.53701
2025-03-03,78.39241
2025-03-04,78.37339
2025-03-05,80.245766
2025-03-06,79.418877
2025-03-07,80.245766
2025-03-10,78.354385
2025-03-11,78.088257
2025-03-12,78.649025
2025-03-13,78.126274
2025-03-14,79.56144
2025-03-17,80.454857
2025-03-18,80.445358
2025-03-19,80.682968
2025-03-20,80.008148
2025-03-21,79.513924
2025-03-24,79.504417
2025-03-25,79.94162
2025-03-26,78.90564
2025-03-27,79.076721
2025-03-28,78.37339
2025-03-31,77.679573
2025-04-01,77.793617
2025-04-02,77.974205
2025-04-03,76.339455
2025-04-04,71.302109
2025-04-07,69.581818
2025-04-08,69.3442
2025-04-09,74.695175
2025-04-10,73.222008
2025-04-11,75.056358
2025-04-14,75.864227
2025-04-15,76.548538
2025-04-16,76.253906
2025-04-17,77.080788
2025-04-21,76.662605
2025-04-22,78.249847
2025-04-23,78.563492
2025-04-24,79.608971
2025-04-25,79.951134
2025-04-28,80.483376
2025-04-29,80.644951
2025-04-30,80.549904
2025-05-01,80.293289
2025-05-02,81.833
2025-05-05,81.975563
2025-05-06,81.871025
2025-05-07,81.595383
2025-05-08,81.310265
2025-05-09,81.70945
2025-05-12,82.12764
2025-05-13,82.232185
2025-05-14,81.833
2025-05-15,82.726418
2025-05-16,82.916504
2025-05-19,83.705368
2025-05-20,84.104553
2025-05-21,83.610329
2025-05-22,83.562805
2025-05-23,83.676857
2025-05-27,84.893417
2025-05-28,83.914467
2025-05-29,84.285141
2025-05-30,84.408691
2025-06-02,85.311623
2025-06-03,84.665314
2025-06-04,85.045494
2025-06-05,84.988464
2025-06-06,85.292603
2025-06-09,85.283112
2025-06-10,85.397156
2025-06-11,85.254585
2025-06-12,85.910393
2025-06-13,84.807884
2025-06-16,85.125992
2025-06-17,84.081741
2025-06-18,84.226776
2025-06-20,83.472595
2025-06-23,84.101082
2025-06-24,85.125992
2025-06-25,84.66188
2025-06-26,85.609444
2025-06-27,86.382965
2025-06-30,86.431313
2025-07-01,86.286278
2025-07-02,86.537666
2025-07-03,86.557007
2025-07-07,85.61911
2025-07-08,86.247597
2025-07-09,86.895424
2025-07-10,86.837402
2025-07-11,86.005867
2025-07-14,86.005867
2025-07-15,85.106651
2025-07-16,85.454735
2025-07-17,85.677124
2025-07-18,85.435402
2025-07-21,85.889847
2025-07-22,86.363625
2025-07-23,88.510147
2025-07-24,87.852661
2025-07-25,87.746292
2025-07-28,86.334618
2025-07-29,86.160576
2025-07-30,85.541763
2025-07-31,84.623199
2025-08-01,84.400818
2025-08-04,85.522423
2025-08-05,85.512756
2025-08-06,86.073555
2025-08-07,86.847076
2025-08-08,87.378876
2025-08-11,87.011444
2025-08-12,88.075035
2025-08-13,88.606834
2025-08-14,88.616508
2025-08-15,89.138634
2025-08-18,89.041939
2025-08-19,89.051613
2025-08-20,89.370689
2025-08-21,88.809883
2025-08-22,90.144218
2025-08-25,88.954918
2025-08-26,88.858238
2025-08-27,88.645515
2025-08-28,88.974258
2025-08-29,88.452133
2025-09-02,87.581924
2025-09-03,87.717285
2025-09-04,88.355446
2025-09-05,88.751877
2025-09-08,89.641426
2025-09-09,89.341682
2025-09-10,89.322342
2025-09-11,90.269913
2025-09-12,89.912155
2025-09-15,90.511635
2025-09-16,90.260239
2025-09-17,89.921822
2025-09-18,90.269913
2025-09-19,89.921822
2025-09-22,90.211899
2025-09-23,90.037849
2025-09-24,89.515724
2025-09-25,88.877571
2025-09-26,89.564072
2025-09-29,89.912155
2025-09-30,90.279579
2025-10-01,91.024094
2025-10-02,91.169128
2025-10-03,91.932976
2025-10-06,92.145699
2025-10-07,91.34317
2025-10-08,91.613899
2025-10-09,90.859726
2025-10-10,89.186974
2025-10-13,89.902489
2025-10-14,90.308586
2025-10-15,90.74369
2025-10-16,91.217468
2025-10-17,91.381851
2025-10-20,92.136024
2025-10-21,91.45919
2025-10-22,91.32383
2025-10-23,91.749268
2025-10-24,91.894302
2025-10-27,92.532455
2025-10-28,92.493782
2025-10-29,91.971657
2025-10-30,91.565559
2025-10-31,91.362511
2025-11-03,91.401184
2025-11-04,90.463287
2025-11-05,91.043434
2025-11-06,90.840378
2025-11-07,91.178802
2025-11-10,92.136024
2025-11-11,92.812859
2025-11-12,93.363991
2025-11-13,92.36808
2025-11-14,92.107025
2025-11-17,90.908058
2025-11-18,89.728447
2025-11-19,89.45771
2025-11-20,88.220078
2025-11-21,89.583412
2025-11-24,89.660759
2025-11-25,90.734016
2025-11-26,91.729935
2025-11-28,92.039345
2025-12-01,91.584892
2025-12-02,91.894302
2025-12-03,92.387428
2025-12-04,92.638809
2025-12-05,92.638809
2025-12-08,92.348747
2025-12-09,92.223045
2025-12-10,93.247971
2025-12-11,93.799103
2025-12-12,93.305984
2025-12-15,93.876442
2025-12-16,93.441338
2025-12-17,92.683334
2025-12-18,93.342896
2025-12-19,93.972923
2025-12-22,94.209183
2025-12-23,94.790001
2025-12-24,94.908134
2025-12-26,95.065636
2025-12-29,94.780151
2025-12-30,94.93766
2025-12-31,94.534042
2026-01-02,95.528313
2026-01-05,96.621025
2026-01-06,96.768692
2026-01-07,96.404449
2026-01-08,96.414299
2026-01-09,97.270737
2026-01-12,97.861397
2026-01-13,97.30027
2026-01-14,97.753113
2026-01-15,97.71373
2026-01-16,97.979523
2026-01-20,96.493042
2026-01-21,97.487312
2026-01-22,97.871239
2026-01-23,98.412674
2026-01-26,98.904884
2026-01-27,100.499641
2026-01-28,99.43647
2026-01-29,100.105881
2026-01-30,99.17067
2026-02-02,99.820396
2026-02-03,99.869614
2026-02-04,100.194473
2026-02-05,98.767067
2026-02-06,101.011543
2026-02-09,102.370041
2026-02-10,102.61615
2026-02-11,103.305252
2026-02-12,102.527557
2026-02-13,102.61615
2026-02-17,102.596466
2026-02-18,102.714592
2026-02-19,102.429115
2026-02-20,103.265869
2026-02-23,102.842567
2026-02-24,103.02961
2026-02-25,104.014038
2026-02-26,103.92543
2026-02-27,103.738388
2026-03-02,101.690796
2026-03-03,98.5308
2026-03-04,99.800705
2026-03-05,97.615295
2026-03-06,96.748993
2026-03-09,97.447937
2026-03-10,97.674355
2026-03-11,97.467628
2026-03-12,95.941772
2026-03-13,94.799843
2026-03-16,96.5718
2026-03-17,96.837601
2026-03-18,95.183769
2026-03-19,95.016411
2026-03-20,92.132057
2026-03-23,94.347
2026-03-24,93.785881
2026-03-25,95.154236
2026-03-26,93.185394
2026-03-27,92.338791
2026-03-30,92.604576
2026-03-31,95.616905
2026-04-01,97.07386
2026-04-02,96.473358
2026-04-06,96.955727
2026-04-07,96.817902
2026-04-08,100.598091
2026-04-09,100.361824
2026-04-10,100.588242
2026-04-13,101.208427
2026-04-14,102.025497
2026-04-15,101.700638
2026-04-16,101.405312
2026-04-17,102.694908
2026-04-20,102.291298
2026-04-21,100.046806
2026-04-22,100.381516
2026-04-23,99.662888
2026-04-24,100.184624
2026-04-27,99.800705
2026-04-28,99.387245
2026-04-29,98.373291
2026-04-30,100.726059
2026-05-01,100.509491
2026-05-04,99.131294
2026-05-05,100.450424
2026-05-06,103.177269
2026-05-07,101.287186
2026-05-08,102.340515
2026-05-11,102.12394
2026-05-12,101.533287
2026-05-13,102.21254
2026-05-14,101.848305
2026-05-15,100.135406
2026-05-18,101.060768
2026-05-19,100.332291
2026-05-20,102.005814
2026-05-21,102.566933
2026-05-22,102.360207
2026-05-26,103.492287
2026-05-27,103.137894
2026-05-28,103.059143
2026-05-29,103.167435
2026-06-01,102.813042
2026-06-02,103.383995
2026-06-03,102.498024
2026-06-04,103.315086
2026-06-05,100.667
2026-06-08,101.277336
2026-06-09,101.297028
2026-06-10,99.987747
2026-06-11,103.098526
2026-06-12,103.383995
2026-06-15,104.080002
2026-06-16,104.309998
2026-06-17,103.779999
2026-06-18,104.410004
2026-06-22,104.580002
2026-06-23,102.459999
2026-06-24,102.260002
2026-06-25,103.150002
2026-06-26,102.540001
2026-06-29,103.449997
2026-06-30,103.879997
2026-07-01,103.019997
2026-07-02,104.370003
2026-07-06,105.459999
2026-07-07,104.160004
2026-07-08,103.360001
2026-07-09,103.919998
2026-07-10,104.330002
2026-07-13,103.239998
2026-07-14,103.959999
2026-07-15,104.650002
2026-07-16,103.809998
2026-07-17,103.330002
2026-07-20,102.57
2026-07-21,104.059998
