date,adj_close
2003-05-01,17.837648
2003-05-02,18.169981
2003-05-05,18.208462
2003-05-06,18.353647
2003-05-07,18.281935
2003-05-08,18.084272
2003-05-09,18.339655
2003-05-12,18.680727
2003-05-13,18.636997
2003-05-14,18.680727
2003-05-15,18.874872
2003-05-16,18.908115
2003-05-19,18.416611
2003-05-20,18.393873
2003-05-21,18.467346
2003-05-22,18.729704
2003-05-23,18.834656
2003-05-27,19.240454
2003-05-28,19.291176
2003-05-29,19.22296
2003-05-30,19.599022
2003-06-02,19.707476
2003-06-03,19.700468
2003-06-04,20.113272
2003-06-05,20.254955
2003-06-06,20.149998
2003-06-09,19.822912
2003-06-10,19.966349
2003-06-11,20.309177
2003-06-12,20.393129
2003-06-13,20.080027
2003-06-16,20.485842
2003-06-17,20.522562
2003-06-18,20.426361
2003-06-19,20.160496
2003-06-20,20.141253
2003-06-23,19.857899
2003-06-24,19.800177
2003-06-25,19.695223
2003-06-26,19.864895
2003-06-27,19.754694
2003-06-30,19.768688
2003-07-01,19.83515
2003-07-02,20.087029
2003-07-03,19.976837
2003-07-07,20.312672
2003-07-08,20.501574
2003-07-09,20.513813
2003-07-10,20.130756
2003-07-11,20.253197
2003-07-14,20.5488
2003-07-15,20.289938
2003-07-16,20.113272
2003-07-17,19.817663
2003-07-18,20.087029
2003-07-21,19.824659
2003-07-22,20.073038
2003-07-23,19.908625
2003-07-24,19.99258
2003-07-25,20.298679
2003-07-28,20.338903
2003-07-29,20.184982
2003-07-30,20.142994
2003-07-31,20.233957
2003-08-01,20.104525
2003-08-04,20.069536
2003-08-05,19.705717
2003-08-06,19.756439
2003-08-07,19.824659
2003-08-08,19.898125
2003-08-11,19.978586
2003-08-12,20.169241
2003-08-13,20.132507
2003-08-14,20.344147
2003-08-15,20.38788
2003-08-18,20.622265
2003-08-19,20.751703
2003-08-20,20.760447
2003-08-21,20.93186
2003-08-22,20.700974
2003-08-25,20.660744
2003-08-26,20.739445
2003-08-27,20.805925
2003-08-28,20.984333
2003-08-29,21.106768
2003-09-02,21.416376
2003-09-03,21.470589
2003-09-04,21.488089
2003-09-05,21.40238
2003-09-08,21.575546
2003-09-09,21.388386
2003-09-10,21.007076
2003-09-11,21.15225
2003-09-12,21.211721
2003-09-15,21.15225
2003-09-16,21.4531
2003-09-17,21.409369
2003-09-18,21.663
2003-09-19,21.658953
2003-09-22,21.365385
2003-09-23,21.521845
2003-09-24,21.168501
2003-09-25,20.932951
2003-09-26,20.764185
2003-09-29,20.890759
2003-09-30,20.794073
2003-10-01,21.161476
2003-10-02,21.270456
2003-10-03,21.520075
2003-10-06,21.651918
2003-10-07,21.757395
2003-10-08,21.697618
2003-10-09,21.832985
2003-10-10,21.815405
2003-10-13,22.035149
2003-10-14,22.114246
2003-10-15,22.049202
2003-10-16,22.084362
2003-10-17,21.822439
2003-10-20,21.903301
2003-10-21,21.943733
2003-10-22,21.622042
2003-10-23,21.639618
2003-10-24,21.534149
2003-10-27,21.674774
2003-10-28,22.035149
2003-10-29,22.119528
2003-10-30,22.228512
2003-10-31,22.233786
2003-11-03,22.42363
2003-11-04,22.325205
2003-11-05,22.356831
2003-11-06,22.492193
2003-11-07,22.455269
2003-11-10,22.223236
2003-11-11,22.217966
2003-11-12,22.529112
2003-11-13,22.580095
2003-11-14,22.351559
2003-11-17,22.137096
2003-11-18,21.913847
2003-11-19,22.045692
2003-11-20,21.89451
2003-11-21,21.989437
2003-11-24,22.404291
2003-11-25,22.54669
2003-11-26,22.646889
2003-11-28,22.703144
2003-12-01,22.972092
2003-12-02,22.887718
2003-12-03,22.861349
2003-12-04,22.84553
2003-12-05,22.685564
2003-12-08,22.852575
2003-12-09,22.648647
2003-12-10,22.472862
2003-12-11,22.870136
2003-12-12,22.958038
2003-12-15,22.773453
2003-12-16,22.849043
2003-12-17,22.917603
2003-12-18,23.253361
2003-12-19,23.276281
2003-12-22,23.371481
2003-12-23,23.524851
2003-12-24,23.480782
2003-12-26,23.537193
2003-12-29,23.817509
2003-12-30,23.849234
2003-12-31,23.879211
2004-01-02,23.766388
2004-01-05,24.064323
2004-01-06,24.113689
2004-01-07,24.127789
2004-01-08,24.311132
2004-01-09,24.182442
2004-01-12,24.32877
2004-01-13,24.194782
2004-01-14,24.41338
2004-01-15,24.480381
2004-01-16,24.707804
2004-01-20,24.757154
2004-01-21,24.862936
2004-01-22,24.767744
2004-01-23,24.707804
2004-01-26,24.928165
2004-01-27,24.736002
2004-01-28,24.408106
2004-01-29,24.41338
2004-01-30,24.445127
2004-02-02,24.471561
2004-02-03,24.478603
2004-02-04,24.217699
2004-02-05,24.282928
2004-02-06,24.651386
2004-02-09,24.672554
2004-02-10,24.781845
2004-02-11,25.081553
2004-02-12,25.007513
2004-02-13,24.840006
2004-02-17,25.116802
2004-02-18,25.028654
2004-02-19,24.87351
2004-02-20,24.767744
2004-02-23,24.610838
2004-02-24,24.545614
2004-02-25,24.721905
2004-02-26,24.825926
2004-02-27,24.910538
2004-03-01,25.222588
2004-03-02,25.122099
2004-03-03,25.132664
2004-03-04,25.227879
2004-03-05,25.323074
2004-03-08,25.033947
2004-03-09,24.831209
2004-03-10,24.446882
2004-03-11,24.039644
2004-03-12,24.399284
2004-03-15,24.02025
2004-03-16,24.140125
2004-03-17,24.513876
2004-03-18,24.505064
2004-03-19,24.281326
2004-03-22,23.889015
2004-03-23,23.890781
2004-03-24,23.825396
2004-03-25,24.228329
2004-03-26,24.277796
2004-03-29,24.514606
2004-03-30,24.701923
2004-03-31,24.740805
2004-04-01,24.892786
2004-04-02,25.173761
2004-04-05,25.320444
2004-04-06,25.269207
2004-04-07,25.13842
2004-04-08,25.111927
2004-04-12,25.193213
2004-04-13,24.807951
2004-04-14,24.652447
2004-04-15,24.703697
2004-04-16,24.86451
2004-04-19,24.86451
2004-04-20,24.500467
2004-04-21,24.652447
2004-04-22,25.11898
2004-04-23,25.055363
2004-04-26,24.889261
2004-04-27,24.928137
2004-04-28,24.555239
2004-04-29,24.272499
2004-04-30,24.157616
2004-05-03,24.316687
2004-05-04,24.387363
2004-05-05,24.459812
2004-05-06,24.219482
2004-05-07,23.788279
2004-05-10,23.433071
2004-05-11,23.698147
2004-05-12,23.708761
2004-05-13,23.79711
2004-05-14,23.738808
2004-05-17,23.44014
2004-05-18,23.668108
2004-05-19,23.620405
2004-05-20,23.653975
2004-05-21,23.708761
2004-05-24,23.901381
2004-05-25,24.330822
2004-05-26,24.378532
2004-05-27,24.496918
2004-05-28,24.579985
2004-06-01,24.551716
2004-06-02,24.634769
2004-06-03,24.387363
2004-06-04,24.539343
2004-06-07,25.005888
2004-06-08,24.995272
2004-06-09,24.730196
2004-06-10,24.836233
2004-06-14,24.546415
2004-06-15,24.753178
2004-06-16,24.806198
2004-06-17,24.784981
2004-06-18,24.850014
2004-06-21,24.777359
2004-06-22,24.919094
2004-06-23,25.223831
2004-06-24,25.163601
2004-06-25,25.184843
2004-06-28,25.090952
2004-06-29,25.154747
2004-06-30,25.326605
2004-07-01,24.981115
2004-07-02,24.896069
2004-07-06,24.612597
2004-07-07,24.651575
2004-07-08,24.384039
2004-07-09,24.460238
2004-07-12,24.431881
2004-07-13,24.470856
2004-07-14,24.375189
2004-07-15,24.437191
2004-07-16,24.249399
2004-07-19,24.237009
2004-07-20,24.4496
2004-07-21,24.070457
2004-07-22,24.042103
2004-07-23,23.833044
2004-07-26,23.717884
2004-07-27,23.932264
2004-07-28,23.903902
2004-07-29,24.130688
2004-07-30,24.167898
2004-08-02,24.261801
2004-08-03,24.033257
2004-08-04,23.985418
2004-08-05,23.551346
2004-08-06,23.127903
2004-08-09,23.255465
2004-08-10,23.521215
2004-08-11,23.436182
2004-08-12,23.173965
2004-08-13,23.138531
2004-08-16,23.572599
2004-08-17,23.634617
2004-08-18,23.930485
2004-08-19,23.841913
2004-08-20,24.079311
2004-08-23,23.962376
2004-08-24,23.962376
2004-08-25,24.210413
2004-08-26,24.183844
2004-08-27,24.228138
2004-08-30,24.047421
2004-08-31,24.143097
2004-09-01,24.224592
2004-09-02,24.539959
2004-09-03,24.399986
2004-09-07,24.603745
2004-09-08,24.460238
2004-09-09,24.529331
2004-09-10,24.706499
2004-09-13,24.74548
2004-09-14,24.800404
2004-09-15,24.623224
2004-09-16,24.764961
2004-09-17,24.8536
2004-09-20,24.773666
2004-09-21,24.937071
2004-09-22,24.626251
2004-09-23,24.555199
2004-09-24,24.549879
2004-09-27,24.386469
2004-09-28,24.523239
2004-09-29,24.626251
2004-09-30,24.76301
2004-10-01,25.169754
2004-10-04,25.292303
2004-10-05,25.249681
2004-10-06,25.413086
2004-10-07,25.175081
2004-10-08,24.949499
2004-10-11,24.93174
2004-10-12,24.871349
2004-10-13,24.66888
2004-10-14,24.487707
2004-10-15,24.580076
2004-10-18,24.665325
2004-10-19,24.453959
2004-10-20,24.480614
2004-10-21,24.67598
2004-10-22,24.482382
2004-10-25,24.514339
2004-10-26,24.8678
2004-10-27,25.23369
2004-10-28,25.217707
2004-10-29,25.350916
2004-11-01,25.384657
2004-11-02,25.354462
2004-11-03,25.649305
2004-11-04,26.102222
2004-11-05,26.283386
2004-11-08,26.233654
2004-11-09,26.251415
2004-11-10,26.269173
2004-11-11,26.528498
2004-11-12,26.752296
2004-11-15,26.778938
2004-11-16,26.624397
2004-11-17,26.786051
2004-11-18,26.869516
2004-11-19,26.551586
2004-11-22,26.739861
2004-11-23,26.768282
2004-11-24,26.96899
2004-11-26,27.029383
2004-11-29,26.889057
2004-11-30,26.819798
2004-12-01,27.189226
2004-12-02,27.13772
2004-12-03,27.175014
2004-12-06,27.160805
2004-12-07,26.819798
2004-12-08,26.883732
2004-12-09,27.02582
2004-12-10,27.052441
2004-12-13,27.274483
2004-12-14,27.450312
2004-12-15,27.553341
2004-12-16,27.414791
2004-12-17,27.358335
2004-12-20,27.2871
2004-12-21,27.547138
2004-12-22,27.643312
2004-12-23,27.657574
2004-12-27,27.50082
2004-12-28,27.728809
2004-12-29,27.771557
2004-12-30,27.824999
2004-12-31,27.814314
2005-01-03,27.429564
2005-01-04,27.046642
2005-01-05,26.838238
2005-01-06,26.918404
2005-01-07,26.847139
2005-01-10,26.900581
2005-01-11,26.761652
2005-01-12,26.895245
2005-01-13,26.711769
2005-01-14,26.943327
2005-01-18,27.205149
2005-01-19,26.966484
2005-01-20,26.758087
2005-01-21,26.60313
2005-01-24,26.449957
2005-01-25,26.485579
2005-01-26,26.67972
2005-01-27,26.7652
2005-01-28,26.65835
2005-01-31,26.957582
2005-02-01,27.157064
2005-02-02,27.265709
2005-02-03,27.206924
2005-02-04,27.529327
2005-02-07,27.479443
2005-02-08,27.447395
2005-02-09,27.199799
2005-02-10,27.306669
2005-02-11,27.597006
2005-02-14,27.570286
2005-02-15,27.67359
2005-02-16,27.662909
2005-02-17,27.468769
2005-02-18,27.46699
2005-02-22,27.01635
2005-02-23,27.164185
2005-02-24,27.393948
2005-02-25,27.680714
2005-02-28,27.531109
2005-03-01,27.721676
2005-03-02,27.68251
2005-03-03,27.735939
2005-03-04,28.019135
2005-03-07,28.106413
2005-03-08,27.955011
2005-03-09,27.65934
2005-03-10,27.643312
2005-03-11,27.557819
2005-03-14,27.714565
2005-03-15,27.529327
2005-03-16,27.251469
2005-03-17,27.333403
2005-03-18,27.268057
2005-03-21,27.226984
2005-03-22,26.96814
2005-03-23,26.966352
2005-03-24,26.9842
2005-03-28,27.00741
2005-03-29,26.712841
2005-03-30,27.112726
2005-03-31,27.155577
2005-04-01,27.064529
2005-04-04,27.064529
2005-04-05,27.171648
2005-04-06,27.210938
2005-04-07,27.396597
2005-04-08,27.185947
2005-04-11,27.171648
2005-04-12,27.310898
2005-04-13,26.925301
2005-04-14,26.528952
2005-04-15,25.993374
2005-04-18,26.118347
2005-04-19,26.377207
2005-04-20,26.020157
2005-04-21,26.516455
2005-04-22,26.261168
2005-04-25,26.543238
2005-04-26,26.287954
2005-04-27,26.343288
2005-04-28,26.014801
2005-04-29,26.287954
2005-05-02,26.434357
2005-05-03,26.441483
2005-05-04,26.802094
2005-05-05,26.748549
2005-05-06,26.796753
2005-05-09,26.966352
2005-05-10,26.67178
2005-05-11,26.778889
2005-05-12,26.511118
2005-05-13,26.36829
2005-05-16,26.65929
2005-05-17,26.862801
2005-05-18,27.228777
2005-05-19,27.339464
2005-05-20,27.378736
2005-05-23,27.485861
2005-05-24,27.435871
2005-05-25,27.343037
2005-05-26,27.539421
2005-05-27,27.59833
2005-05-31,27.469784
2005-06-01,27.748283
2005-06-02,27.826843
2005-06-03,27.689369
2005-06-06,27.698299
2005-06-07,27.728651
2005-06-08,27.657238
2005-06-09,27.823273
2005-06-10,27.789364
2005-06-13,27.891108
2005-06-14,28.001797
2005-06-15,28.074989
2005-06-16,28.217819
2005-06-17,28.332178
2005-06-20,28.274908
2005-06-21,28.26417
2005-06-22,28.289232
2005-06-23,27.981422
2005-06-24,27.745186
2005-06-27,27.74877
2005-06-28,28.056576
2005-06-29,28.024359
2005-06-30,27.891924
2005-07-01,27.979616
2005-07-05,28.269524
2005-07-06,28.072689
2005-07-07,28.151426
2005-07-08,28.503948
2005-07-11,28.704382
2005-07-12,28.75807
2005-07-13,28.77598
2005-07-14,28.847561
2005-07-15,28.874399
2005-07-18,28.849344
2005-07-19,29.033672
2005-07-20,29.207262
2005-07-21,28.954943
2005-07-22,29.20368
2005-07-25,29.044411
2005-07-26,29.153574
2005-07-27,29.285999
2005-07-28,29.475683
2005-07-29,29.316416
2005-08-01,29.318218
2005-08-02,29.464958
2005-08-03,29.497154
2005-08-04,29.259148
2005-08-05,28.990717
2005-08-08,28.8762
2005-08-09,29.047981
2005-08-10,29.035463
2005-08-11,29.166096
2005-08-12,29.073059
2005-08-15,29.268103
2005-08-16,28.808187
2005-08-17,28.856506
2005-08-18,28.747343
2005-08-19,28.847561
2005-08-22,28.867254
2005-08-23,28.808187
2005-08-24,28.650709
2005-08-25,28.759876
2005-08-26,28.605974
2005-08-29,28.811768
2005-08-30,28.580927
2005-08-31,29.060516
2005-09-01,28.990717
2005-09-02,28.917345
2005-09-06,29.257366
2005-09-07,29.339684
2005-09-08,29.185778
2005-09-09,29.500738
2005-09-12,29.518637
2005-09-13,29.32
2005-09-14,29.244827
2005-09-15,29.164318
2005-09-16,29.377649
2005-09-19,29.146173
2005-09-20,28.882429
2005-09-21,28.512783
2005-09-22,28.62764
2005-09-23,28.728132
2005-09-26,28.767593
2005-09-27,28.787325
2005-09-28,28.841158
2005-09-29,29.067249
2005-09-30,29.205395
2005-10-03,29.228724
2005-10-04,28.891399
2005-10-05,28.385408
2005-10-06,28.234697
2005-10-07,28.340546
2005-10-10,28.005037
2005-10-11,27.863285
2005-10-12,27.577993
2005-10-13,27.594137
2005-10-14,27.906351
2005-10-17,28.001446
2005-10-18,27.701784
2005-10-19,28.096537
2005-10-20,27.701784
2005-10-21,27.830986
2005-10-24,28.295702
2005-10-25,28.18985
2005-10-26,28.080389
2005-10-27,27.70718
2005-10-28,28.143188
2005-10-31,28.423096
2005-11-01,28.392601
2005-11-02,28.767593
2005-11-03,28.841158
2005-11-04,28.859098
2005-11-07,28.930862
2005-11-08,28.828613
2005-11-09,28.868076
2005-11-10,29.121073
2005-11-11,29.192852
2005-11-14,29.176683
2005-11-15,29.040331
2005-11-16,29.113897
2005-11-17,29.478125
2005-11-18,29.551683
2005-11-21,29.729322
2005-11-22,29.867498
2005-11-23,29.984106
2005-11-25,30.009228
2005-11-28,29.75983
2005-11-29,29.849548
2005-11-30,29.716768
2005-12-01,30.163544
2005-12-02,30.197622
2005-12-05,30.081003
2005-12-06,30.120468
2005-12-07,29.964375
2005-12-08,29.9895
2005-12-09,30.118696
2005-12-12,30.170712
2005-12-13,30.32143
2005-12-14,30.447031
2005-12-15,30.355516
2005-12-16,30.323315
2005-12-19,30.037024
2005-12-20,30.056824
2005-12-21,30.184669
2005-12-22,30.3377
2005-12-23,30.371904
2005-12-27,30.082037
2005-12-28,30.190062
2005-12-29,30.067642
2005-12-30,29.87499
2006-01-03,30.388111
2006-01-04,30.562763
2006-01-05,30.562763
2006-01-06,30.863441
2006-01-09,31.074085
2006-01-10,31.081284
2006-01-11,31.147913
2006-01-12,30.960665
2006-01-13,30.98945
2006-01-17,30.838219
2006-01-18,30.809418
2006-01-19,31.054298
2006-01-20,30.562763
2006-01-23,30.643776
2006-01-24,30.832834
2006-01-25,30.841829
2006-01-26,31.06328
2006-01-27,31.248734
2006-01-30,31.266754
2006-01-31,31.077688
2006-02-01,31.216328
2006-02-02,30.944462
2006-02-03,30.712183
2006-02-06,30.881428
2006-02-07,30.620377
2006-02-08,30.807631
2006-02-09,30.764399
2006-02-10,30.777004
2006-02-13,30.679783
2006-02-14,30.960665
2006-02-15,31.133493
2006-02-16,31.354956
2006-02-17,31.327961
2006-02-21,31.239735
2006-02-22,31.441383
2006-02-23,31.410774
2006-02-24,31.443192
2006-02-27,31.563805
2006-02-28,31.182117
2006-03-01,31.48279
2006-03-02,31.471975
2006-03-03,31.392775
2006-03-06,31.092106
2006-03-07,30.975067
2006-03-08,30.984051
2006-03-09,30.913828
2006-03-10,31.165901
2006-03-13,31.237934
2006-03-14,31.580023
2006-03-15,31.790674
2006-03-16,31.902309
2006-03-17,31.9624
2006-03-20,31.855925
2006-03-21,31.603254
2006-03-22,31.812609
2006-03-23,31.82523
2006-03-24,31.86133
2006-03-27,31.843287
2006-03-28,31.689867
2006-03-29,31.97142
2006-03-30,31.848688
2006-03-31,31.836073
2006-04-03,31.807192
2006-04-04,31.980427
2006-04-05,32.11219
2006-04-06,32.123032
2006-04-07,31.830648
2006-04-10,31.812609
2006-04-11,31.439018
2006-04-12,31.520224
2006-04-13,31.585205
2006-04-17,31.491348
2006-04-18,32.083313
2006-04-19,32.231319
2006-04-20,32.222294
2006-04-21,32.142876
2006-04-24,32.119415
2006-04-25,31.991285
2006-04-26,32.074299
2006-04-27,32.081509
2006-04-28,32.110401
2006-05-01,31.944349
2006-05-02,32.132061
2006-05-03,32.059864
2006-05-04,32.21146
2006-05-05,32.543518
2006-05-08,32.586849
2006-05-09,32.572388
2006-05-10,32.550751
2006-05-11,32.067066
2006-05-12,31.691692
2006-05-15,31.698904
2006-05-16,31.547291
2006-05-17,31.049183
2006-05-18,30.854292
2006-05-19,31.056408
2006-05-22,30.86149
2006-05-23,30.681015
2006-05-24,30.767641
2006-05-25,31.099728
2006-05-26,31.309078
2006-05-30,30.767641
2006-05-31,31.157473
2006-06-01,31.518435
2006-06-02,31.55452
2006-06-05,31.034754
2006-06-06,30.847071
2006-06-07,30.666592
2006-06-08,30.630476
2006-06-09,30.623262
2006-06-12,30.132362
2006-06-13,29.785841
2006-06-14,29.930227
2006-06-15,30.695456
2006-06-16,30.410898
2006-06-19,30.193678
2006-06-20,30.186434
2006-06-21,30.555708
2006-06-22,30.367435
2006-06-23,30.447098
2006-06-26,30.555708
2006-06-27,30.258833
2006-06-28,30.338486
2006-06-29,31.098761
2006-06-30,31.069796
2006-07-03,31.279795
2006-07-05,30.968418
2006-07-06,30.975666
2006-07-07,30.794655
2006-07-10,30.729485
2006-07-11,30.888775
2006-07-12,30.613646
2006-07-13,30.106783
2006-07-14,29.84613
2006-07-17,29.82439
2006-07-18,29.817158
2006-07-19,30.338486
2006-07-20,30.027142
2006-07-21,29.701313
2006-07-24,30.23712
2006-07-25,30.389179
2006-07-26,30.483295
2006-07-27,30.302286
2006-07-28,30.613646
2006-07-31,30.657078
2006-08-01,30.461569
2006-08-02,30.635361
2006-08-03,30.787413
2006-08-04,30.722239
2006-08-07,30.628117
2006-08-08,30.490543
2006-08-09,30.273321
2006-08-10,30.476063
2006-08-11,30.316769
2006-08-14,30.389179
2006-08-15,30.867065
2006-08-16,31.221859
2006-08-17,31.344952
2006-08-18,31.373898
2006-08-21,31.229101
2006-08-22,31.258059
2006-08-23,31.062555
2006-08-24,31.004635
2006-08-25,31.040829
2006-08-28,31.250809
2006-08-29,31.39562
2006-08-30,31.446304
2006-08-31,31.497002
2006-09-01,31.627327
2006-09-05,31.678011
2006-09-06,31.308739
2006-09-07,31.163925
2006-09-08,31.366659
2006-09-11,31.41011
2006-09-12,31.837301
2006-09-13,31.989353
2006-09-14,31.916964
2006-09-15,32.041103
2006-09-18,32.026596
2006-09-19,31.968494
2006-09-20,32.128231
2006-09-21,31.895903
2006-09-22,31.823301
2006-09-25,32.128231
2006-09-26,32.338814
2006-09-27,32.34605
2006-09-28,32.375103
2006-09-29,32.251667
2006-10-02,32.208099
2006-10-03,32.128231
2006-10-04,32.563881
2006-10-05,32.738136
2006-10-06,32.636494
2006-10-09,32.694569
2006-10-10,32.774445
2006-10-11,32.738136
2006-10-12,33.064861
2006-10-13,33.137478
2006-10-16,33.260899
2006-10-17,33.152004
2006-10-18,33.137478
2006-10-19,33.181042
2006-10-20,33.043087
2006-10-23,33.282688
2006-10-24,33.369812
2006-10-25,33.442406
2006-10-26,33.587627
2006-10-27,33.377079
2006-10-30,33.471455
2006-10-31,33.464203
2006-11-01,33.181042
2006-11-02,33.181042
2006-11-03,33.093914
2006-11-06,33.427887
2006-11-07,33.529549
2006-11-08,33.645721
2006-11-09,33.5005
2006-11-10,33.616673
2006-11-13,33.732841
2006-11-14,33.950645
2006-11-15,34.146698
2006-11-16,34.204788
2006-11-17,34.190254
2006-11-20,34.153961
2006-11-21,34.342724
2006-11-22,34.415352
2006-11-24,34.349987
2006-11-27,33.790924
2006-11-28,33.856274
2006-11-29,34.197525
2006-11-30,34.299164
2006-12-01,34.161228
2006-12-04,34.546055
2006-12-05,34.654926
2006-12-06,34.705769
2006-12-07,34.531509
2006-12-08,34.582336
2006-12-11,34.596863
2006-12-12,34.546055
2006-12-13,34.604115
2006-12-14,34.858242
2006-12-15,34.828358
2006-12-18,34.631622
2006-12-19,34.675362
2006-12-20,34.697197
2006-12-21,34.515041
2006-12-22,34.347454
2006-12-26,34.507767
2006-12-27,34.726357
2006-12-28,34.624352
2006-12-29,34.493183
2007-01-03,34.478611
2007-01-04,34.529613
2007-01-05,34.296471
2007-01-08,34.369316
2007-01-09,34.413036
2007-01-10,34.515041
2007-01-11,34.748207
2007-01-12,34.908497
2007-01-16,34.937649
2007-01-17,34.93037
2007-01-18,34.719067
2007-01-19,34.952236
2007-01-22,34.755493
2007-01-23,34.952236
2007-01-24,35.214542
2007-01-25,34.850212
2007-01-26,34.864792
2007-01-29,34.886662
2007-01-30,35.09795
2007-01-31,35.323833
2007-02-01,35.578854
2007-02-02,35.673584
2007-02-05,35.673584
2007-02-06,35.746433
2007-02-07,35.855732
2007-02-08,36.096172
2007-02-09,35.644432
2007-02-12,35.498707
2007-02-13,35.78286
2007-02-14,36.103458
2007-02-15,36.190895
2007-02-16,36.176327
2007-02-20,36.33662
2007-02-21,36.380325
2007-02-22,36.358486
2007-02-23,36.322037
2007-02-26,36.271046
2007-02-27,34.901226
2007-02-28,35.15625
2007-03-01,35.046947
2007-03-02,34.551476
2007-03-05,34.18716
2007-03-06,34.675362
2007-03-07,34.704498
2007-03-08,35.003227
2007-03-09,35.05423
2007-03-12,35.141674
2007-03-13,34.442196
2007-03-14,34.624352
2007-03-15,34.835659
2007-03-16,34.701305
2007-03-19,35.102867
2007-03-20,35.263481
2007-03-21,35.789131
2007-03-22,35.81105
2007-03-23,35.884068
2007-03-26,35.884068
2007-03-27,35.65773
2007-03-28,35.373001
2007-03-29,35.453304
2007-03-30,35.446007
2007-04-02,35.613914
2007-04-03,35.957058
2007-04-04,35.949772
2007-04-05,36.081177
2007-04-09,36.132286
2007-04-10,36.176098
2007-04-11,35.949772
2007-04-12,36.198002
2007-04-13,36.30022
2007-04-16,36.672558
2007-04-17,36.716354
2007-04-18,36.811275
2007-04-19,36.774765
2007-04-20,37.0084
2007-04-23,37.066807
2007-04-24,37.066807
2007-04-25,37.439152
2007-04-26,37.475666
2007-04-27,37.395348
2007-04-30,37.0084
2007-05-01,37.088703
2007-05-02,37.380749
2007-05-03,37.526783
2007-05-04,37.555981
2007-05-07,37.621689
2007-05-08,37.599781
2007-05-09,37.760387
2007-05-10,37.307747
2007-05-11,37.570568
2007-05-14,37.475666
2007-05-15,37.424553
2007-05-16,37.650879
2007-05-17,37.68008
2007-05-18,37.869907
2007-05-21,37.957527
2007-05-22,37.928318
2007-05-23,37.891819
2007-05-24,37.468372
2007-05-25,37.658176
2007-05-29,37.767708
2007-05-30,38.074348
2007-05-31,38.20575
2007-06-01,38.359081
2007-06-04,38.453983
2007-06-05,38.256863
2007-06-06,37.891819
2007-06-07,37.10331
2007-06-08,37.60709
2007-06-11,37.614368
2007-06-12,37.198242
2007-06-13,37.811504
2007-06-14,37.942936
2007-06-15,38.082802
2007-06-18,38.148708
2007-06-19,38.199966
2007-06-20,37.731262
2007-06-21,37.929001
2007-06-22,37.643406
2007-06-25,37.277206
2007-06-26,37.21862
2007-06-27,37.504223
2007-06-28,37.570156
2007-06-29,37.496922
2007-07-02,37.907028
2007-07-03,37.965614
2007-07-05,38.060844
2007-07-06,38.236599
2007-07-09,38.214626
2007-07-10,37.687321
2007-07-11,37.789852
2007-07-12,38.427021
2007-07-13,38.522209
2007-07-16,38.368431
2007-07-17,38.419689
2007-07-18,38.353771
2007-07-19,38.558838
2007-07-20,38.038872
2007-07-23,38.082802
2007-07-24,37.409046
2007-07-25,37.343113
2007-07-26,36.354424
2007-07-27,35.673332
2007-07-30,36.21529
2007-07-31,35.805157
2007-08-01,35.944313
2007-08-02,36.178661
2007-08-03,35.168007
2007-08-06,35.761211
2007-08-07,35.958946
2007-08-08,36.43499
2007-08-09,35.526855
2007-08-10,35.526855
2007-08-13,35.622066
2007-08-14,34.816486
2007-08-15,34.296505
2007-08-16,34.369736
2007-08-17,35.204639
2007-08-20,35.189976
2007-08-21,35.189976
2007-08-22,35.753906
2007-08-23,35.666004
2007-08-24,36.120079
2007-08-27,35.570805
2007-08-28,34.911671
2007-08-29,35.578117
2007-08-30,35.424332
2007-08-31,35.834461
2007-09-04,36.31049
2007-09-05,35.622066
2007-09-06,35.907684
2007-09-07,35.351093
2007-09-10,35.08012
2007-09-11,35.541515
2007-09-12,35.482922
2007-09-13,35.71727
2007-09-14,35.841789
2007-09-17,35.629391
2007-09-18,36.720608
2007-09-19,36.976929
2007-09-20,36.640057
2007-09-21,36.719398
2007-09-24,36.528393
2007-09-25,36.49165
2007-09-26,36.690029
2007-09-27,36.822266
2007-09-28,36.726761
2007-10-01,37.226337
2007-10-02,37.299789
2007-10-03,37.248379
2007-10-04,37.241016
2007-10-05,37.72591
2007-10-08,37.571621
2007-10-09,37.836109
2007-10-10,37.784695
2007-10-11,37.527569
2007-10-12,37.659779
2007-10-15,37.307159
2007-10-16,37.020622
2007-10-17,37.079407
2007-10-18,36.983891
2007-10-19,35.977375
2007-10-22,36.293285
2007-10-23,36.587162
2007-10-24,36.403492
2007-10-25,36.410839
2007-10-26,36.903057
2007-10-29,36.9398
2007-10-30,36.756138
2007-10-31,37.138165
2007-11-01,36.124321
2007-11-02,36.175732
2007-11-05,36.050835
2007-11-06,36.374092
2007-11-07,35.463093
2007-11-08,35.389626
2007-11-09,35.044323
2007-11-12,34.647594
2007-11-13,35.573296
2007-11-14,35.28677
2007-11-15,34.956181
2007-11-16,34.941479
2007-11-19,34.287605
2007-11-20,34.236183
2007-11-21,33.802708
2007-11-23,34.353706
2007-11-26,33.574966
2007-11-27,34.081898
2007-11-28,35.059017
2007-11-29,34.992905
2007-11-30,35.411671
2007-12-03,35.220646
2007-12-04,35.022278
2007-12-05,35.521854
2007-12-06,36.058186
2007-12-07,36.094902
2007-12-10,36.440243
2007-12-11,35.301453
2007-12-12,35.536568
2007-12-13,35.492481
2007-12-14,34.956181
2007-12-17,34.471264
2007-12-18,34.632889
2007-12-19,34.632889
2007-12-20,34.772491
2007-12-21,35.308098
2007-12-24,35.640076
2007-12-26,35.573669
2007-12-27,35.079395
2007-12-28,35.020374
2007-12-31,34.806442
2008-01-02,34.275253
2008-01-03,34.120335
2008-01-04,33.153896
2008-01-07,33.242432
2008-01-08,32.38665
2008-01-09,32.733379
2008-01-10,33.190777
2008-01-11,32.740765
2008-01-14,33.072746
2008-01-15,32.224365
2008-01-16,32.283371
2008-01-17,31.331688
2008-01-18,31.102995
2008-01-22,31.110365
2008-01-23,32.098927
2008-01-24,32.239094
2008-01-25,31.899752
2008-01-28,32.578472
2008-01-29,32.858818
2008-01-30,32.497314
2008-01-31,33.308815
2008-02-01,33.994942
2008-02-04,33.559654
2008-02-05,32.600597
2008-02-06,32.3424
2008-02-07,32.630108
2008-02-08,32.364513
2008-02-11,32.70388
2008-02-12,32.895683
2008-02-13,33.308815
2008-02-14,32.799774
2008-02-15,32.792419
2008-02-19,32.829288
2008-02-20,33.139133
2008-02-21,32.637482
2008-02-22,32.903061
2008-02-25,33.478497
2008-02-26,33.780975
2008-02-27,33.537521
2008-02-28,33.249809
2008-02-29,32.305504
2008-03-03,32.246471
2008-03-04,32.157959
2008-03-05,32.3424
2008-03-06,31.405468
2008-03-07,31.265282
2008-03-10,30.741491
2008-03-11,31.892368
2008-03-12,31.553003
2008-03-13,31.766951
2008-03-14,31.169392
2008-03-17,30.601326
2008-03-18,31.870239
2008-03-19,31.184139
2008-03-20,31.846998
2008-03-24,32.646877
2008-03-25,32.802406
2008-03-26,32.298775
2008-03-27,31.987715
2008-03-28,31.64703
2008-03-31,31.706295
2008-04-01,33.128277
2008-04-02,33.217171
2008-04-03,33.239376
2008-04-04,33.328255
2008-04-07,33.224564
2008-04-08,33.120876
2008-04-09,32.713551
2008-04-10,32.787605
2008-04-11,32.232124
2008-04-14,32.083992
2008-04-15,32.202511
2008-04-16,33.076443
2008-04-17,33.054218
2008-04-18,33.587486
2008-04-21,33.535625
2008-04-22,33.113487
2008-04-23,33.20974
2008-04-24,33.461575
2008-04-25,33.839298
2008-04-28,33.876305
2008-04-29,33.824478
2008-04-30,33.520809
2008-05-01,34.261436
2008-05-02,34.357731
2008-05-05,34.165173
2008-05-06,34.45401
2008-05-07,33.898533
2008-05-08,33.898533
2008-05-09,33.743
2008-05-12,34.27626
2008-05-13,34.320705
2008-05-14,34.498455
2008-05-15,34.935421
2008-05-16,34.935421
2008-05-19,34.883583
2008-05-20,34.624348
2008-05-21,33.987404
2008-05-22,34.068886
2008-05-23,33.609692
2008-05-27,33.935574
2008-05-28,34.15036
2008-05-29,34.335503
2008-05-30,34.409573
2008-06-02,34.031857
2008-06-03,33.913361
2008-06-04,33.898533
2008-06-05,34.483627
2008-06-06,33.32085
2008-06-09,33.328255
2008-06-10,33.194946
2008-06-11,32.535793
2008-06-12,32.683907
2008-06-13,33.27639
2008-06-16,33.328255
2008-06-17,33.00238
2008-06-18,32.654278
2008-06-19,32.869072
2008-06-20,32.249207
2008-06-23,32.041107
2008-06-24,31.951899
2008-06-25,32.18232
2008-06-26,31.216106
2008-06-27,31.178934
2008-06-30,31.022858
2008-07-01,31.089737
2008-07-02,30.450556
2008-07-03,30.264751
2008-07-07,30.056643
2008-07-08,30.792446
2008-07-09,30.019484
2008-07-10,30.019484
2008-07-11,29.789076
2008-07-14,29.253948
2008-07-15,29.038414
2008-07-16,30.056643
2008-07-17,30.673521
2008-07-18,30.651236
2008-07-21,30.621508
2008-07-22,31.134333
2008-07-23,31.41678
2008-07-24,30.465439
2008-07-25,30.495155
2008-07-28,29.930285
2008-07-29,30.80732
2008-07-30,31.245831
2008-07-31,30.866776
2008-08-01,30.680969
2008-08-04,30.480291
2008-08-05,31.401928
2008-08-06,31.52083
2008-08-07,30.93368
2008-08-08,31.795834
2008-08-11,32.212051
2008-08-12,31.728939
2008-08-13,31.587738
2008-08-14,31.959347
2008-08-15,32.197186
2008-08-18,31.654604
2008-08-19,31.17152
2008-08-20,31.253258
2008-08-21,31.104603
2008-08-22,31.706638
2008-08-25,31.067453
2008-08-26,31.119478
2008-08-27,31.476227
2008-08-28,32.048534
2008-08-29,31.780956
2008-09-02,31.810692
2008-09-03,31.632328
2008-09-04,30.777586
2008-09-05,31.060015
2008-09-08,31.706638
2008-09-09,30.5769
2008-09-10,30.695845
2008-09-11,31.089737
2008-09-12,31.230963
2008-09-15,29.930285
2008-09-16,30.197868
2008-09-17,28.822868
2008-09-18,30.071507
2008-09-19,31.207838
2008-09-22,30.0058
2008-09-23,29.542915
2008-09-24,29.93116
2008-09-25,29.901285
2008-09-26,29.86396
2008-09-29,27.549488
2008-09-30,28.318487
2008-10-01,28.273708
2008-10-02,27.026871
2008-10-03,26.34
2008-10-06,25.414232
2008-10-07,23.704515
2008-10-08,23.502935
2008-10-09,21.800686
2008-10-10,21.509512
2008-10-13,23.891172
2008-10-14,23.674652
2008-10-15,21.561766
2008-10-16,22.226248
2008-10-17,21.875351
2008-10-20,23.219217
2008-10-21,22.420366
2008-10-22,20.986889
2008-10-23,20.852514
2008-10-24,20.016315
2008-10-27,19.038275
2008-10-28,21.315399
2008-10-29,21.233273
2008-10-30,21.935081
2008-10-31,22.397964
2008-11-03,22.353167
2008-11-04,23.234156
2008-11-05,21.987337
2008-11-06,20.845045
2008-11-07,21.434845
2008-11-10,21.03916
2008-11-11,20.397085
2008-11-12,19.36677
2008-11-13,20.695715
2008-11-14,19.747536
2008-11-17,19.157728
2008-11-18,19.120392
2008-11-19,17.881044
2008-11-20,16.664093
2008-11-21,17.604801
2008-11-24,18.87402
2008-11-25,19.150257
2008-11-26,20.031242
2008-11-28,20.240292
2008-12-01,18.403658
2008-12-02,19.097996
2008-12-03,19.620617
2008-12-04,19.008402
2008-12-05,19.740074
2008-12-08,20.456804
2008-12-09,20.202963
2008-12-10,20.456804
2008-12-11,19.911797
2008-12-12,20.068581
2008-12-15,19.695272
2008-12-16,20.889832
2008-12-17,20.777845
2008-12-18,20.412016
2008-12-19,20.526846
2008-12-22,19.8964
2008-12-23,19.603693
2008-12-24,19.716276
2008-12-26,19.971451
2008-12-29,19.738789
2008-12-30,20.361734
2008-12-31,20.864584
2009-01-02,21.577574
2009-01-05,21.690161
2009-01-06,22.19301
2009-01-07,21.457493
2009-01-08,21.630114
2009-01-09,21.059719
2009-01-12,20.376736
2009-01-13,20.384245
2009-01-14,19.611206
2009-01-15,19.746296
2009-01-16,20.016495
2009-01-20,18.733091
2009-01-21,19.64122
2009-01-22,19.220926
2009-01-23,19.40856
2009-01-26,19.483616
2009-01-27,19.746296
2009-01-28,20.549356
2009-01-29,19.746296
2009-01-30,19.123356
2009-02-02,19.078337
2009-02-03,19.393547
2009-02-04,19.288485
2009-02-05,19.671242
2009-02-06,20.271666
2009-02-09,20.309189
2009-02-10,19.228434
2009-02-11,19.401052
2009-02-12,19.491114
2009-02-13,19.295986
2009-02-17,18.297783
2009-02-18,18.162689
2009-02-19,17.915018
2009-02-20,17.757412
2009-02-23,17.066923
2009-02-24,17.83997
2009-02-25,17.629816
2009-02-26,17.292091
2009-02-27,16.976858
2009-03-02,16.053722
2009-03-03,15.888601
2009-03-04,16.383949
2009-03-05,15.633422
2009-03-06,15.565875
2009-03-09,15.453304
2009-03-10,16.534052
2009-03-11,16.624119
2009-03-12,17.292091
2009-03-13,17.487217
2009-03-16,17.367142
2009-03-17,17.967556
2009-03-18,18.620516
2009-03-19,18.447891
2009-03-20,17.884237
2009-03-23,19.372705
2009-03-24,18.957144
2009-03-25,19.168697
2009-03-26,19.780708
2009-03-27,19.36515
2009-03-30,18.473576
2009-03-31,18.715364
2009-04-01,19.115808
2009-04-02,19.954487
2009-04-03,20.339827
2009-04-06,20.045158
2009-04-07,19.440699
2009-04-08,19.841148
2009-04-09,21.042503
2009-04-13,21.102947
2009-04-14,20.558943
2009-04-15,20.936722
2009-04-16,21.420288
2009-04-17,21.76029
2009-04-20,20.513603
2009-04-21,21.118055
2009-04-22,21.163397
2009-04-23,21.405169
2009-04-24,21.918959
2009-04-27,21.518509
2009-04-28,21.427843
2009-04-29,22.100292
2009-04-30,22.213633
2009-05-01,22.32696
2009-05-04,23.369648
2009-05-05,23.33942
2009-05-06,23.792753
2009-05-07,23.248758
2009-05-08,24.215879
2009-05-11,23.505646
2009-05-12,23.158089
2009-05-13,22.138079
2009-05-14,22.553635
2009-05-15,22.236294
2009-05-18,23.188307
2009-05-19,23.233646
2009-05-20,23.074978
2009-05-21,22.614077
2009-05-22,22.568747
2009-05-26,23.28653
2009-05-27,22.818081
2009-05-28,23.142979
2009-05-29,23.64921
2009-06-01,24.502993
2009-06-02,24.502993
2009-06-03,23.966543
2009-06-04,24.457664
2009-06-05,24.450108
2009-06-08,24.15543
2009-06-09,24.397203
2009-06-10,24.661661
2009-06-11,24.427441
2009-06-12,24.412331
2009-06-15,23.686981
2009-06-16,23.294088
2009-06-17,23.173203
2009-06-18,23.248758
2009-06-19,23.419386
2009-06-22,22.585152
2009-06-23,22.577572
2009-06-24,22.835428
2009-06-25,23.41181
2009-06-26,23.328386
2009-06-29,23.571075
2009-06-30,23.366304
2009-07-01,23.51799
2009-07-02,22.767168
2009-07-06,22.698914
2009-07-07,22.168022
2009-07-08,22.084614
2009-07-09,22.259045
2009-07-10,22.183199
2009-07-13,22.698914
2009-07-14,22.941601
2009-07-15,23.669668
2009-07-16,23.935116
2009-07-17,23.882013
2009-07-20,24.268806
2009-07-21,24.253628
2009-07-22,24.329477
2009-07-23,25.012028
2009-07-24,25.201632
2009-07-27,25.368477
2009-07-28,25.277477
2009-07-29,25.11062
2009-07-30,25.504995
2009-07-31,25.512575
2009-08-03,26.051041
2009-08-04,26.210316
2009-08-05,26.164808
2009-08-06,26.028296
2009-08-07,26.627426
2009-08-10,26.483328
2009-08-11,26.126881
2009-08-12,26.490919
2009-08-13,26.75635
2009-08-14,26.407492
2009-08-17,25.664263
2009-08-18,25.967627
2009-08-19,26.149633
2009-08-20,26.452995
2009-08-21,27.014214
2009-08-24,26.938366
2009-08-25,27.090054
2009-08-26,27.173491
2009-08-27,27.218975
2009-08-28,27.317566
2009-08-31,26.95355
2009-09-01,26.217892
2009-09-02,26.088972
2009-09-03,26.460577
2009-09-04,26.771517
2009-09-08,27.082478
2009-09-09,27.446503
2009-09-10,27.810518
2009-09-11,27.833284
2009-09-14,28.075964
2009-09-15,28.333826
2009-09-16,28.887457
2009-09-17,28.713024
2009-09-18,28.75107
2009-09-21,28.674988
2009-09-22,28.87281
2009-09-23,28.553247
2009-09-24,28.081554
2009-09-25,27.868519
2009-09-28,28.446754
2009-09-29,28.469574
2009-09-30,28.378277
2009-10-01,27.472898
2009-10-02,27.320734
2009-10-05,27.792446
2009-10-06,28.188066
2009-10-07,28.241316
2009-10-08,28.583702
2009-10-09,28.728254
2009-10-12,28.849977
2009-10-13,28.789118
2009-10-14,29.321686
2009-10-15,29.420584
2009-10-16,29.169525
2009-10-19,29.466242
2009-10-20,29.253212
2009-10-21,28.948877
2009-10-22,29.344498
2009-10-23,28.888025
2009-10-26,28.515223
2009-10-27,28.271753
2009-10-28,27.495729
2009-10-29,28.172844
2009-10-30,27.328346
2009-11-02,27.495729
2009-11-03,27.739189
2009-11-04,27.693539
2009-11-05,28.317408
2009-11-06,28.355448
2009-11-09,29.108652
2009-11-10,28.994537
2009-11-11,29.169525
2009-11-12,28.811932
2009-11-13,28.994537
2009-11-16,29.466242
2009-11-17,29.473852
2009-11-18,29.390154
2009-11-19,28.926056
2009-11-20,28.781509
2009-11-23,29.101048
2009-11-24,29.09343
2009-11-25,29.329287
2009-11-27,28.74346
2009-11-30,28.84236
2009-12-01,29.207544
2009-12-02,29.374943
2009-12-03,29.078217
2009-12-04,29.374943
2009-12-07,29.352114
2009-12-08,29.101048
2009-12-09,29.154291
2009-12-10,29.367315
2009-12-11,29.542305
2009-12-14,29.915106
2009-12-15,29.793377
2009-12-16,29.922712
2009-12-17,29.557528
2009-12-18,29.684235
2009-12-21,30.073513
2009-12-22,30.226154
2009-12-23,30.41699
2009-12-24,30.569658
2009-12-28,30.577293
2009-12-29,30.500956
2009-12-30,30.508587
2009-12-31,30.172737
2010-01-04,30.66889
2010-01-05,30.844431
2010-01-06,30.958935
2010-01-07,31.111576
2010-01-08,31.218437
2010-01-11,31.241346
2010-01-12,30.882586
2010-01-13,31.2108
2010-01-14,31.256596
2010-01-15,30.890217
2010-01-19,31.3253
2010-01-20,30.951286
2010-01-21,30.432264
2010-01-22,29.691875
2010-01-25,29.875061
2010-01-26,29.768202
2010-01-27,29.852165
2010-01-28,29.539215
2010-01-29,29.172844
2010-02-01,29.668962
2010-02-02,30.11931
2010-02-03,29.920853
2010-02-04,28.920946
2010-02-05,28.997284
2010-02-08,28.775913
2010-02-09,29.218632
2010-02-10,29.149933
2010-02-11,29.470514
2010-02-12,29.447624
2010-02-16,29.981897
2010-02-17,30.172737
2010-02-18,30.378822
2010-02-19,30.516209
2010-02-22,30.493319
2010-02-23,30.058231
2010-02-24,30.363554
2010-02-25,30.41699
2010-02-26,30.394079
2010-03-01,30.897858
2010-03-02,30.981806
2010-03-03,31.081055
2010-03-04,31.111576
2010-03-05,31.63825
2010-03-08,31.699305
2010-03-09,31.699305
2010-03-10,31.913031
2010-03-11,31.996992
2010-03-12,32.012268
2010-03-15,31.996992
2010-03-16,32.325207
2010-03-17,32.584736
2010-03-18,32.439697
2010-03-19,32.275124
2010-03-22,32.489471
2010-03-23,32.742092
2010-03-24,32.497112
2010-03-25,32.359318
2010-03-26,32.412899
2010-03-29,32.673203
2010-03-30,32.696152
2010-03-31,32.588993
2010-04-01,32.856918
2010-04-05,33.285614
2010-04-06,33.354523
2010-04-07,33.14782
2010-04-08,33.193741
2010-04-09,33.438736
2010-04-12,33.49231
2010-04-13,33.545914
2010-04-14,33.982269
2010-04-15,33.982269
2010-04-16,33.42342
2010-04-19,33.431065
2010-04-20,33.882744
2010-04-21,33.951641
2010-04-22,34.227238
2010-04-23,34.510468
2010-04-26,34.387993
2010-04-27,33.461697
2010-04-28,33.645428
2010-04-29,34.1124
2010-04-30,33.454056
2010-05-03,33.943977
2010-05-04,33.025341
2010-05-05,32.780361
2010-05-06,31.578465
2010-05-07,31.073198
2010-05-10,32.680855
2010-05-11,32.566021
2010-05-12,33.163136
2010-05-13,32.757401
2010-05-14,32.060753
2010-05-17,32.091377
2010-05-18,31.670324
2010-05-19,31.387085
2010-05-20,30.13925
2010-05-21,30.636854
2010-05-24,30.246435
2010-05-25,30.330652
2010-05-26,30.238775
2010-05-27,31.364111
2010-05-28,30.989
2010-06-01,30.238775
2010-06-02,31.13446
2010-06-03,31.318167
2010-06-04,30.047382
2010-06-07,29.557451
2010-06-08,29.833038
2010-06-09,29.802431
2010-06-10,30.82058
2010-06-11,31.027285
2010-06-14,31.027285
2010-06-15,31.815788
2010-06-16,31.785166
2010-06-17,31.785166
2010-06-18,31.784395
2010-06-21,31.638445
2010-06-22,31.047014
2010-06-23,30.962515
2010-06-24,30.386427
2010-06-25,30.563114
2010-06-28,30.470928
2010-06-29,29.372532
2010-06-30,29.034571
2010-07-01,28.973122
2010-07-02,28.796442
2010-07-06,28.873259
2010-07-07,29.84877
2010-07-08,30.156
2010-07-09,30.432531
2010-07-12,30.371082
2010-07-13,30.95483
2010-07-14,30.893385
2010-07-15,30.947157
2010-07-16,29.971668
2010-07-19,30.209764
2010-07-20,30.655283
2010-07-21,30.186724
2010-07-22,30.947157
2010-07-23,31.32353
2010-07-26,31.753664
2010-07-27,31.577009
2010-07-28,31.292789
2010-07-29,31.139183
2010-07-30,31.169903
2010-08-02,31.868872
2010-08-03,31.607737
2010-08-04,31.884249
2010-08-05,31.83816
2010-08-06,31.692217
2010-08-09,31.914963
2010-08-10,31.661493
2010-08-11,30.670639
2010-08-12,30.48629
2010-08-13,30.378757
2010-08-16,30.355715
2010-08-17,30.854984
2010-08-18,30.916422
2010-08-19,30.378757
2010-08-20,30.317299
2010-08-23,30.163685
2010-08-24,29.718174
2010-08-25,29.833401
2010-08-26,29.64138
2010-08-27,30.179039
2010-08-30,29.695141
2010-08-31,29.687456
2010-09-01,30.616863
2010-09-02,31.016277
2010-09-03,31.454109
2010-09-07,31.054688
2010-09-08,31.262083
2010-09-09,31.369621
2010-09-10,31.538616
2010-09-13,31.914963
2010-09-14,31.922646
2010-09-15,32.030182
2010-09-16,31.961058
2010-09-17,32.001965
2010-09-20,32.588596
2010-09-21,32.418789
2010-09-22,32.202663
2010-09-23,31.955669
2010-09-24,32.696655
2010-09-27,32.573154
2010-09-28,32.804726
2010-09-29,32.766144
2010-09-30,32.712105
2010-10-01,32.804726
2010-10-04,32.542282
2010-10-05,33.236977
2010-10-06,33.121193
2010-10-07,33.105755
2010-10-08,33.360474
2010-10-11,33.453102
2010-10-12,33.568897
2010-10-13,33.839039
2010-10-14,33.66922
2010-10-15,33.700108
2010-10-18,33.815895
2010-10-19,33.321877
2010-10-20,33.653782
2010-10-21,33.676937
2010-10-22,33.800449
2010-10-25,33.923943
2010-10-26,33.862194
2010-10-27,33.777283
2010-10-28,33.754131
2010-10-29,33.877636
2010-11-01,33.823601
2010-11-02,34.147793
2010-11-03,34.232685
2010-11-04,34.927372
2010-11-05,35.104893
2010-11-08,35.066292
2010-11-09,34.718979
2010-11-10,34.865623
2010-11-11,34.850197
2010-11-12,34.387058
2010-11-15,34.333035
2010-11-16,33.746414
2010-11-17,33.823601
2010-11-18,34.309902
2010-11-19,34.471977
2010-11-22,34.526005
2010-11-23,34.047421
2010-11-24,34.63406
2010-11-26,34.379349
2010-11-29,34.294437
2010-11-30,34.155521
2010-12-01,34.919662
2010-12-02,35.429104
2010-12-03,35.56805
2010-12-06,35.544891
2010-12-07,35.552608
2010-12-08,35.645214
2010-12-09,35.799599
2010-12-10,36.031143
2010-12-13,35.977146
2010-12-14,35.977146
2010-12-15,35.830479
2010-12-16,36.085194
2010-12-17,36.217556
2010-12-20,36.33366
2010-12-21,36.5891
2010-12-22,36.674252
2010-12-23,36.5891
2010-12-27,36.612316
2010-12-28,36.612316
2010-12-29,36.6278
2010-12-30,36.643257
2010-12-31,36.620052
2011-01-03,36.991611
2011-01-04,36.813572
2011-01-05,37.007092
2011-01-06,36.92968
2011-01-07,36.860004
2011-01-10,36.844536
2011-01-11,37.02256
2011-01-12,37.363148
2011-01-13,37.316696
2011-01-14,37.533432
2011-01-18,37.69598
2011-01-19,37.2006
2011-01-20,37.12318
2011-01-21,37.130928
2011-01-24,37.370865
2011-01-25,37.347664
2011-01-26,37.626331
2011-01-27,37.804348
2011-01-28,37.05352
2011-01-31,37.394089
2011-02-01,37.928192
2011-02-02,37.858528
2011-02-03,38.059776
2011-02-04,38.237823
2011-02-07,38.485512
2011-02-08,38.648048
2011-02-09,38.555172
2011-02-10,38.66354
2011-02-11,38.965416
2011-02-14,39.027344
2011-02-15,38.888012
2011-02-16,39.205368
2011-02-17,39.39114
2011-02-18,39.437565
2011-02-22,38.508739
2011-02-23,38.1604
2011-02-24,38.17588
2011-02-25,38.709995
2011-02-28,38.895744
2011-03-01,38.2146
2011-03-02,38.330704
2011-03-03,39.027344
2011-03-04,38.771912
2011-03-07,38.392632
2011-03-08,38.74868
2011-03-09,38.679024
2011-03-10,37.935925
2011-03-11,38.291996
2011-03-14,38.052036
2011-03-15,37.703712
2011-03-16,37.076752
2011-03-17,37.479237
2011-03-18,37.704647
2011-03-21,38.2565
2011-03-22,38.077736
2011-03-23,38.225414
2011-03-24,38.637371
2011-03-25,38.777271
2011-03-28,38.621826
2011-03-29,38.886089
2011-03-30,39.251411
2011-03-31,39.220295
2011-04-01,39.42239
2011-04-04,39.430168
2011-04-05,39.531208
2011-04-06,39.616695
2011-04-07,39.531208
2011-04-08,39.290245
2011-04-11,39.134796
2011-04-12,38.878304
2011-04-13,38.917164
2011-04-14,38.96381
2011-04-15,39.220295
2011-04-18,38.730614
2011-04-19,38.932713
2011-04-20,39.546749
2011-04-21,39.764385
2011-04-25,39.709984
2011-04-26,40.028637
2011-04-27,40.23074
2011-04-28,40.370628
2011-04-29,40.448372
2011-05-02,40.370628
2011-05-03,40.145237
2011-05-04,39.857651
2011-05-05,39.655579
2011-05-06,39.818806
2011-05-09,40.028637
2011-05-10,40.471684
2011-05-11,40.044178
2011-05-12,40.308449
2011-05-13,39.974232
2011-05-16,39.741066
2011-05-17,39.671101
2011-05-18,40.083065
2011-05-19,40.184097
2011-05-20,39.904297
2011-05-23,39.375755
2011-05-24,39.313576
2011-05-25,39.445713
2011-05-26,39.66333
2011-05-27,39.857651
2011-05-31,40.199638
2011-06-01,39.251411
2011-06-02,39.212524
2011-06-03,38.722858
2011-06-06,38.225414
2011-06-07,38.31868
2011-06-08,38.038883
2011-06-09,38.31868
2011-06-10,37.751286
2011-06-13,37.727974
2011-06-14,38.334217
2011-06-15,37.650246
2011-06-16,37.650246
2011-06-17,37.814018
2011-06-20,38.071354
2011-06-21,38.679623
2011-06-22,38.46125
2011-06-23,38.38327
2011-06-24,37.962185
2011-06-27,38.219536
2011-06-28,38.765408
2011-06-29,39.108532
2011-06-30,39.475052
2011-07-01,40.075531
2011-07-05,39.981937
2011-07-06,40.005333
2011-07-07,40.488831
2011-07-08,40.130119
2011-07-11,39.28009
2011-07-12,39.116333
2011-07-13,39.20211
2011-07-14,38.804398
2011-07-15,39.022751
2011-07-18,38.554855
2011-07-19,39.233315
2011-07-20,39.217705
2011-07-21,39.732395
2011-07-22,39.771385
2011-07-25,39.521835
2011-07-26,39.342487
2011-07-27,38.406658
2011-07-28,38.235126
2011-07-29,38.047958
2011-08-01,37.759415
2011-08-02,36.613068
2011-08-03,36.839214
2011-08-04,34.889648
2011-08-05,34.757076
2011-08-08,32.20702
2011-08-09,33.836868
2011-08-10,32.386372
2011-08-11,34.047428
2011-08-12,34.234589
2011-08-15,35.069008
2011-08-16,34.655701
2011-08-17,34.593315
2011-08-18,32.916672
2011-08-19,32.370789
2011-08-22,32.41758
2011-08-23,33.595127
2011-08-24,34.102005
2011-08-25,33.454758
2011-08-26,34.055225
2011-08-29,35.232765
2011-08-30,35.380928
2011-08-31,35.630486
2011-09-01,35.139187
2011-09-02,34.117619
2011-09-06,33.89146
2011-09-07,35.022209
2011-09-08,34.554321
2011-09-09,33.610718
2011-09-12,33.821266
2011-09-13,34.22678
2011-09-14,34.757076
2011-09-15,35.334141
2011-09-16,35.482872
2011-09-19,35.021049
2011-09-20,34.872318
2011-09-21,33.635536
2011-09-22,32.516182
2011-09-23,32.743206
2011-09-26,33.557259
2011-09-27,34.011269
2011-09-28,33.071957
2011-09-29,33.345905
2011-09-30,32.406597
2011-10-03,31.224615
2011-10-04,32.140457
2011-10-05,32.868435
2011-10-06,33.627716
2011-10-07,33.251991
2011-10-10,34.4105
2011-10-11,34.457443
2011-10-12,34.825352
2011-10-13,34.723591
2011-10-14,35.326317
2011-10-17,34.520065
2011-10-18,35.34198
2011-10-19,34.895802
2011-10-20,35.060181
2011-10-21,35.905563
2011-10-24,36.578747
2011-10-25,35.749012
2011-10-26,36.1404
2011-10-27,37.604176
2011-10-28,37.627663
2011-10-31,36.641373
2011-11-01,35.50634
2011-11-02,36.179531
2011-11-03,36.899673
2011-11-04,36.758789
2011-11-07,36.931
2011-11-08,37.345856
2011-11-09,35.811646
2011-11-10,36.132568
2011-11-11,36.931
2011-11-14,36.594406
2011-11-15,36.75095
2011-11-16,36.116917
2011-11-17,35.435909
2011-11-18,35.365456
2011-11-21,34.715755
2011-11-22,34.520065
2011-11-23,33.698162
2011-11-25,33.627716
2011-11-28,34.684464
2011-11-29,34.754913
2011-11-30,36.320438
2011-12-01,36.296959
2011-12-02,36.257812
2011-12-05,36.688339
2011-12-06,36.66486
2011-12-07,36.711823
2011-12-08,35.78817
2011-12-09,36.461334
2011-12-12,35.8899
2011-12-13,35.349812
2011-12-14,34.942749
2011-12-15,35.10714
2011-12-16,35.198315
2011-12-19,34.710991
2011-12-20,35.858593
2011-12-21,35.992218
2011-12-22,36.400944
2011-12-23,36.691761
2011-12-27,36.676064
2011-12-28,36.157272
2011-12-29,36.542427
2011-12-30,36.377361
2012-01-03,36.935452
2012-01-04,36.903999
2012-01-05,37.053349
2012-01-06,37.006195
2012-01-09,37.108387
2012-01-10,37.587849
2012-01-11,37.64286
2012-01-12,37.800076
2012-01-13,37.572113
2012-01-17,37.650711
2012-01-18,38.200958
2012-01-19,38.491776
2012-01-20,38.444626
2012-01-23,38.468208
2012-01-24,38.531101
2012-01-25,38.916241
2012-01-26,38.656864
2012-01-27,38.672565
2012-01-30,38.452473
2012-01-31,38.444626
2012-02-01,38.947681
2012-02-02,39.002693
2012-02-03,39.647243
2012-02-06,39.584358
2012-02-07,39.662964
2012-02-08,39.788727
2012-02-09,39.835888
2012-02-10,39.529335
2012-02-13,39.765148
2012-02-14,39.702282
2012-02-15,39.584358
2012-02-16,40.079563
2012-02-17,40.189606
2012-02-21,40.071693
2012-02-22,39.890911
2012-02-23,40.12672
2012-02-24,40.173889
2012-02-27,40.221035
2012-02-28,40.260349
2012-02-29,39.985237
2012-03-01,40.228901
2012-03-02,40.04026
2012-03-05,39.788727
2012-03-06,39.097015
2012-03-07,39.419289
2012-03-08,39.890911
2012-03-09,40.158165
2012-03-12,40.055981
2012-03-13,40.810551
2012-03-14,40.708382
2012-03-15,41.038513
2012-03-16,41.086617
2012-03-19,41.197052
2012-03-20,40.991978
2012-03-21,40.944653
2012-03-22,40.589714
2012-03-23,40.755348
2012-03-26,41.26804
2012-03-27,41.173382
2012-03-28,40.834217
2012-03-29,40.794777
2012-03-30,40.913105
2012-04-02,41.228607
2012-04-03,41.078735
2012-04-04,40.605488
2012-04-05,40.487167
2012-04-09,39.958702
2012-04-10,39.225155
2012-04-11,39.587997
2012-04-12,40.234768
2012-04-13,39.761497
2012-04-16,39.769405
2012-04-17,40.329422
2012-04-18,40.163776
2012-04-19,39.998131
2012-04-20,40.069118
2012-04-23,39.643177
2012-04-24,39.793056
2012-04-25,40.282093
2012-04-26,40.605488
2012-04-27,40.723785
2012-04-30,40.605488
2012-05-01,40.865768
2012-05-02,40.755348
2012-05-03,40.345184
2012-05-04,39.706303
2012-05-07,39.666866
2012-05-08,39.438114
2012-05-09,39.272484
2012-05-10,39.296131
2012-05-11,39.248817
2012-05-14,38.783424
2012-05-15,38.507374
2012-05-16,38.254978
2012-05-17,37.505646
2012-05-18,37.150711
2012-05-21,37.892143
2012-05-22,37.963116
2012-05-23,38.089336
2012-05-24,38.128773
2012-05-25,38.128773
2012-05-29,38.594135
2012-05-30,37.892143
2012-05-31,37.765938
2012-06-01,36.716885
2012-06-04,36.637997
2012-06-05,37.000832
2012-06-06,37.884247
2012-06-07,37.844814
2012-06-08,38.136665
2012-06-11,37.552952
2012-06-12,37.994678
2012-06-13,37.655506
2012-06-14,38.034126
2012-06-15,38.471355
2012-06-18,38.574306
2012-06-19,39.041634
2012-06-20,38.994122
2012-06-21,37.988174
2012-06-22,38.273312
2012-06-25,37.592136
2012-06-26,37.798077
2012-06-27,38.154507
2012-06-28,38.170357
2012-06-29,39.223812
2012-07-02,39.318871
2012-07-03,39.675323
2012-07-05,39.50898
2012-07-06,39.073334
2012-07-09,38.851532
2012-07-10,38.439663
2012-07-11,38.447582
2012-07-12,38.225803
2012-07-13,38.835697
2012-07-16,38.685204
2012-07-17,38.96244
2012-07-18,39.303032
2012-07-19,39.42976
2012-07-20,38.994122
2012-07-23,38.526806
2012-07-24,38.106987
2012-07-25,38.122818
2012-07-26,38.788166
2012-07-27,39.596104
2012-07-30,39.556492
2012-07-31,39.271347
2012-08-01,39.128765
2012-08-02,38.827793
2012-08-03,39.643631
2012-08-06,39.833721
2012-08-07,40.229763
2012-08-08,40.340664
2012-08-09,40.404018
2012-08-10,40.45948
2012-08-13,40.411945
2012-08-14,40.332737
2012-08-15,40.483231
2012-08-16,40.831738
2012-08-17,40.91095
2012-08-20,40.871349
2012-08-21,40.831738
2012-08-22,40.776306
2012-08-23,40.404018
2012-08-24,40.617882
2012-08-27,40.53867
2012-08-28,40.514912
2012-08-29,40.60997
2012-08-30,40.293129
2012-08-31,40.475319
2012-09-04,40.443615
2012-09-05,40.404018
2012-09-06,41.275299
2012-09-07,41.560452
2012-09-10,41.346596
2012-09-11,41.576302
2012-09-12,41.734711
2012-09-13,42.344612
2012-09-14,42.669376
2012-09-17,42.360447
2012-09-18,42.2258
2012-09-19,42.320854
2012-09-20,42.209969
2012-09-21,42.192463
2012-09-24,42.057289
2012-09-25,41.516567
2012-09-26,41.254162
2012-09-27,41.627895
2012-09-28,41.492706
2012-10-01,41.548359
2012-10-02,41.627895
2012-10-03,41.71534
2012-10-04,42.089085
2012-10-05,42.120907
2012-10-08,42.025478
2012-10-09,41.627895
2012-10-10,41.34161
2012-10-11,41.516567
2012-10-12,41.317764
2012-10-15,41.619942
2012-10-16,42.105007
2012-10-17,42.335606
2012-10-18,42.351501
2012-10-19,41.675591
2012-10-22,41.643787
2012-10-23,41.150772
2012-10-24,40.951977
2012-10-25,41.111019
2012-10-26,41.071259
2012-10-31,41.150772
2012-11-01,41.739216
2012-11-02,41.333668
2012-11-05,41.484753
2012-11-06,41.850544
2012-11-07,40.999695
2012-11-08,40.458965
2012-11-09,40.48283
2012-11-12,40.514626
2012-11-13,40.387405
2012-11-14,39.83873
2012-11-15,39.83873
2012-11-16,40.069321
2012-11-19,40.792934
2012-11-20,40.816811
2012-11-21,40.912231
2012-11-23,41.405247
2012-11-26,41.28595
2012-11-27,41.126923
2012-11-28,41.492706
2012-11-29,41.627895
2012-11-30,41.675591
2012-12-03,41.500668
2012-12-04,41.460903
2012-12-05,41.627895
2012-12-06,41.747154
2012-12-07,41.953918
2012-12-10,42.049343
2012-12-11,42.287891
2012-12-12,42.311745
2012-12-13,42.097042
2012-12-14,42.017521
2012-12-17,42.518486
2012-12-18,43.051266
2012-12-19,42.844517
2012-12-20,43.051266
2012-12-21,42.724339
2012-12-24,42.580463
2012-12-26,42.340645
2012-12-27,42.252731
2012-12-28,41.821087
2012-12-31,42.620419
2013-01-02,43.643581
2013-01-03,43.619598
2013-01-04,43.971306
2013-01-07,43.80344
2013-01-08,43.619598
2013-01-09,43.771473
2013-01-10,44.035252
2013-01-11,44.051239
2013-01-14,44.075222
2013-01-15,44.259071
2013-01-16,44.195114
2013-01-17,44.586784
2013-01-18,44.714668
2013-01-22,45.042404
2013-01-23,44.994453
2013-01-24,45.194283
2013-01-25,45.522007
2013-01-28,45.418102
2013-01-29,45.545975
2013-01-30,45.410095
2013-01-31,45.394108
2013-02-01,45.809761
2013-02-04,45.354141
2013-02-05,45.737827
2013-02-06,45.88969
2013-02-07,45.793785
2013-02-08,46.017601
2013-02-11,46.033592
2013-02-12,46.185448
2013-02-13,46.193447
2013-02-14,46.305367
2013-02-15,46.265392
2013-02-19,46.585114
2013-02-20,45.84174
2013-02-21,45.418102
2013-02-22,45.865726
2013-02-25,44.954498
2013-02-26,45.258232
2013-02-27,45.88969
2013-02-28,45.833748
2013-03-01,46.025585
2013-03-04,46.201439
2013-03-05,46.689041
2013-03-06,46.736992
2013-03-07,46.872875
2013-03-08,47.176624
2013-03-11,47.320499
2013-03-12,47.3125
2013-03-13,47.432423
2013-03-14,47.704174
2013-03-15,47.641624
2013-03-18,47.328827
2013-03-19,47.136345
2013-03-20,47.537361
2013-03-21,47.112282
2013-03-22,47.352886
2013-03-25,47.256649
2013-03-26,47.601521
2013-03-27,47.601521
2013-03-28,47.834114
2013-04-01,47.585472
2013-04-02,47.585472
2013-04-03,47.048122
2013-04-04,47.296749
2013-04-05,47.128323
2013-04-08,47.537361
2013-04-09,47.713806
2013-04-10,48.283272
2013-04-11,48.523872
2013-04-12,48.32336
2013-04-15,47.040092
2013-04-16,47.745888
2013-04-17,46.959888
2013-04-18,46.735321
2013-04-19,47.1604
2013-04-22,47.368927
2013-04-23,47.858162
2013-04-24,48.082756
2013-04-25,48.347431
2013-04-26,48.187027
2013-04-29,48.459717
2013-04-30,48.64418
2013-05-01,48.146912
2013-05-02,48.64418
2013-05-03,49.221653
2013-05-06,49.390087
2013-05-07,49.702904
2013-05-08,49.943497
2013-05-09,49.799137
2013-05-10,50.111938
2013-05-13,50.047775
2013-05-14,50.633259
2013-05-15,50.962109
2013-05-16,50.641281
2013-05-17,51.226776
2013-05-20,51.250839
2013-05-21,51.298946
2013-05-22,50.665333
2013-05-23,50.593166
2013-05-24,50.424728
2013-05-28,50.777641
2013-05-29,50.416714
2013-05-30,50.657322
2013-05-31,49.951527
2013-06-03,50.071831
2013-06-04,49.839241
2013-06-05,49.109379
2013-06-06,49.566551
2013-06-07,50.27235
2013-06-10,50.24828
2013-06-11,49.694885
2013-06-12,49.205608
2013-06-13,50.087879
2013-06-14,49.823196
2013-06-17,50.240242
2013-06-18,50.633259
2013-06-19,49.895393
2013-06-20,48.628139
2013-06-21,48.716713
2013-06-24,48.112801
2013-06-25,48.668392
2013-06-26,49.103233
2013-06-27,49.570274
2013-06-28,49.336761
2013-07-01,49.771595
2013-07-02,49.642746
2013-07-03,49.602486
2013-07-05,50.166153
2013-07-08,50.391605
2013-07-09,50.818386
2013-07-10,50.890862
2013-07-11,51.63168
2013-07-12,51.760513
2013-07-15,51.88131
2013-07-16,51.623623
2013-07-17,51.744411
2013-07-18,52.122871
2013-07-19,52.219498
2013-07-22,52.332233
2013-07-23,52.211445
2013-07-24,51.841034
2013-07-25,52.114811
2013-07-26,52.098701
2013-07-29,51.913506
2013-07-30,52.018192
2013-07-31,52.114811
2013-08-01,52.87978
2013-08-02,52.960312
2013-08-05,52.920036
2013-08-06,52.589901
2013-08-07,52.324181
2013-08-08,52.630169
2013-08-09,52.565746
2013-08-12,52.525478
2013-08-13,52.589901
2013-08-14,52.31612
2013-08-15,51.518948
2013-08-16,51.365955
2013-08-19,50.94722
2013-08-20,51.357876
2013-08-21,51.003578
2013-08-22,51.535046
2013-08-23,51.712181
2013-08-26,51.543091
2013-08-27,50.57682
2013-08-28,50.713711
2013-08-29,50.858643
2013-08-30,50.592915
2013-09-03,50.890862
2013-09-04,51.365955
2013-09-05,51.502819
2013-09-06,51.55114
2013-09-09,52.155071
2013-09-10,52.606018
2013-09-11,52.758991
2013-09-12,52.533535
2013-09-13,52.702629
2013-09-16,53.07304
2013-09-17,53.322674
2013-09-18,53.974899
2013-09-19,53.846081
2013-09-20,53.391232
2013-09-23,53.116566
2013-09-24,53.116566
2013-09-25,52.979233
2013-09-26,53.156971
2013-09-27,52.833832
2013-09-30,52.672253
2013-10-01,53.100437
2013-10-02,53.084255
2013-10-03,52.607616
2013-10-04,53.019611
2013-10-07,52.551079
2013-10-08,51.856316
2013-10-09,51.864399
2013-10-10,53.035793
2013-10-11,53.383175
2013-10-14,53.552818
2013-10-15,53.076187
2013-10-16,53.827469
2013-10-17,54.287956
2013-10-18,54.538418
2013-10-21,54.562634
2013-10-22,54.942329
2013-10-23,54.635334
2013-10-24,54.788834
2013-10-25,55.063507
2013-10-28,55.071609
2013-10-29,55.435112
2013-10-30,55.031178
2013-10-31,54.926167
2013-11-01,55.095829
2013-11-04,55.386642
2013-11-05,55.176617
2013-11-06,55.281643
2013-11-07,54.49802
2013-11-08,55.20084
2013-11-11,55.289711
2013-11-12,55.128151
2013-11-13,55.661331
2013-11-14,55.952129
2013-11-15,56.186417
2013-11-18,55.879452
2013-11-19,55.629002
2013-11-20,55.475517
2013-11-21,55.96022
2013-11-22,56.186417
2013-11-25,56.065239
2013-11-26,56.113735
2013-11-27,56.234905
2013-11-29,56.146046
2013-12-02,56.024868
2013-12-03,55.830971
2013-12-04,55.742088
2013-12-05,55.548229
2013-12-06,56.178364
2013-12-09,56.234905
2013-12-10,56.105629
2013-12-11,55.378586
2013-12-12,55.26548
2013-12-13,55.322029
2013-12-16,55.725964
2013-12-17,55.661331
2013-12-18,56.485355
2013-12-19,56.396481
2013-12-20,56.849693
2013-12-23,57.125313
2013-12-24,57.303688
2013-12-26,57.498276
2013-12-27,57.514477
2013-12-30,57.619888
2013-12-31,57.76582
2014-01-02,57.23885
2014-01-03,57.190178
2014-01-06,57.011829
2014-01-07,57.352356
2014-01-08,57.441536
2014-01-09,57.506386
2014-01-10,57.757732
2014-01-13,56.930763
2014-01-14,57.587448
2014-01-15,57.798256
2014-01-16,57.741508
2014-01-17,57.546917
2014-01-21,57.725277
2014-01-22,57.86311
2014-01-23,57.295586
2014-01-24,55.974064
2014-01-27,55.706535
2014-01-28,56.20919
2014-01-29,55.698395
2014-01-30,56.322685
2014-01-31,56.055153
2014-02-03,54.676876
2014-02-04,55.130886
2014-02-05,55.033611
2014-02-06,55.828133
2014-02-07,56.517277
2014-02-10,56.614567
2014-02-11,57.190178
2014-02-12,57.263145
2014-02-13,57.619888
2014-02-14,57.911766
2014-02-18,58.122574
2014-02-19,57.86311
2014-02-20,58.2766
2014-02-21,58.309006
2014-02-24,58.617107
2014-02-25,58.568466
2014-02-26,58.641434
2014-02-27,58.884644
2014-02-28,59.046818
2014-03-03,58.633312
2014-03-04,59.508911
2014-03-05,59.476494
2014-03-06,59.630543
2014-03-07,59.630543
2014-03-10,59.492695
2014-03-11,59.184612
2014-03-12,59.208946
2014-03-13,58.536045
2014-03-14,58.503624
2014-03-17,58.990063
2014-03-18,59.444084
2014-03-19,59.119766
2014-03-20,59.371094
2014-03-21,59.283199
2014-03-24,58.859985
2014-03-25,59.055332
2014-03-26,58.599537
2014-03-27,58.4856
2014-03-28,58.868137
2014-03-31,59.405312
2014-04-01,59.901756
2014-04-02,60.137783
2014-04-03,60.064541
2014-04-04,59.380875
2014-04-07,58.591385
2014-04-08,58.908802
2014-04-09,59.478535
2014-04-10,58.233303
2014-04-11,57.574062
2014-04-14,58.0868
2014-04-15,58.453053
2014-04-16,59.055332
2014-04-17,59.161129
2014-04-21,59.315742
2014-04-22,59.584362
2014-04-23,59.535522
2014-04-24,59.616909
2014-04-25,59.071617
2014-04-28,59.055332
2014-04-29,59.315742
2014-04-30,59.633175
2014-05-01,59.6576
2014-05-02,59.616909
2014-05-05,59.69828
2014-05-06,59.193699
2014-05-07,59.551796
2014-05-08,59.470398
2014-05-09,59.559933
2014-05-12,60.219151
2014-05-13,60.194736
2014-05-14,59.844784
2014-05-15,59.332035
2014-05-16,59.576191
2014-05-19,59.79594
2014-05-20,59.27507
2014-05-21,59.706429
2014-05-22,59.885487
2014-05-23,60.194736
2014-05-27,60.544704
2014-05-28,60.479622
2014-05-29,60.837708
2014-05-30,60.919113
2014-06-02,61.024899
2014-06-03,61.008625
2014-06-04,61.19585
2014-06-05,61.610924
2014-06-06,61.936493
2014-06-09,62.026001
2014-06-10,61.912052
2014-06-11,61.692314
2014-06-12,61.334175
2014-06-13,61.545795
2014-06-16,61.651604
2014-06-17,61.936493
2014-06-18,62.400387
2014-06-19,62.489887
2014-06-20,62.677788
2014-06-23,62.620617
2014-06-24,62.171326
2014-06-25,62.465401
2014-06-26,62.473587
2014-06-27,62.636917
2014-06-30,62.661442
2014-07-01,62.988197
2014-07-02,62.947353
2014-07-03,63.30677
2014-07-07,62.898346
2014-07-08,62.571609
2014-07-09,62.824825
2014-07-10,62.530743
2014-07-11,62.547073
2014-07-14,62.767654
2014-07-15,62.612434
2014-07-16,62.824825
2014-07-17,62.065144
2014-07-18,62.669621
2014-07-21,62.53891
2014-07-22,62.816631
2014-07-23,62.841175
2014-07-24,62.971836
2014-07-25,62.685951
2014-07-28,62.694122
2014-07-29,62.400055
2014-07-30,62.39188
2014-07-31,61.199253
2014-08-01,61.068562
2014-08-04,61.493317
2014-08-05,60.929691
2014-08-06,60.937862
2014-08-07,60.594784
2014-08-08,61.403488
2014-08-11,61.58321
2014-08-12,61.45248
2014-08-13,61.860912
2014-08-14,62.154999
2014-08-15,62.13047
2014-08-18,62.677788
2014-08-19,63.012722
2014-08-20,63.233246
2014-08-21,63.33947
2014-08-22,63.233246
2014-08-25,63.54364
2014-08-26,63.600838
2014-08-27,63.568161
2014-08-28,63.54364
2014-08-29,63.772377
2014-09-02,63.723347
2014-09-03,63.772377
2014-09-04,63.690689
2014-09-05,63.976601
2014-09-08,63.788719
2014-09-09,63.331245
2014-09-10,63.461967
2014-09-11,63.57634
2014-09-12,63.118874
2014-09-15,62.980022
2014-09-16,63.412945
2014-09-17,63.470146
2014-09-18,63.707024
2014-09-19,63.566055
2014-09-22,62.975872
2014-09-23,62.533245
2014-09-24,63.025063
2014-09-25,62.090626
2014-09-26,62.525059
2014-09-29,62.41029
2014-09-30,62.123421
2014-10-01,61.295517
2014-10-02,61.361111
2014-10-03,61.967667
2014-10-06,61.869305
2014-10-07,60.869312
2014-10-08,61.885696
2014-10-09,60.50864
2014-10-10,59.77092
2014-10-13,58.75452
2014-10-14,59.074196
2014-10-15,58.844685
2014-10-16,59.033218
2014-10-17,59.688957
2014-10-20,60.320118
2014-10-21,61.5742
2014-10-22,61.057816
2014-10-23,61.78735
2014-10-24,62.229969
2014-10-27,62.123421
2014-10-28,62.910297
2014-10-29,62.77916
2014-10-30,63.23
2014-10-31,64.000465
2014-11-03,64.016846
2014-11-04,63.697197
2014-11-05,64.18898
2014-11-06,64.475899
2014-11-07,64.557831
2014-11-10,64.721794
2014-11-11,64.738182
2014-11-12,64.746384
2014-11-13,64.623421
2014-11-14,64.656227
2014-11-17,64.746384
2014-11-18,65.156219
2014-11-19,65.016861
2014-11-20,65.246376
2014-11-21,65.639862
2014-11-24,65.869331
2014-11-25,65.820145
2014-11-26,65.86113
2014-11-28,65.705406
2014-12-01,65.188988
2014-12-02,65.541466
2014-12-03,65.934929
2014-12-04,65.795563
2014-12-05,65.91851
2014-12-08,65.426704
2014-12-09,65.492317
2014-12-10,64.418488
2014-12-11,64.746384
2014-12-12,63.738194
2014-12-15,63.418522
2014-12-16,63.025063
2014-12-17,64.320137
2014-12-18,65.738182
2014-12-19,66.046867
2014-12-22,66.318489
2014-12-23,66.54071
2014-12-24,66.548965
2014-12-26,66.71357
2014-12-29,66.894661
2014-12-30,66.499603
2014-12-31,65.890427
2015-01-02,65.873985
2015-01-05,64.565262
2015-01-06,63.865608
2015-01-07,64.631073
2015-01-08,65.766998
2015-01-09,65.231972
2015-01-12,64.581703
2015-01-13,64.417084
2015-01-14,64.079605
2015-01-15,63.486977
2015-01-16,64.359436
2015-01-20,64.392387
2015-01-21,64.836868
2015-01-22,65.742302
2015-01-23,65.388359
2015-01-26,65.709373
2015-01-27,65.182587
2015-01-28,64.186607
2015-01-29,64.779259
2015-01-30,63.964367
2015-02-02,64.655807
2015-02-03,65.981003
2015-02-04,65.610603
2015-02-05,66.384354
2015-02-06,66.104492
2015-02-09,65.873985
2015-02-10,66.516022
2015-02-11,66.450211
2015-02-12,67.158066
2015-02-13,67.421471
2015-02-17,67.594315
2015-02-18,67.660179
2015-02-19,67.627243
2015-02-20,67.99762
2015-02-23,67.915329
2015-02-24,68.038788
2015-02-25,68.030579
2015-02-26,67.750717
2015-02-27,67.627243
2015-03-02,67.956474
2015-03-03,67.701317
2015-03-04,67.380295
2015-03-05,67.503799
2015-03-06,66.491325
2015-03-09,66.655968
2015-03-10,65.643547
2015-03-11,65.643547
2015-03-12,66.483093
2015-03-13,66.022163
2015-03-16,66.927589
2015-03-17,66.680664
2015-03-18,67.627243
2015-03-19,67.232178
2015-03-20,67.889946
2015-03-23,67.848633
2015-03-24,67.443687
2015-03-25,66.542938
2015-03-26,66.369377
2015-03-27,66.658615
2015-03-30,67.443687
2015-03-31,66.980911
2015-04-01,66.80735
2015-04-02,67.104881
2015-04-06,67.625519
2015-04-07,67.377594
2015-04-08,67.600739
2015-04-09,67.865173
2015-04-10,68.046967
2015-04-13,67.70813
2015-04-14,67.889946
2015-04-15,68.311432
2015-04-16,68.179199
2015-04-17,67.410645
2015-04-20,67.939552
2015-04-21,67.856926
2015-04-22,68.08831
2015-04-23,68.303177
2015-04-24,68.22052
2015-04-27,67.848633
2015-04-28,68.038727
2015-04-29,67.757751
2015-04-30,67.253609
2015-05-01,67.939552
2015-05-04,68.179199
2015-05-05,67.344528
2015-05-06,67.113121
2015-05-07,67.270149
2015-05-08,68.096573
2015-05-11,67.82386
2015-05-12,67.625519
2015-05-13,67.625519
2015-05-14,68.179199
2015-05-15,68.327957
2015-05-18,68.58416
2015-05-19,68.435394
2015-05-20,68.435394
2015-05-21,68.617218
2015-05-22,68.501518
2015-05-26,67.716446
2015-05-27,68.270103
2015-05-28,68.146172
2015-05-29,67.741211
2015-06-01,67.848633
2015-06-02,67.856926
2015-06-03,67.980873
2015-06-04,67.369308
2015-06-05,67.361076
2015-06-08,66.931313
2015-06-09,66.890007
2015-06-10,67.650291
2015-06-11,67.790802
2015-06-12,67.369308
2015-06-15,67.055283
2015-06-16,67.410645
2015-06-17,67.567665
2015-06-18,68.179199
2015-06-19,67.845703
2015-06-22,68.25222
2015-06-23,68.202438
2015-06-24,67.679779
2015-06-25,67.414314
2015-06-26,67.488998
2015-06-29,66.037186
2015-06-30,66.203064
2015-07-01,66.617905
2015-07-02,66.593002
2015-07-06,66.294342
2015-07-07,66.841896
2015-07-08,65.655548
2015-07-09,65.813171
2015-07-10,66.526642
2015-07-13,67.198601
2015-07-14,67.397728
2015-07-15,67.165451
2015-07-16,67.580254
2015-07-17,67.24012
2015-07-20,67.107361
2015-07-21,66.858467
2015-07-22,66.875053
2015-07-23,66.559822
2015-07-24,65.821465
2015-07-27,65.423233
2015-07-28,66.24456
2015-07-29,66.80043
2015-07-30,66.833611
2015-07-31,66.841896
2015-08-03,66.584679
2015-08-04,66.510056
2015-08-05,66.742325
2015-08-06,66.294342
2015-08-07,66.178185
2015-08-10,67.115654
2015-08-11,66.559822
2015-08-12,66.675972
2015-08-13,66.56813
2015-08-14,66.833611
2015-08-17,67.173721
2015-08-18,67.0327
2015-08-19,66.518349
2015-08-20,65.141151
2015-08-21,63.365799
2015-08-24,60.835476
2015-08-25,59.956081
2015-08-26,61.922279
2015-08-27,63.515129
2015-08-28,63.656181
2015-08-31,63.191597
2015-09-01,61.391335
2015-09-02,62.370289
2015-09-03,62.635735
2015-09-04,61.681679
2015-09-08,63.241379
2015-09-09,62.436646
2015-09-10,62.660622
2015-09-11,62.90123
2015-09-14,62.635735
2015-09-15,63.382423
2015-09-16,64.029495
2015-09-17,63.913368
2015-09-18,62.790352
2015-09-21,63.056927
2015-09-22,62.107189
2015-09-23,61.848927
2015-09-24,61.615662
2015-09-25,61.657322
2015-09-28,59.949482
2015-09-29,59.999477
2015-09-30,61.282413
2015-10-01,61.149128
2015-10-02,62.165516
2015-10-05,63.440151
2015-10-06,63.256882
2015-10-07,63.906689
2015-10-08,64.673119
2015-10-09,64.656464
2015-10-12,64.556488
2015-10-13,64.031685
2015-10-14,63.806702
2015-10-15,64.639809
2015-10-16,64.731453
2015-10-19,64.639809
2015-10-20,64.731453
2015-10-21,64.223251
2015-10-22,65.214653
2015-10-23,65.472893
2015-10-26,65.231308
2015-10-27,64.914734
2015-10-28,65.681183
2015-10-29,65.597855
2015-10-30,65.564522
2015-11-02,66.422653
2015-11-03,66.530945
2015-11-04,66.305992
2015-11-05,66.206062
2015-11-06,66.089401
2015-11-09,65.456245
2015-11-10,65.672829
2015-11-11,65.281265
2015-11-12,64.289932
2015-11-13,63.598454
2015-11-16,64.589844
2015-11-17,64.448174
2015-11-18,65.472893
2015-11-19,65.406258
2015-11-20,65.639519
2015-11-23,65.639519
2015-11-24,65.85614
2015-11-25,65.897789
2015-11-27,65.881142
2015-11-30,65.764503
2015-12-01,66.37265
2015-12-02,65.497917
2015-12-03,64.56485
2015-12-04,65.589546
2015-12-07,65.064697
2015-12-08,64.606483
2015-12-09,64.156593
2015-12-10,64.248283
2015-12-11,62.998611
2015-12-14,63.090282
2015-12-15,63.748383
2015-12-16,64.664795
2015-12-17,63.573452
2015-12-18,62.600266
2015-12-21,63.093945
2015-12-22,63.788506
2015-12-23,64.893051
2015-12-24,64.775902
2015-12-28,64.474701
2015-12-29,65.152481
2015-12-30,64.625282
2015-12-31,64.131622
2016-01-04,63.42033
2016-01-05,63.57095
2016-01-06,62.407806
2016-01-07,60.993629
2016-01-08,60.248867
2016-01-11,60.056427
2016-01-12,60.340939
2016-01-13,58.826328
2016-01-14,59.629673
2016-01-15,58.491642
2016-01-19,58.315903
2016-01-20,57.696678
2016-01-21,58.223873
2016-01-22,59.370247
2016-01-25,58.240601
2016-01-26,59.311672
2016-01-27,58.859806
2016-01-28,58.901661
2016-01-29,60.56686
2016-02-01,60.541767
2016-02-02,59.286564
2016-02-03,59.863979
2016-02-04,60.207043
2016-02-05,59.186169
2016-02-08,57.939327
2016-02-09,57.76363
2016-02-10,57.797077
2016-02-11,56.977043
2016-02-12,58.215481
2016-02-16,59.378628
2016-02-17,60.4748
2016-02-18,60.349312
2016-02-19,60.165195
2016-02-22,61.219563
2016-02-23,60.491543
2016-02-24,60.851376
2016-02-25,61.529163
2016-02-26,61.637955
2016-02-29,61.169342
2016-03-01,62.583523
2016-03-02,63.035397
2016-03-03,63.612789
2016-03-04,63.939137
2016-03-07,64.248718
2016-03-08,63.194363
2016-03-09,63.529106
2016-03-10,63.621136
2016-03-11,64.817749
2016-03-14,64.725708
2016-03-15,64.357513
2016-03-16,64.968376
2016-03-17,65.570862
2016-03-18,65.875366
2016-03-21,65.892166
2016-03-22,65.841728
2016-03-23,65.168816
2016-03-24,65.093102
2016-03-28,65.185646
2016-03-29,65.850128
2016-03-30,66.051987
2016-03-31,66.051987
2016-04-01,66.312752
2016-04-04,65.883743
2016-04-05,65.143593
2016-04-06,65.83329
2016-04-07,65.009003
2016-04-08,65.294975
2016-04-11,65.219307
2016-04-12,65.925819
2016-04-13,66.758514
2016-04-14,66.623932
2016-04-15,66.607101
2016-04-18,67.08654
2016-04-19,67.380943
2016-04-20,67.507072
2016-04-21,67.052925
2016-04-22,67.473419
2016-04-25,67.187469
2016-04-26,67.658508
2016-04-27,68.095886
2016-04-28,67.288406
2016-04-29,66.876266
2016-05-02,67.271606
2016-05-03,66.514603
2016-05-04,66.08564
2016-05-05,66.06881
2016-05-06,66.279083
2016-05-09,66.253838
2016-05-10,67.069702
2016-05-11,66.396851
2016-05-12,66.379997
2016-05-13,65.740768
2016-05-16,66.413658
2016-05-17,65.959419
2016-05-18,65.799644
2016-05-19,65.606186
2016-05-20,66.094025
2016-05-23,66.051987
2016-05-24,66.901474
2016-05-25,67.422966
2016-05-26,67.372498
2016-05-27,67.759415
2016-05-31,67.78466
2016-06-01,67.92765
2016-06-02,68.222054
2016-06-03,67.986519
2016-06-06,68.449097
2016-06-07,68.701477
2016-06-08,68.89489
2016-06-09,68.718285
2016-06-10,67.801498
2016-06-13,67.195885
2016-06-14,66.985588
2016-06-15,66.994019
2016-06-16,67.069702
2016-06-17,67.185242
2016-06-20,67.741646
2016-06-21,67.783798
2016-06-22,67.716354
2016-06-23,68.702774
2016-06-24,65.861603
2016-06-27,64.192284
2016-06-28,65.448479
2016-06-29,66.704659
2016-06-30,67.741646
2016-07-01,67.952415
2016-07-05,67.134636
2016-07-06,67.539307
2016-07-07,67.530891
2016-07-08,68.795509
2016-07-11,69.0653
2016-07-12,69.883087
2016-07-13,69.840919
2016-07-14,70.136024
2016-07-15,70.093849
2016-07-18,70.220306
2016-07-19,70.034851
2016-07-20,70.380516
2016-07-21,70.119164
2016-07-22,70.565971
2016-07-25,70.405785
2016-07-26,70.717743
2016-07-27,70.346794
2016-07-28,70.481682
2016-07-29,70.549126
2016-08-01,70.287766
2016-08-02,69.571121
2016-08-03,69.967369
2016-08-04,70.009537
2016-08-05,70.591255
2016-08-08,70.641876
2016-08-09,70.53228
2016-08-10,70.346794
2016-08-11,70.869476
2016-08-12,70.802048
2016-08-15,71.139282
2016-08-16,70.734604
2016-08-17,70.78521
2016-08-18,71.164566
2016-08-19,71.18985
2016-08-22,71.105545
2016-08-23,71.417488
2016-08-24,70.920067
2016-08-25,70.911652
2016-08-26,70.692444
2016-08-29,71.088684
2016-08-30,70.979118
2016-08-31,70.658707
2016-09-01,70.641876
2016-09-02,70.995941
2016-09-06,71.113976
2016-09-07,71.316338
2016-09-08,71.19828
2016-09-09,69.276039
2016-09-12,70.254036
2016-09-13,69.073715
2016-09-14,68.972557
2016-09-15,69.663887
2016-09-16,69.359253
2016-09-19,69.52005
2016-09-20,69.3508
2016-09-21,70.290054
2016-09-22,70.840034
2016-09-23,70.48468
2016-09-26,69.943115
2016-09-27,70.256203
2016-09-28,70.746941
2016-09-29,70.154648
2016-09-30,70.730026
2016-10-03,70.433868
2016-10-04,70.002357
2016-10-05,70.416969
2016-10-06,70.450806
2016-10-07,70.070015
2016-10-10,70.383102
2016-10-11,69.333885
2016-10-12,69.426971
2016-10-13,69.173096
2016-10-14,69.12236
2016-10-17,68.885445
2016-10-18,69.359253
2016-10-19,69.697708
2016-10-20,69.56234
2016-10-21,69.52005
2016-10-24,69.740021
2016-10-25,69.342323
2016-10-26,69.308495
2016-10-27,68.902328
2016-10-28,68.893867
2016-10-31,69.003899
2016-11-01,68.436966
2016-11-02,67.946182
2016-11-03,67.726181
2016-11-04,67.734634
2016-11-07,69.198509
2016-11-08,69.460808
2016-11-09,70.281548
2016-11-10,70.797745
2016-11-11,70.797745
2016-11-14,71.39003
2016-11-15,71.91465
2016-11-16,71.601585
2016-11-17,71.98233
2016-11-18,71.813103
2016-11-21,72.380051
2016-11-22,72.600029
2016-11-23,72.777733
2016-11-25,73.040024
2016-11-28,72.549271
2016-11-29,72.600029
2016-11-30,72.616974
2016-12-01,72.39695
2016-12-02,72.413887
2016-12-05,72.955429
2016-12-06,73.327751
2016-12-07,74.376984
2016-12-08,74.68158
2016-12-09,74.89312
2016-12-12,74.503876
2016-12-13,74.816971
2016-12-14,74.038528
2016-12-15,74.300819
2016-12-16,74.094833
2016-12-19,74.205025
2016-12-20,74.450829
2016-12-21,74.281326
2016-12-22,73.984642
2016-12-23,74.137238
2016-12-27,74.383026
2016-12-28,73.620224
2016-12-29,73.645645
2016-12-30,73.433746
2017-01-03,74.018555
2017-01-04,74.739014
2017-01-05,74.535583
2017-01-06,74.739014
2017-01-09,74.332169
2017-01-10,74.399971
2017-01-11,74.594894
2017-01-12,74.476273
2017-01-13,74.62883
2017-01-17,74.433876
2017-01-18,74.654251
2017-01-19,74.281326
2017-01-20,74.561028
2017-01-23,74.340668
2017-01-24,75.078018
2017-01-25,75.64592
2017-01-26,75.442505
2017-01-27,75.213638
2017-01-30,74.789848
2017-01-31,74.908516
2017-02-01,74.722046
2017-02-02,74.88311
2017-02-03,75.400101
2017-02-06,75.196709
2017-02-07,75.120422
2017-02-08,75.281441
2017-02-09,75.747604
2017-02-10,76.17141
2017-02-13,76.510437
2017-02-14,76.713829
2017-02-15,77.086777
2017-02-16,76.89183
2017-02-17,77.044388
2017-02-21,77.586861
2017-02-22,77.400406
2017-02-23,77.264771
2017-02-24,77.476677
2017-02-27,77.654648
2017-02-28,77.256287
2017-03-01,78.205566
2017-03-02,77.697044
2017-03-03,77.688568
2017-03-06,77.341057
2017-03-07,76.993546
2017-03-08,76.815559
2017-03-09,76.747765
2017-03-10,77.052872
2017-03-13,77.205437
2017-03-14,76.840981
2017-03-15,77.680092
2017-03-16,77.502121
2017-03-17,77.476555
2017-03-20,77.255348
2017-03-21,76.242859
2017-03-22,76.37899
2017-03-23,76.413025
2017-03-24,76.413025
2017-03-27,76.276878
2017-03-28,76.906509
2017-03-29,77.170258
2017-03-30,77.323418
2017-03-31,77.272377
2017-04-03,76.966049
2017-04-04,76.872459
2017-04-05,76.659752
2017-04-06,77.068153
2017-04-07,77.000099
2017-04-10,77.178764
2017-04-11,77.204308
2017-04-12,76.727852
2017-04-13,76.191811
2017-04-17,76.812912
2017-04-18,76.591705
2017-04-19,76.617203
2017-04-20,77.246841
2017-04-21,77.000099
2017-04-24,77.757332
2017-04-25,78.165756
2017-04-26,78.182755
2017-04-27,78.148727
2017-04-28,77.782875
2017-05-01,77.748825
2017-05-02,77.816902
2017-05-03,77.57016
2017-05-04,77.638214
2017-05-05,78.148727
2017-05-08,77.970039
2017-05-09,77.919006
2017-05-10,78.216759
2017-05-11,77.893463
2017-05-12,77.544655
2017-05-15,78.012596
2017-05-16,77.808372
2017-05-17,76.608727
2017-05-18,76.778885
2017-05-19,77.399971
2017-05-22,77.799889
2017-05-23,77.816902
2017-05-24,77.987091
2017-05-25,78.301872
2017-05-26,78.284828
2017-05-30,78.140236
2017-05-31,78.216759
2017-06-01,79.02507
2017-06-02,79.135689
2017-06-05,78.965523
2017-06-06,78.650711
2017-06-07,78.727272
2017-06-08,78.786873
2017-06-09,79.02507
2017-06-12,79.127151
2017-06-13,79.62915
2017-06-14,79.4505
2017-06-15,79.280319
2017-06-16,79.298256
2017-06-19,79.793457
2017-06-20,79.144562
2017-06-21,78.922592
2017-06-22,78.948212
2017-06-23,79.127495
2017-06-26,79.358009
2017-06-27,78.828682
2017-06-28,79.443413
2017-06-29,78.879913
2017-06-30,79.127495
2017-07-03,79.460464
2017-07-05,79.340942
2017-07-06,78.470116
2017-07-07,78.973824
2017-07-10,78.990891
2017-07-11,78.922592
2017-07-12,79.469025
2017-07-13,79.699524
2017-07-14,80.049568
2017-07-17,80.143509
2017-07-18,79.972725
2017-07-19,80.544762
2017-07-20,80.50209
2017-07-21,80.519127
2017-07-24,80.459389
2017-07-25,80.775284
2017-07-26,80.61306
2017-07-27,80.527672
2017-07-28,80.425224
2017-07-31,80.39106
2017-08-01,80.476471
2017-08-02,80.220329
2017-08-03,80.015427
2017-08-04,80.134941
2017-08-07,80.220329
2017-08-08,80.023964
2017-08-09,79.912979
2017-08-10,78.768936
2017-08-11,78.78598
2017-08-14,79.528763
2017-08-15,79.383636
2017-08-16,79.588562
2017-08-17,78.367668
2017-08-18,78.188354
2017-08-21,78.256676
2017-08-22,78.99942
2017-08-23,78.768936
2017-08-24,78.666473
2017-08-25,78.939674
2017-08-28,78.845757
2017-08-29,78.768936
2017-08-30,79.144562
2017-08-31,79.588562
2017-09-01,79.912979
2017-09-05,79.366554
2017-09-06,79.648308
2017-09-07,79.614143
2017-09-08,79.682442
2017-09-11,80.484985
2017-09-12,80.80088
2017-09-13,80.809425
2017-09-14,80.80088
2017-09-15,80.920944
2017-09-18,81.049583
2017-09-19,80.938087
2017-09-20,81.075302
2017-09-21,80.903793
2017-09-22,81.075302
2017-09-25,81.169609
2017-09-26,81.263916
2017-09-27,81.589775
2017-09-28,81.641235
2017-09-29,81.92421
2017-10-02,82.275749
2017-10-03,82.412979
2017-10-04,82.584473
2017-10-05,82.910294
2017-10-06,82.738815
2017-10-09,82.447266
2017-10-10,82.653053
2017-10-11,82.670197
2017-10-12,82.695953
2017-10-13,82.781677
2017-10-16,82.807411
2017-10-17,82.798843
2017-10-18,82.867432
2017-10-19,82.970322
2017-10-20,83.527702
2017-10-23,83.244736
2017-10-24,83.330467
2017-10-25,82.773087
2017-10-26,82.936043
2017-10-27,83.064667
2017-10-30,82.661644
2017-10-31,82.815987
2017-11-01,82.841705
2017-11-02,82.824539
2017-11-03,82.944618
2017-11-06,83.287613
2017-11-07,83.158989
2017-11-08,83.261864
2017-11-09,83.038933
2017-11-10,83.090378
2017-11-13,83.219002
2017-11-14,83.176132
2017-11-15,82.721672
2017-11-16,83.43338
2017-11-17,83.579155
2017-11-20,83.707748
2017-11-21,84.016472
2017-11-22,83.98217
2017-11-24,84.025024
2017-11-27,83.939285
2017-11-28,84.908257
2017-11-29,85.302696
2017-11-30,85.962967
2017-12-01,85.791481
2017-12-04,85.971512
2017-12-05,85.422737
2017-12-06,85.26841
2017-12-07,85.654266
2017-12-08,86.18589
2017-12-11,86.263062
2017-12-12,86.271645
2017-12-13,86.194481
2017-12-14,85.67141
2017-12-15,86.436356
2017-12-18,87.091057
2017-12-19,86.79818
2017-12-20,86.806778
2017-12-21,86.979073
2017-12-22,87.065216
2017-12-26,87.168579
2017-12-27,87.168579
2017-12-28,87.383965
2017-12-29,87.030739
2018-01-02,87.676796
2018-01-03,88.124763
2018-01-04,88.426277
2018-01-05,88.848396
2018-01-08,89.141266
2018-01-09,89.184357
2018-01-10,88.91729
2018-01-11,89.770103
2018-01-12,90.34726
2018-01-16,89.735634
2018-01-17,90.485115
2018-01-18,90.235291
2018-01-19,90.829681
2018-01-22,91.475754
2018-01-23,91.725571
2018-01-24,91.768646
2018-01-25,91.691086
2018-01-26,92.543945
2018-01-29,91.88063
2018-01-30,90.864136
2018-01-31,90.846909
2018-02-01,90.631538
2018-02-02,88.770851
2018-02-05,85.480186
2018-02-06,86.651703
2018-02-07,86.419136
2018-02-08,83.378242
2018-02-09,84.523972
2018-02-12,85.566322
2018-02-13,85.773064
2018-02-14,87.073822
2018-02-15,87.978325
2018-02-16,88.0214
2018-02-20,87.461464
2018-02-21,86.935997
2018-02-22,86.979073
2018-02-23,88.305679
2018-02-26,88.968971
2018-02-27,87.814659
2018-02-28,86.858467
2018-03-01,85.928123
2018-03-02,86.496674
2018-03-05,87.538986
2018-03-06,87.926636
2018-03-07,87.849121
2018-03-08,88.150627
2018-03-09,89.520302
2018-03-12,89.399689
2018-03-13,89.020676
2018-03-14,88.486595
2018-03-15,88.254005
2018-03-16,88.616463
2018-03-19,87.621651
2018-03-20,87.716797
2018-03-21,87.742737
2018-03-22,85.796371
2018-03-23,84.1614
2018-03-26,86.099129
2018-03-27,85.078362
2018-03-28,84.974556
2018-03-29,86.055878
2018-04-02,84.170097
2018-04-03,85.182167
2018-04-04,86.176987
2018-04-05,86.730621
2018-04-06,84.896698
2018-04-09,85.069695
2018-04-10,86.280777
2018-04-11,85.978012
2018-04-12,86.384621
2018-04-13,86.202942
2018-04-16,87.033394
2018-04-17,87.742737
2018-04-18,87.976295
2018-04-19,87.362122
2018-04-20,86.74794
2018-04-23,86.860374
2018-04-24,86.029945
2018-04-25,86.272163
2018-04-26,86.938248
2018-04-27,87.171806
2018-04-30,86.375954
2018-05-01,86.41053
2018-05-02,85.692566
2018-05-03,85.407104
2018-05-04,86.358658
2018-05-07,86.505714
2018-05-08,86.445145
2018-05-09,87.145859
2018-05-10,87.90712
2018-05-11,87.993614
2018-05-14,88.028206
2018-05-15,87.587044
2018-05-16,88.071457
2018-05-17,88.183929
2018-05-18,88.002258
2018-05-21,88.573196
2018-05-22,88.235817
2018-05-23,88.400185
2018-05-24,88.382858
2018-05-25,88.192558
2018-05-29,87.258316
2018-05-30,88.417465
2018-05-31,87.63028
2018-06-01,88.374229
2018-06-04,88.677002
2018-06-05,88.841362
2018-06-06,89.516106
2018-06-07,89.559341
2018-06-08,89.983246
2018-06-11,90.173523
2018-06-12,90.433075
2018-06-13,89.983246
2018-06-14,90.216827
2018-06-15,90.218544
2018-06-18,90.053551
2018-06-19,89.68882
2018-06-20,89.940651
2018-06-21,89.419632
2018-06-22,89.654099
2018-06-25,88.672791
2018-06-26,88.759613
2018-06-27,87.969376
2018-06-28,88.325424
2018-06-29,88.481735
2018-07-02,88.446999
2018-07-03,88.403572
2018-07-05,89.063553
2018-07-06,89.740906
2018-07-09,90.426941
2018-07-10,90.661423
2018-07-11,89.949341
2018-07-12,90.453011
2018-07-13,90.539871
2018-07-16,90.270653
2018-07-17,90.557228
2018-07-18,90.76564
2018-07-19,90.748268
2018-07-20,90.453011
2018-07-23,90.4617
2018-07-24,90.418282
2018-07-25,91.217232
2018-07-26,91.538536
2018-07-27,91.000107
2018-07-30,90.609329
2018-07-31,91.225899
2018-08-01,90.635368
2018-08-02,91.000107
2018-08-03,91.460365
2018-08-06,91.677467
2018-08-07,91.85984
2018-08-08,91.694824
2018-08-09,91.59063
2018-08-10,90.97406
2018-08-13,90.505089
2018-08-14,91.26931
2018-08-15,90.661423
2018-08-16,91.382217
2018-08-17,91.868507
2018-08-20,92.302704
2018-08-21,92.537178
2018-08-22,92.337463
2018-08-23,92.111656
2018-08-24,92.606651
2018-08-27,93.127693
2018-08-28,93.214523
2018-08-29,93.579262
2018-08-30,92.980072
2018-08-31,93.014824
2018-09-04,92.927963
2018-09-05,92.971397
2018-09-06,92.797714
2018-09-07,92.46772
2018-09-10,92.815063
2018-09-11,92.884544
2018-09-12,93.049553
2018-09-13,93.440331
2018-09-14,93.561905
2018-09-17,93.24926
2018-09-18,93.683472
2018-09-19,93.640038
2018-09-20,94.230568
2018-09-21,94.291374
2018-09-24,93.624916
2018-09-25,93.371933
2018-09-26,93.014282
2018-09-27,93.023033
2018-09-28,93.171326
2018-10-01,93.171326
2018-10-02,93.040466
2018-10-03,93.049194
2018-10-04,92.403679
2018-10-05,91.950081
2018-10-08,92.063477
2018-10-09,91.627335
2018-10-10,89.001678
2018-10-11,87.030251
2018-10-12,87.789154
2018-10-15,87.75428
2018-10-16,89.516335
2018-10-17,89.333168
2018-10-18,88.190414
2018-10-19,87.928734
2018-10-22,87.344284
2018-10-23,86.786003
2018-10-24,84.483109
2018-10-25,85.590965
2018-10-26,84.256332
2018-10-29,84.291206
2018-10-30,85.922417
2018-10-31,86.419624
2018-11-01,87.675797
2018-11-02,87.361748
2018-11-05,88.015945
2018-11-06,88.626579
2018-11-07,89.987389
2018-11-08,89.917603
2018-11-09,89.123787
2018-11-12,87.762978
2018-11-13,87.728104
2018-11-14,87.169838
2018-11-15,87.911278
2018-11-16,88.190414
2018-11-19,87.038986
2018-11-20,85.512428
2018-11-21,86.044556
2018-11-23,85.791595
2018-11-26,86.951767
2018-11-27,86.995369
2018-11-28,88.58297
2018-11-29,88.321289
2018-11-30,88.678917
2018-12-03,89.751869
2018-12-04,87.056419
2018-12-06,86.794762
2018-12-07,84.910545
2018-12-10,84.753525
2018-12-11,84.692474
2018-12-12,85.119911
2018-12-13,84.718658
2018-12-14,83.514862
2018-12-17,81.709183
2018-12-18,81.595772
2018-12-19,80.313469
2018-12-20,79.048622
2018-12-21,77.644234
2018-12-24,75.636383
2018-12-26,79.058823
2018-12-27,79.769646
2018-12-28,79.567818
2018-12-31,80.208443
2019-01-02,80.252312
2019-01-03,78.699051
2019-01-04,81.314148
2019-01-07,82.16539
2019-01-08,83.051697
2019-01-09,83.639664
2019-01-10,84.148651
2019-01-11,84.21006
2019-01-14,83.753754
2019-01-15,84.394348
2019-01-16,84.604988
2019-01-17,85.394783
2019-01-18,86.69355
2019-01-22,85.535187
2019-01-23,85.464973
2019-01-24,85.859894
2019-01-25,86.772545
2019-01-28,86.430283
2019-01-29,86.579475
2019-01-30,87.500893
2019-01-31,88.080086
2019-02-01,88.2995
2019-02-04,88.782127
2019-02-05,89.124367
2019-02-06,89.045403
2019-02-07,88.404778
2019-02-08,88.571518
2019-02-11,88.81723
2019-02-12,89.914192
2019-02-13,90.309113
2019-02-14,90.098457
2019-02-15,91.107651
2019-02-19,91.274384
2019-02-20,91.599075
2019-02-21,91.248062
2019-02-22,91.730721
2019-02-25,91.748268
2019-02-26,91.502541
2019-02-27,91.5289
2019-02-28,91.309509
2019-03-01,91.923782
2019-03-04,91.485008
2019-03-05,91.204193
2019-03-06,90.405602
2019-03-07,89.703568
2019-03-08,89.422752
2019-03-11,90.581108
2019-03-12,90.879494
2019-03-13,91.423576
2019-03-14,91.291916
2019-03-15,91.625412
2019-03-18,92.056496
2019-03-19,91.897804
2019-03-20,91.254272
2019-03-21,92.426788
2019-03-22,90.531349
2019-03-25,90.557793
2019-03-26,91.315971
2019-03-27,91.016205
2019-03-28,91.527565
2019-03-29,92.074158
2019-04-01,93.246689
2019-04-02,93.176132
2019-04-03,93.431831
2019-04-04,93.740364
2019-04-05,94.348648
2019-04-08,94.410378
2019-04-09,93.669853
2019-04-10,94.128258
2019-04-11,94.251701
2019-04-12,95.009865
2019-04-15,94.745369
2019-04-16,94.780632
2019-04-17,94.225227
2019-04-18,94.445618
2019-04-22,94.207619
2019-04-23,95.080391
2019-04-24,95.053963
2019-04-25,94.49855
2019-04-26,95.071564
2019-04-29,95.062767
2019-04-30,95.38015
2019-05-01,94.419205
2019-05-02,94.428017
2019-05-03,95.274353
2019-05-06,94.82473
2019-05-07,93.299583
2019-05-08,93.149704
2019-05-09,93.03508
2019-05-10,93.440613
2019-05-13,91.113197
2019-05-14,92.012444
2019-05-15,92.303352
2019-05-16,92.929306
2019-05-17,92.31218
2019-05-20,91.730324
2019-05-21,92.717705
2019-05-22,92.250473
2019-05-23,91.095558
2019-05-24,91.263092
2019-05-28,90.266853
2019-05-29,89.649765
2019-05-30,89.790779
2019-05-31,88.768158
2019-06-03,89.27948
2019-06-04,91.280716
2019-06-05,92.003616
2019-06-06,92.462059
2019-06-07,93.061516
2019-06-10,93.352455
2019-06-11,93.255501
2019-06-12,93.140869
2019-06-13,93.687454
2019-06-14,93.431831
2019-06-17,93.281914
2019-06-18,94.198792
2019-06-19,94.54261
2019-06-20,95.371315
2019-06-21,95.15094
2019-06-24,94.743538
2019-06-25,94.167885
2019-06-26,94.008469
2019-06-27,94.60183
2019-06-28,95.469734
2019-07-01,96.151657
2019-07-02,96.045387
2019-07-03,96.922157
2019-07-05,96.798172
2019-07-08,96.266808
2019-07-09,96.2314
2019-07-10,96.337639
2019-07-11,96.532494
2019-07-12,97.187843
2019-07-15,97.108162
2019-07-16,96.9133
2019-07-17,96.107391
2019-07-18,96.47937
2019-07-19,96.071983
2019-07-22,96.098534
2019-07-23,96.931
2019-07-24,97.577507
2019-07-25,96.94873
2019-07-26,97.435806
2019-07-29,97.152405
2019-07-30,97.240967
2019-07-31,96.275635
2019-08-01,95.044655
2019-08-02,94.28302
2019-08-05,91.608452
2019-08-06,92.626915
2019-08-07,92.750885
2019-08-08,94.424706
2019-08-09,93.556808
2019-08-12,92.361237
2019-08-13,93.556808
2019-08-14,90.687393
2019-08-15,90.713982
2019-08-16,92.184097
2019-08-19,93.246841
2019-08-20,92.49408
2019-08-21,93.246841
2019-08-22,93.308846
2019-08-23,90.784798
2019-08-26,91.581909
2019-08-27,91.068192
2019-08-28,91.856422
2019-08-29,93.096291
2019-08-30,93.131721
2019-09-03,92.609177
2019-09-04,93.707344
2019-09-05,95.080086
2019-09-06,95.310326
2019-09-09,95.832832
2019-09-10,96.275635
2019-09-11,97.010712
2019-09-12,97.125839
2019-09-13,97.143555
2019-09-16,97.214386
2019-09-17,97.232124
2019-09-18,97.125839
2019-09-19,96.860161
2019-09-20,96.426193
2019-09-23,96.533012
2019-09-24,95.749916
2019-09-25,96.292709
2019-09-26,96.061363
2019-09-27,95.723228
2019-09-30,96.17704
2019-10-01,94.682076
2019-10-02,92.893425
2019-10-03,93.56971
2019-10-04,94.61087
2019-10-07,94.103653
2019-10-08,92.475197
2019-10-09,93.293877
2019-10-10,93.996864
2019-10-11,95.278275
2019-10-14,95.06472
2019-10-15,95.874489
2019-10-16,95.714317
2019-10-17,96.079147
2019-10-18,95.96347
2019-10-21,96.693192
2019-10-22,96.70208
2019-10-23,96.977943
2019-10-24,97.022415
2019-10-25,97.378365
2019-10-28,97.680885
2019-10-29,97.85891
2019-10-30,97.867805
2019-10-31,97.360565
2019-11-01,98.561897
2019-11-04,99.131424
2019-11-05,99.131424
2019-11-06,99.024605
2019-11-07,99.264908
2019-11-08,99.496262
2019-11-11,99.229309
2019-11-12,99.2827
2019-11-13,99.211494
2019-11-14,99.43396
2019-11-15,100.163651
2019-11-18,100.03907
2019-11-19,99.959
2019-11-20,99.576347
2019-11-21,99.371681
2019-11-22,99.665337
2019-11-25,100.564117
2019-11-26,100.67981
2019-11-27,101.106911
2019-11-29,100.670876
2019-12-02,99.825516
2019-12-03,99.015709
2019-12-04,99.736534
2019-12-05,99.905594
2019-12-06,100.831062
2019-12-09,100.519608
2019-12-10,100.412811
2019-12-11,100.706474
2019-12-12,101.765427
2019-12-13,101.480652
2019-12-16,102.121361
2019-12-17,102.139168
2019-12-18,102.290451
2019-12-19,102.637466
2019-12-20,103.162506
2019-12-23,103.215233
2019-12-24,103.286728
2019-12-26,103.510078
2019-12-27,103.367126
2019-12-30,103.00972
2019-12-31,103.393921
2020-01-02,103.688774
2020-01-03,103.099068
2020-01-06,103.233116
2020-01-07,103.143761
2020-01-08,103.44754
2020-01-09,103.921082
2020-01-10,103.599442
2020-01-13,104.242744
2020-01-14,104.448257
2020-01-15,104.609055
2020-01-16,105.582993
2020-01-17,105.788452
2020-01-21,105.350662
2020-01-22,105.216644
2020-01-23,105.448936
2020-01-24,104.367821
2020-01-27,102.652336
2020-01-28,103.608376
2020-01-29,103.286728
2020-01-30,103.510078
2020-01-31,101.446129
2020-02-03,102.125183
2020-02-04,103.626251
2020-02-05,105.136208
2020-02-06,105.109428
2020-02-07,104.260612
2020-02-10,104.716286
2020-02-11,105.341728
2020-02-12,106.065453
2020-02-13,105.967148
2020-02-14,105.985054
2020-02-18,105.663383
2020-02-19,106.038628
2020-02-20,106.011848
2020-02-21,105.046852
2020-02-24,101.866058
2020-02-25,98.444016
2020-02-26,97.505882
2020-02-27,93.440514
2020-02-28,92.448753
2020-03-02,95.978012
2020-03-03,93.583473
2020-03-04,97.273567
2020-03-05,93.788986
2020-03-06,91.867989
2020-03-09,83.907066
2020-03-10,87.94561
2020-03-11,83.20121
2020-03-12,74.802444
2020-03-13,80.878128
2020-03-16,71.139175
2020-03-17,75.168785
2020-03-18,70.272476
2020-03-19,70.460114
2020-03-20,67.038078
2020-03-23,64.65612
2020-03-24,71.558395
2020-03-25,73.353935
2020-03-26,77.5765
2020-03-27,75.266701
2020-03-30,77.242645
2020-03-31,75.808044
2020-04-01,72.072708
2020-04-02,73.209557
2020-04-03,72.02758
2020-04-06,77.477264
2020-04-07,78.0998
2020-04-08,81.329887
2020-04-09,83.206627
2020-04-13,81.41111
2020-04-14,83.56752
2020-04-15,80.869759
2020-04-16,80.869759
2020-04-17,83.892342
2020-04-20,82.169006
2020-04-21,79.769005
2020-04-22,81.266762
2020-04-23,81.338951
2020-04-24,82.502853
2020-04-27,84.875801
2020-04-28,86.048744
2020-04-29,89.035233
2020-04-30,86.743477
2020-05-01,83.612633
2020-05-04,83.675797
2020-05-05,84.054749
2020-05-06,82.845703
2020-05-07,84.334457
2020-05-08,86.644234
2020-05-11,85.615639
2020-05-12,83.378044
2020-05-13,80.932922
2020-05-14,82.187065
2020-05-15,82.340462
2020-05-18,86.842743
2020-05-19,85.642738
2020-05-20,87.203644
2020-05-21,86.815674
2020-05-22,86.887856
2020-05-26,89.702881
2020-05-27,91.922462
2020-05-28,91.002151
2020-05-29,90.866821
2020-06-01,91.931488
2020-06-02,93.095428
2020-06-03,95.612732
2020-06-04,96.099953
2020-06-05,99.645836
2020-06-08,102.036827
2020-06-09,99.483429
2020-06-10,97.029289
2020-06-11,90.316422
2020-06-12,92.120972
2020-06-15,93.140533
2020-06-16,95.080368
2020-06-17,94.015724
2020-06-18,93.952545
2020-06-19,92.978111
2020-06-22,93.082314
2020-06-23,93.191025
2020-06-24,90.110626
2020-06-25,91.034782
2020-06-26,89.186523
2020-06-29,90.962265
2020-06-30,92.194435
2020-07-01,92.067589
2020-07-02,92.620255
2020-07-06,93.634972
2020-07-07,92.140076
2020-07-08,92.41185
2020-07-09,90.944138
2020-07-10,92.475288
2020-07-13,92.040398
2020-07-14,93.535301
2020-07-15,95.700653
2020-07-16,95.564758
2020-07-17,95.890907
2020-07-20,95.383537
2020-07-21,96.334839
2020-07-22,97.104958
2020-07-23,96.941856
2020-07-24,96.235176
2020-07-27,96.624771
2020-07-28,96.035881
2020-07-29,97.612289
2020-07-30,96.842194
2020-07-31,96.796906
2020-08-03,97.032455
2020-08-04,97.512634
2020-08-05,98.300865
2020-08-06,98.228378
2020-08-07,99.224945
2020-08-10,100.266861
2020-08-11,100.158188
2020-08-12,100.747063
2020-08-13,100.25782
2020-08-14,100.547745
2020-08-17,100.593025
2020-08-18,100.013168
2020-08-19,99.623627
2020-08-20,99.161545
2020-08-21,98.980354
2020-08-24,100.602097
2020-08-25,100.602097
2020-08-26,100.429947
2020-08-27,100.946358
2020-08-28,101.7799
2020-08-31,100.928246
2020-09-01,101.444672
2020-09-02,103.247612
2020-09-03,100.873878
2020-09-04,100.638359
2020-09-08,98.545464
2020-09-09,99.687027
2020-09-10,98.255554
2020-09-11,98.771957
2020-09-14,100.366539
2020-09-15,100.466202
2020-09-16,101.136627
2020-09-17,100.701752
2020-09-18,99.487724
2020-09-21,96.982178
2020-09-22,97.437218
2020-09-23,95.343964
2020-09-24,95.498672
2020-09-25,96.827446
2020-09-28,98.693176
2020-09-29,97.901375
2020-09-30,98.392838
2020-10-01,98.747795
2020-10-02,99.184647
2020-10-05,100.922989
2020-10-06,99.885452
2020-10-07,101.705688
2020-10-08,103.20739
2020-10-09,103.362091
2020-10-12,104.162979
2020-10-13,103.107269
2020-10-14,102.825134
2020-10-15,103.298401
2020-10-16,103.20739
2020-10-19,101.833092
2020-10-20,102.388268
2020-10-21,102.042419
2020-10-22,103.343903
2020-10-23,103.889954
2020-10-26,101.469048
2020-10-27,100.249474
2020-10-28,97.182381
2020-10-29,98.165314
2020-10-30,97.846771
2020-11-02,100.031052
2020-11-03,102.115227
2020-11-04,102.197128
2020-11-05,104.181213
2020-11-06,103.753441
2020-11-09,108.203911
2020-11-10,108.795494
2020-11-11,108.595253
2020-11-12,106.902481
2020-11-13,109.259659
2020-11-16,111.544037
2020-11-17,111.280121
2020-11-18,109.960434
2020-11-19,110.515602
2020-11-20,109.88765
2020-11-23,111.516747
2020-11-24,113.946754
2020-11-25,113.100357
2020-11-27,113.045738
2020-11-30,111.835281
2020-12-01,112.872818
2020-12-02,113.19136
2020-12-03,113.828453
2020-12-04,115.657791
2020-12-07,115.084427
2020-12-08,115.402962
2020-12-09,115.029808
2020-12-10,115.129936
2020-12-11,114.420044
2020-12-14,113.600922
2020-12-15,115.484863
2020-12-16,115.239136
2020-12-17,115.894417
2020-12-18,115.621376
2020-12-21,114.70076
2020-12-22,114.262398
2020-12-23,114.929085
2020-12-24,115.148293
2020-12-28,115.495346
2020-12-29,114.919952
2020-12-30,115.741936
2020-12-31,116.481712
2021-01-04,114.801247
2021-01-05,115.778488
2021-01-06,118.545769
2021-01-07,119.723923
2021-01-08,119.933968
2021-01-11,119.796989
2021-01-12,120.737648
2021-01-13,120.344948
2021-01-14,120.746819
2021-01-15,119.842667
2021-01-19,120.418015
2021-01-20,121.166908
2021-01-21,120.555016
2021-01-22,120.043571
2021-01-25,119.933968
2021-01-26,119.340302
2021-01-27,116.591301
2021-01-28,117.623322
2021-01-29,115.531883
2021-02-01,117.066216
2021-02-02,118.60968
2021-02-03,118.920219
2021-02-04,120.436256
2021-02-05,121.057327
2021-02-08,122.472969
2021-02-09,122.427284
2021-02-10,122.801727
2021-02-11,122.838234
2021-02-12,123.578033
2021-02-16,123.669365
2021-02-17,123.605415
2021-02-18,122.911308
2021-02-19,123.842873
2021-02-22,124.052917
2021-02-23,124.381714
2021-02-24,126.345291
2021-02-25,123.404472
2021-02-26,122.564255
2021-03-01,125.340675
2021-03-02,124.719635
2021-03-03,124.080338
2021-03-04,122.390717
2021-03-05,125.185425
2021-03-08,126.007378
2021-03-09,126.190041
2021-03-10,127.486938
2021-03-11,128.345398
2021-03-12,129.322647
2021-03-15,130.418564
2021-03-16,129.213074
2021-03-17,129.879776
2021-03-18,128.610275
2021-03-19,128.372803
2021-03-22,128.543457
2021-03-23,126.690109
2021-03-24,126.52494
2021-03-25,128.048004
2021-03-26,130.442734
2021-03-29,129.763763
2021-03-30,130.01149
2021-03-31,129.974823
2021-04-01,131.277649
2021-04-05,132.470428
2021-04-06,132.64476
2021-04-07,132.149323
2021-04-08,132.397018
2021-04-09,133.158554
2021-04-12,133.387939
2021-04-13,133.158554
2021-04-14,133.369537
2021-04-15,134.415543
2021-04-16,135.011948
2021-04-19,134.37883
2021-04-20,133.378754
2021-04-21,135.140427
2021-04-22,134.287109
2021-04-23,135.736755
2021-04-26,135.966156
2021-04-27,136.112946
2021-04-28,136.149658
2021-04-29,137.039627
2021-04-30,136.048721
2021-05-03,136.856125
2021-05-04,136.700165
2021-05-05,136.984573
2021-05-06,137.6819
2021-05-07,139.131561
2021-05-10,138.66362
2021-05-11,136.993729
2021-05-12,133.956802
2021-05-13,135.764282
2021-05-14,137.892899
2021-05-17,137.746124
2021-05-18,136.525818
2021-05-19,135.819366
2021-05-20,136.846954
2021-05-21,137.030472
2021-05-24,137.819489
2021-05-25,137.241501
2021-05-26,137.709412
2021-05-27,138.388382
2021-05-28,138.654434
2021-06-01,139.113205
2021-06-02,139.214127
2021-06-03,139.012268
2021-06-04,139.700424
2021-06-07,139.452698
2021-06-08,139.626999
2021-06-09,138.993912
2021-06-10,139.26001
2021-06-11,139.626999
2021-06-14,139.195831
2021-06-15,139.214127
2021-06-16,138.269089
2021-06-17,136.911194
2021-06-18,134.553177
2021-06-21,137.147995
2021-06-22,137.433243
2021-06-23,137.203217
2021-06-24,138.10495
2021-06-25,139.071091
2021-06-28,138.491364
2021-06-29,138.390198
2021-06-30,138.693817
2021-07-01,139.659958
2021-07-02,140.074066
2021-07-06,138.850266
2021-07-07,139.181534
2021-07-08,137.902496
2021-07-09,139.862411
2021-07-12,140.313293
2021-07-13,138.988312
2021-07-14,138.785873
2021-07-15,138.417816
2021-07-16,137.387238
2021-07-19,134.902863
2021-07-20,137.460846
2021-07-21,138.841049
2021-07-22,138.45459
2021-07-23,139.604782
2021-07-26,140.000427
2021-07-27,139.752014
2021-07-28,139.825623
2021-07-29,140.874588
2021-07-30,140.488113
2021-08-02,140.276474
2021-08-03,141.454285
2021-08-04,140.120056
2021-08-05,141.178223
2021-08-06,141.75795
2021-08-09,141.435913
2021-08-10,142.098389
2021-08-11,143.009323
2021-08-12,142.93573
2021-08-13,142.917313
2021-08-16,142.963318
2021-08-17,141.88678
2021-08-18,140.423721
2021-08-19,140.110855
2021-08-20,141.123032
2021-08-23,142.181213
2021-08-24,142.760864
2021-08-25,143.515396
2021-08-26,142.530838
2021-08-27,144.058289
2021-08-30,143.846649
2021-08-31,143.819107
2021-09-01,143.846649
2021-09-02,144.822006
2021-09-03,144.352722
2021-09-07,143.147339
2021-09-08,143.055344
2021-09-09,142.650497
2021-09-10,141.711914
2021-09-13,142.107605
2021-09-14,141.095444
2021-09-15,142.346802
2021-09-16,142.079971
2021-09-17,140.819382
2021-09-20,138.692505
2021-09-21,138.193832
2021-09-22,139.745331
2021-09-23,141.795547
2021-09-24,142.035645
2021-09-27,142.506622
2021-09-28,140.373306
2021-09-29,140.678085
2021-09-30,138.360077
2021-10-01,140.225571
2021-10-04,139.338959
2021-10-05,140.336395
2021-10-06,140.530304
2021-10-07,141.721619
2021-10-08,141.389175
2021-10-11,140.613449
2021-10-12,140.650391
2021-10-13,140.881226
2021-10-14,143.300858
2021-10-15,143.790268
2021-10-18,143.845718
2021-10-19,144.686142
2021-10-20,145.794312
2021-10-21,145.969788
2021-10-22,146.385376
2021-10-25,146.717819
2021-10-26,146.431519
2021-10-27,144.482956
2021-10-28,145.951324
2021-10-29,145.692719
2021-11-01,146.856354
2021-11-02,147.262711
2021-11-03,148.130783
2021-11-04,147.826065
2021-11-05,148.952698
2021-11-08,149.174377
2021-11-09,149.155884
2021-11-10,148.204651
2021-11-11,148.56488
2021-11-12,149.285187
2021-11-15,149.543762
2021-11-16,149.737701
2021-11-17,148.943512
2021-11-18,148.398621
2021-11-19,147.438202
2021-11-22,147.669037
2021-11-23,148.278549
2021-11-24,148.352402
2021-11-26,144.492157
2021-11-29,145.702011
2021-11-30,141.841675
2021-12-01,140.077805
2021-12-02,143.467117
2021-12-03,142.682068
2021-12-06,144.796921
2021-12-07,147.244278
2021-12-08,147.622894
2021-12-09,146.570068
2021-12-10,147.521286
2021-12-13,146.450027
2021-12-14,145.572693
2021-12-15,147.161118
2021-12-16,146.902527
2021-12-17,144.953964
2021-12-20,143.466446
2021-12-21,146.37471
2021-12-22,147.402756
2021-12-23,148.40303
2021-12-27,150.301758
2021-12-28,150.533295
2021-12-29,150.977859
2021-12-30,150.737061
2021-12-31,150.737061
2022-01-03,150.866684
2022-01-04,152.080002
2022-01-05,149.736786
2022-01-06,150.070175
2022-01-07,149.829391
2022-01-10,149.079193
2022-01-11,150.486984
2022-01-12,150.607391
2022-01-13,149.912735
2022-01-14,149.653397
2022-01-18,147.273071
2022-01-19,145.744919
2022-01-20,143.892502
2022-01-21,141.790085
2022-01-24,142.855179
2022-01-25,141.50293
2022-01-26,140.363724
2022-01-27,139.576447
2022-01-28,141.966003
2022-01-31,144.151825
2022-02-01,145.272552
2022-02-02,146.217239
2022-02-03,144.364853
2022-02-04,144.235214
2022-02-07,144.327835
2022-02-08,145.652267
2022-02-09,148.115936
2022-02-10,145.781906
2022-02-11,143.855469
2022-02-14,142.707016
2022-02-15,144.88353
2022-02-16,145.365128
2022-02-17,142.753326
2022-02-18,142.21611
2022-02-22,140.799072
2022-02-23,138.622528
2022-02-24,139.94696
2022-02-25,143.707275
2022-02-28,142.864441
2022-03-01,140.410034
2022-03-02,143.401657
2022-03-03,143.105301
2022-03-04,142.243896
2022-03-07,138.307602
2022-03-08,137.316589
2022-03-09,140.224792
2022-03-10,139.956238
2022-03-11,138.483551
2022-03-14,137.974167
2022-03-15,140.197021
2022-03-16,142.845901
2022-03-17,144.642715
2022-03-18,145.568924
2022-03-21,145.163437
2022-03-22,146.38179
2022-03-23,144.289124
2022-03-24,145.972534
2022-03-25,146.967758
2022-03-28,147.404892
2022-03-29,149.850891
2022-03-30,148.706955
2022-03-31,146.679398
2022-04-01,147.153732
2022-04-04,147.46994
2022-04-05,145.898132
2022-04-06,145.163437
2022-04-07,145.609848
2022-04-08,145.916748
2022-04-11,144.503067
2022-04-12,144.019455
2022-04-13,145.647034
2022-04-14,144.651886
2022-04-18,144.344955
2022-04-19,146.902603
2022-04-20,147.84198
2022-04-21,145.70285
2022-04-22,141.731506
2022-04-25,142.159332
2022-04-26,138.75531
2022-04-27,139.015747
2022-04-28,141.433899
2022-04-29,137.137009
2022-05-02,137.509018
2022-05-03,138.643723
2022-05-04,142.503433
2022-05-05,138.215851
2022-05-06,136.951019
2022-05-09,132.886658
2022-05-10,132.542496
2022-05-11,130.831238
2022-05-12,131.389252
2022-05-13,134.393326
2022-05-16,133.919022
2022-05-17,136.755646
2022-05-18,131.612457
2022-05-19,131.31485
2022-05-20,131.31485
2022-05-23,133.16568
2022-05-24,132.337936
2022-05-25,133.86322
2022-05-26,136.690567
2022-05-27,139.82489
2022-05-31,138.513474
2022-06-01,137.044022
2022-06-02,139.45285
2022-06-03,137.806671
2022-06-06,138.308868
2022-06-07,139.629578
2022-06-08,137.657837
2022-06-09,134.532852
2022-06-10,130.868439
2022-06-13,125.604309
2022-06-14,124.953262
2022-06-15,126.153008
2022-06-16,121.688751
2022-06-17,121.967773
2022-06-21,124.074486
2022-06-22,124.00901
2022-06-23,125.037636
2022-06-24,129.105179
2022-06-27,129.039719
2022-06-28,127.076057
2022-06-29,126.299973
2022-06-30,125.514488
2022-07-01,127.048004
2022-07-05,126.748802
2022-07-06,126.77684
2022-07-07,128.618958
2022-07-08,128.142014
2022-07-11,126.963844
2022-07-12,126.356079
2022-07-13,125.65477
2022-07-14,124.663574
2022-07-15,127.029312
2022-07-18,126.477585
2022-07-19,130.105682
2022-07-20,130.975296
2022-07-21,131.994537
2022-07-22,131.227768
2022-07-25,131.555069
2022-07-26,130.526459
2022-07-27,133.060486
2022-07-28,135.164429
2022-07-29,136.370636
2022-08-01,136.108841
2022-08-02,135.145721
2022-08-03,136.54834
2022-08-04,136.258438
2022-08-05,136.408081
2022-08-08,136.791443
2022-08-09,135.996613
2022-08-10,138.904709
2022-08-11,139.521835
2022-08-12,141.77536
2022-08-15,142.083908
2022-08-16,142.495377
2022-08-17,141.158234
2022-08-18,141.607071
2022-08-19,139.736877
2022-08-22,136.819489
2022-08-23,136.464188
2022-08-24,137.146729
2022-08-25,139.260025
2022-08-26,134.771698
2022-08-29,133.986237
2022-08-30,132.57428
2022-08-31,131.620483
2022-09-01,131.732681
2022-09-02,130.778931
2022-09-06,130.414276
2022-09-07,133.275558
2022-09-08,134.42572
2022-09-09,136.27713
2022-09-12,137.548859
2022-09-13,132.10675
2022-09-14,132.097351
2022-09-15,131.050095
2022-09-16,129.741013
2022-09-19,130.708542
2022-09-20,128.604416
2022-09-21,126.472122
2022-09-22,124.659233
2022-09-23,122.564499
2022-09-26,120.789146
2022-09-27,120.403999
2022-09-28,123.203255
2022-09-29,120.873688
2022-09-30,119.558609
2022-10-03,122.893242
2022-10-04,127.129639
2022-10-05,126.63179
2022-10-06,125.222832
2022-10-07,122.254509
2022-10-10,121.427895
2022-10-11,120.883072
2022-10-12,120.253731
2022-10-13,123.146896
2022-10-14,120.422798
2022-10-17,123.043579
2022-10-18,124.865845
2022-10-19,123.391098
2022-10-20,122.019661
2022-10-21,124.809509
2022-10-24,126.199722
2022-10-25,128.623199
2022-10-26,128.876831
2022-10-27,128.998932
2022-10-28,131.676025
2022-10-31,131.093658
2022-11-01,131.41304
2022-11-02,128.209915
2022-11-03,127.561729
2022-11-04,129.543732
2022-11-07,130.577011
2022-11-08,131.356659
2022-11-09,128.998932
2022-11-10,135.912476
2022-11-11,137.218124
2022-11-14,135.724594
2022-11-15,137.002075
2022-11-16,135.546066
2022-11-17,134.75708
2022-11-18,135.762161
2022-11-21,135.705826
2022-11-22,137.509323
2022-11-23,138.082321
2022-11-25,138.551987
2022-11-28,136.081467
2022-11-29,136.513626
2022-11-30,139.791916
2022-12-01,139.989136
2022-12-02,139.904617
2022-12-05,137.199356
2022-12-06,135.696396
2022-12-07,135.470947
2022-12-08,136.344528
2022-12-09,135.292465
2022-12-12,137.283875
2022-12-13,138.241989
2022-12-14,137.424789
2022-12-15,134.4095
2022-12-16,132.78447
2022-12-19,131.697922
2022-12-20,131.829956
2022-12-21,133.867218
2022-12-22,132.414749
2022-12-23,133.263596
2022-12-27,133.34848
2022-12-28,131.433807
2022-12-29,133.772934
2022-12-30,133.225876
2023-01-03,133.103256
2023-01-04,135.178268
2023-01-05,133.772934
2023-01-06,136.979797
2023-01-09,137.036377
2023-01-10,138.064468
2023-01-11,139.743332
2023-01-12,140.271515
2023-01-13,140.601654
2023-01-17,140.290405
2023-01-18,138.130478
2023-01-19,136.706268
2023-01-20,139.083115
2023-01-23,140.846878
2023-01-24,140.516754
2023-01-25,140.837418
2023-01-26,141.969269
2023-01-27,142.233337
2023-01-30,140.724243
2023-01-31,143.110519
2023-02-01,144.572449
2023-02-02,146.157043
2023-02-03,144.364975
2023-02-06,143.346298
2023-02-07,144.685654
2023-02-08,143.261429
2023-02-09,141.950394
2023-02-10,142.384277
2023-02-13,143.978287
2023-02-14,143.704742
2023-02-15,144.38382
2023-02-16,142.752121
2023-02-17,142.450317
2023-02-21,139.356628
2023-02-22,139.186874
2023-02-23,139.705582
2023-02-24,138.507751
2023-02-27,138.677505
2023-02-28,138.271973
2023-03-01,138.017288
2023-03-02,139.101974
2023-03-03,141.054382
2023-03-06,140.375275
2023-03-07,138.111603
2023-03-08,138.404007
2023-03-09,135.348083
2023-03-10,132.490204
2023-03-13,130.867889
2023-03-14,132.707092
2023-03-15,130.84903
2023-03-16,132.424149
2023-03-17,130.188782
2023-03-20,131.87706
2023-03-21,133.640244
2023-03-22,130.635284
2023-03-23,130.199188
2023-03-24,131.308304
2023-03-27,132.180405
2023-03-28,132.445831
2023-03-29,134.436493
2023-03-30,135.100082
2023-03-31,137.090714
2023-04-03,137.204483
2023-04-04,135.829987
2023-04-05,135.545593
2023-04-06,135.640381
2023-04-10,136.465118
2023-04-11,137.356155
2023-04-12,136.692566
2023-04-13,137.744812
2023-04-14,137.119156
2023-04-17,138.048187
2023-04-18,138.057617
2023-04-19,138.095551
2023-04-20,137.337204
2023-04-21,137.375137
2023-04-24,137.631042
2023-04-25,135.289627
2023-04-26,133.877213
2023-04-27,136.076416
2023-04-28,137.583633
2023-05-01,137.460419
2023-05-02,135.403397
2023-05-03,134.616592
2023-05-04,133.336899
2023-05-05,135.583481
2023-05-08,135.337036
2023-05-09,134.834671
2023-05-10,134.815704
2023-05-11,134.142639
2023-05-12,134.15213
2023-05-15,134.910492
2023-05-16,133.005142
2023-05-17,134.692459
2023-05-18,135.782547
2023-05-19,135.422363
2023-05-22,135.630905
2023-05-23,134.180557
2023-05-24,132.720703
2023-05-25,132.635422
2023-05-26,133.744507
2023-05-30,133.507523
2023-05-31,132.341553
2023-06-01,133.336899
2023-06-02,136.247055
2023-06-05,135.782547
2023-06-06,136.702072
2023-06-07,137.706894
2023-06-08,137.763763
2023-06-09,137.602615
2023-06-12,138.512619
2023-06-13,139.849213
2023-06-14,139.583817
2023-06-15,141.195282
2023-06-16,141.081543
2023-06-20,139.798218
2023-06-21,139.598312
2023-06-22,139.027008
2023-06-23,137.827454
2023-06-26,138.665237
2023-06-27,140.359909
2023-06-28,140.121887
2023-06-29,141.216751
2023-06-30,142.463913
2023-07-03,142.816162
2023-07-05,142.206848
2023-07-06,141.04538
2023-07-07,141.397598
2023-07-10,142.663879
2023-07-11,144.272797
2023-07-12,144.93924
2023-07-13,145.62468
2023-07-14,144.767868
2023-07-17,145.043976
2023-07-18,145.938858
2023-07-19,146.662445
2023-07-20,146.510086
2023-07-21,146.719543
2023-07-24,147.128906
2023-07-25,147.233658
2023-07-26,147.566879
2023-07-27,146.272079
2023-07-28,146.995636
2023-07-31,147.452637
2023-08-01,146.852829
2023-08-02,145.453339
2023-08-03,144.729797
2023-08-04,144.082397
2023-08-07,145.300995
2023-08-08,144.577454
2023-08-09,144.158524
2023-08-10,143.987198
2023-08-11,144.015747
2023-08-14,143.987198
2023-08-15,142.092621
2023-08-16,141.054901
2023-08-17,139.969543
2023-08-18,140.217072
2023-08-21,140.188522
2023-08-22,139.636368
2023-08-23,140.797821
2023-08-24,139.445923
2023-08-25,140.150452
2023-08-28,141.197693
2023-08-29,142.787613
2023-08-30,143.235062
2023-08-31,142.730484
2023-09-01,143.32077
2023-09-05,141.549942
2023-09-06,141.064423
2023-09-07,140.502716
2023-09-08,140.569351
2023-09-11,140.797821
2023-09-12,140.616928
2023-09-13,140.055222
2023-09-14,141.692764
2023-09-15,140.502716
2023-09-18,140.166122
2023-09-19,139.936646
2023-09-20,139.296005
2023-09-21,136.982056
2023-09-22,136.437012
2023-09-25,136.781235
2023-09-26,134.85936
2023-09-27,134.907166
2023-09-28,135.844208
2023-09-29,135.48085
2023-10-02,133.950943
2023-10-03,132.344604
2023-10-04,133.099976
2023-10-05,132.717514
2023-10-06,133.864914
2023-10-09,134.821091
2023-10-10,135.853775
2023-10-11,136.14061
2023-10-12,134.438644
2023-10-13,134.142227
2023-10-16,135.815521
2023-10-17,136.484848
2023-10-18,134.323883
2023-10-19,132.660126
2023-10-20,131.005936
2023-10-23,130.174072
2023-10-24,131.005936
2023-10-25,129.562103
2023-10-26,129.294403
2023-10-27,127.802757
2023-10-30,128.806732
2023-10-31,129.877655
2023-11-01,130.31749
2023-11-02,133.205139
2023-11-03,135.385239
2023-11-06,134.677689
2023-11-07,134.390808
2023-11-08,134.170883
2023-11-09,133.033051
2023-11-10,134.591599
2023-11-13,134.419495
2023-11-14,138.253754
2023-11-15,138.903976
2023-11-16,138.444992
2023-11-17,139.114349
2023-11-20,139.668915
2023-11-21,139.410736
2023-11-22,140.060944
2023-11-24,140.472107
2023-11-27,140.185257
2023-11-28,140.051361
2023-11-29,140.605972
2023-11-30,141.801163
2023-12-01,143.933426
2023-12-04,144.000412
2023-12-05,142.719116
2023-12-06,142.766907
2023-12-07,143.522339
2023-12-08,143.97171
2023-12-11,145.252991
2023-12-12,145.511169
2023-12-13,148.599625
2023-12-14,150.626724
2023-12-15,149.555786
2023-12-18,149.622009
2023-12-19,150.879501
2023-12-20,148.383743
2023-12-21,150.207565
2023-12-22,150.716339
2023-12-26,151.580246
2023-12-27,151.724258
2023-12-28,152.060211
2023-12-29,151.47464
2024-01-02,151.522644
2024-01-03,149.286041
2024-01-04,149.036484
2024-01-05,149.46846
2024-01-08,151.071518
2024-01-09,150.303574
2024-01-10,150.562759
2024-01-11,150.130768
2024-01-12,149.7948
2024-01-16,148.844513
2024-01-17,147.673401
2024-01-18,148.431717
2024-01-19,149.574036
2024-01-22,150.361145
2024-01-23,150.437958
2024-01-24,149.660416
2024-01-25,151.16748
2024-01-26,151.186691
2024-01-29,152.1082
2024-01-30,152.137009
2024-01-31,150.188354
2024-02-01,151.935425
2024-02-02,151.801025
2024-02-05,150.49556
2024-02-06,151.445877
2024-02-07,152.041
2024-02-08,152.376984
2024-02-09,152.559372
2024-02-12,153.596069
2024-02-13,151.042694
2024-02-14,152.424957
2024-02-15,154.31604
2024-02-16,153.615295
2024-02-20,153.260117
2024-02-21,153.567276
2024-02-22,155.093552
2024-02-23,155.506317
2024-02-26,154.882385
2024-02-27,155.563904
2024-02-28,155.621506
2024-02-29,156.264648
2024-03-01,157.358948
2024-03-04,157.646912
2024-03-05,156.926971
2024-03-06,157.819687
2024-03-07,159.058014
2024-03-08,158.87561
2024-03-11,159.077194
2024-03-12,159.48996
2024-03-13,159.566757
2024-03-14,158.136475
2024-03-15,157.82933
2024-03-18,158.263062
2024-03-19,159.207687
2024-03-20,160.566772
2024-03-21,161.665634
2024-03-22,160.624619
2024-03-25,160.277603
2024-03-26,160.123383
2024-03-27,162.687363
2024-03-28,163.256042
2024-04-01,162.29216
2024-04-02,160.894516
2024-04-03,161.067978
2024-04-04,159.429367
2024-04-05,160.383636
2024-04-08,160.875214
2024-04-09,161.511414
2024-04-10,158.764297
2024-04-11,158.648605
2024-04-12,156.132812
2024-04-15,154.783371
2024-04-16,153.925522
2024-04-17,153.607407
2024-04-18,153.46283
2024-04-19,154.041153
2024-04-22,155.217133
2024-04-23,156.595505
2024-04-24,156.8172
2024-04-25,156.489487
2024-04-26,156.566589
2024-04-29,157.655792
2024-04-30,155.380981
2024-05-01,154.85083
2024-05-02,155.805084
2024-05-03,156.913605
2024-05-06,158.118469
2024-05-07,158.561859
2024-05-08,158.523346
2024-05-09,159.853516
2024-05-10,160.113739
2024-05-13,160.07518
2024-05-14,160.71138
2024-05-15,161.993362
2024-05-16,161.733109
2024-05-17,161.97406
2024-05-20,161.839142
2024-05-21,161.771667
2024-05-22,161.154755
2024-05-23,158.899231
2024-05-24,159.949905
2024-05-28,158.84137
2024-05-29,156.981064
2024-05-30,157.703979
2024-05-31,159.79567
2024-06-03,158.947418
2024-06-04,158.465469
2024-06-05,159.429367
2024-06-06,159.120926
2024-06-07,158.61969
2024-06-10,159.043808
2024-06-11,158.388367
2024-06-12,159.236588
2024-06-13,158.783569
2024-06-14,157.771469
2024-06-17,158.918503
2024-06-18,159.313705
2024-06-20,159.410095
2024-06-21,159.612518
2024-06-24,160.379974
2024-06-25,159.276718
2024-06-26,158.676666
2024-06-27,158.870239
2024-06-28,158.986389
2024-07-01,157.699219
2024-07-02,158.405716
2024-07-03,158.473434
2024-07-05,158.405716
2024-07-08,158.715393
2024-07-09,158.444412
2024-07-10,159.750916
2024-07-11,161.676788
2024-07-12,163.099396
2024-07-15,163.283325
2024-07-16,166.176941
2024-07-17,165.499481
2024-07-18,164.076874
2024-07-19,162.973602
2024-07-22,164.260757
2024-07-23,163.680069
2024-07-24,161.763901
2024-07-25,161.957443
2024-07-26,164.270416
2024-07-29,164.493027
2024-07-30,165.286606
2024-07-31,166.070496
2024-08-01,164.222061
2024-08-02,161.396149
2024-08-05,157.583115
2024-08-06,159.19928
2024-08-07,158.07666
2024-08-08,160.941284
2024-08-09,161.279984
2024-08-12,160.505768
2024-08-13,162.334869
2024-08-14,162.673615
2024-08-15,164.880127
2024-08-16,165.276917
2024-08-19,166.535019
2024-08-20,165.876923
2024-08-21,167.038269
2024-08-22,166.564072
2024-08-23,168.683502
2024-08-26,168.654465
2024-08-27,168.731873
2024-08-28,168.267334
2024-08-29,168.896408
2024-08-30,170.202896
2024-09-03,168.015732
2024-09-04,167.773788
2024-09-05,166.74794
2024-09-06,164.95755
2024-09-09,166.554413
2024-09-10,166.651169
2024-09-11,166.728592
2024-09-12,167.764114
2024-09-13,169.370605
2024-09-16,170.59967
2024-09-17,170.851303
2024-09-18,170.531937
2024-09-19,172.351364
2024-09-20,171.722305
2024-09-23,172.601578
2024-09-24,172.854218
2024-09-25,171.785446
2024-09-26,173.223404
2024-09-27,173.845184
2024-09-30,174.06868
2024-10-01,173.145691
2024-10-02,172.96106
2024-10-03,172.144958
2024-10-04,173.495453
2024-10-07,172.144958
2024-10-08,172.553009
2024-10-09,173.738358
2024-10-10,173.087387
2024-10-11,174.787643
2024-10-14,176.070145
2024-10-15,175.273422
2024-10-16,176.458771
2024-10-17,176.177017
2024-10-18,176.70166
2024-10-21,175.195724
2024-10-22,174.408737
2024-10-23,173.835495
2024-10-24,173.874374
2024-10-25,173.048523
2024-10-28,174.029816
2024-10-29,173.505188
2024-10-30,173.126251
2024-10-31,171.280212
2024-11-01,171.3871
2024-11-04,171.591125
2024-11-05,173.59259
2024-11-06,177.702393
2024-11-07,177.877274
2024-11-08,178.868317
2024-11-11,179.762146
2024-11-12,178.392227
2024-11-13,178.489395
2024-11-14,177.061157
2024-11-15,175.798096
2024-11-18,176.507355
2024-11-19,176.031281
2024-11-20,176.623932
2024-11-21,178.848846
2024-11-22,180.25766
2024-11-25,181.889908
2024-11-26,181.909363
2024-11-27,181.734467
2024-11-29,182.288269
2024-12-02,181.831619
2024-12-03,181.025223
2024-12-04,181.034927
2024-12-05,180.131332
2024-12-06,179.927322
2024-12-09,179.188904
2024-12-10,178.091034
2024-12-11,178.256195
2024-12-12,177.60524
2024-12-13,176.983429
2024-12-16,176.400467
2024-12-17,175.011124
2024-12-18,169.832581
2024-12-19,169.269073
2024-12-20,171.639725
2024-12-23,171.873718
2024-12-24,173.170486
2024-12-26,173.453232
2024-12-27,172.273483
2024-12-30,170.537994
2024-12-31,170.84996
2025-01-02,170.352722
2025-01-03,171.912735
2025-01-06,171.795731
2025-01-07,171.220459
2025-01-08,171.425262
2025-01-10,168.919464
2025-01-13,170.303986
2025-01-14,171.678741
2025-01-15,173.326508
2025-01-16,174.691498
2025-01-17,175.539749
2025-01-21,177.577515
2025-01-22,176.953506
2025-01-23,177.792038
2025-01-24,177.636002
2025-01-27,177.753006
2025-01-28,176.875488
2025-01-29,176.290497
2025-01-30,178.172256
2025-01-31,176.709763
2025-02-03,175.744492
2025-02-04,175.959
2025-02-05,176.817001
2025-02-06,176.582993
2025-02-07,175.71524
2025-02-10,176.212479
2025-02-11,176.231995
2025-02-12,175.208237
2025-02-13,176.729248
2025-02-14,176.553741
2025-02-18,177.909012
2025-02-19,178.269745
2025-02-20,177.821259
2025-02-21,175.325226
2025-02-24,175.471497
2025-02-25,175.647003
2025-02-26,175.276489
2025-02-27,173.745743
2025-02-28,175.676239
2025-03-03,173.804245
2025-03-04,170.996216
2025-03-05,172.585495
2025-03-06,170.6745
2025-03-07,172.273483
2025-03-10,169.845718
2025-03-11,167.58371
2025-03-12,166.793961
2025-03-13,165.194931
2025-03-14,168.344208
2025-03-17,170.615982
2025-03-18,169.728729
2025-03-19,170.986465
2025-03-20,170.274704
2025-03-21,169.49472
2025-03-24,172.121246
2025-03-25,171.709793
2025-03-26,171.38649
2025-03-27,170.945633
2025-03-28,168.310272
2025-03-31,169.711227
2025-04-01,169.887558
2025-04-02,171.308121
2025-04-03,163.147324
2025-04-04,153.987228
2025-04-07,152.703842
2025-04-08,149.823563
2025-04-09,161.805145
2025-04-10,156.358093
2025-04-11,158.728928
2025-04-14,160.756882
2025-04-15,160.237656
2025-04-16,158.180313
2025-04-17,159.355927
2025-04-21,156.152344
2025-04-22,160.002533
2025-04-23,161.550446
2025-04-24,164.283752
2025-04-25,164.04863
2025-04-28,164.509094
2025-04-29,165.469162
2025-04-30,165.7043
2025-05-01,165.478973
2025-05-02,168.398438
2025-05-05,167.840027
2025-05-06,166.595825
2025-05-07,167.693069
2025-05-08,169.103821
2025-05-09,169.064636
2025-05-12,173.698563
2025-05-13,174.090408
2025-05-14,173.04216
2025-05-15,174.619476
2025-05-16,176.333908
2025-05-19,176.314301
2025-05-20,175.853867
2025-05-21,172.02327
2025-05-22,171.474655
2025-05-23,170.788895
2025-05-27,173.972855
2025-05-28,172.493546
2025-05-29,172.91481
2025-05-30,172.846222
2025-06-02,172.983398
2025-06-03,174.423508
2025-06-04,174.031647
2025-06-05,173.561417
2025-06-06,175.060303
2025-06-09,175.089706
2025-06-10,175.961624
2025-06-11,175.461975
2025-06-12,175.873459
2025-06-13,173.747528
2025-06-16,175.422791
2025-06-17,173.737732
2025-06-18,173.757355
2025-06-20,174.041428
2025-06-23,175.577957
2025-06-24,177.240372
2025-06-25,175.961594
2025-06-26,177.289566
2025-06-27,177.938812
2025-06-30,178.774933
2025-07-01,180.870178
2025-07-02,181.28331
2025-07-03,182.158813
2025-07-07,180.702942
2025-07-08,181.155457
2025-07-09,181.696472
2025-07-10,182.749023
2025-07-11,181.411194
2025-07-14,181.598099
2025-07-15,179.07988
2025-07-16,179.778275
2025-07-17,181.243988
2025-07-18,181.175125
2025-07-21,180.555389
2025-07-22,182.857239
2025-07-23,184.372101
2025-07-24,183.781891
2025-07-25,184.667206
2025-07-28,183.575302
2025-07-29,183.486786
2025-07-30,182.296524
2025-07-31,180.634094
2025-08-01,178.59787
2025-08-04,180.781647
2025-08-05,180.279984
2025-08-06,179.876648
2025-08-07,179.768448
2025-08-08,180.093063
2025-08-11,179.601212
2025-08-12,181.883377
2025-08-13,184.480301
2025-08-14,183.280212
2025-08-15,182.827713
2025-08-18,182.788376
2025-08-19,183.644165
2025-08-20,183.476944
2025-08-21,182.83754
2025-08-22,186.398483
2025-08-25,184.972153
2025-08-26,185.100021
2025-08-27,185.768936
2025-08-28,185.680389
2025-08-29,185.542664
2025-09-02,184.076996
2025-09-03,183.791718
2025-09-04,185.1492
2025-09-05,185.365631
2025-09-08,185.218063
2025-09-09,184.647537
2025-09-10,184.460632
2025-09-11,187.224777
2025-09-12,185.877136
2025-09-15,185.552521
2025-09-16,185.060669
2025-09-17,185.237762
2025-09-18,186.447662
2025-09-19,186.123062
2025-09-22,186.211975
2025-09-23,186.439224
2025-09-24,186.004517
2025-09-25,184.473145
2025-09-26,186.300888
2025-09-29,186.923309
2025-09-30,187.417282
2025-10-01,187.842117
2025-10-02,188.286697
2025-10-03,188.948624
2025-10-06,188.889359
2025-10-07,188.059479
2025-10-08,188.672012
2025-10-09,187.111023
2025-10-10,182.89241
2025-10-13,184.670746
2025-10-14,186.202087
2025-10-15,186.57753
2025-10-16,184.809052
2025-10-17,185.747635
2025-10-20,187.604996
2025-10-21,188.464539
2025-10-22,187.555588
2025-10-23,188.444794
2025-10-24,188.958527
2025-10-27,189.798294
2025-10-28,188.168152
2025-10-29,186.063766
2025-10-30,185.263519
2025-10-31,185.668579
2025-11-03,185.214127
2025-11-04,183.989044
2025-11-05,185.065948
2025-11-06,183.76181
2025-11-07,185.303024
2025-11-10,186.370041
2025-11-11,187.44693
2025-11-12,187.89151
2025-11-13,185.76738
2025-11-14,185.085678
2025-11-17,182.655289
2025-11-18,182.763977
2025-11-19,182.210709
2025-11-20,179.987778
2025-11-21,183.524704
2025-11-24,184.285446
2025-11-25,186.903534
2025-11-26,188.207657
2025-11-28,189.225281
2025-12-01,187.931046
2025-12-02,187.753204
2025-12-03,189.18576
2025-12-04,189.245041
2025-12-05,189.689621
2025-12-08,188.553452
2025-12-09,188.1978
2025-12-10,190.845535
2025-12-11,192.386765
2025-12-12,191.082657
2025-12-15,191.319748
2025-12-16,189.976105
2025-12-17,189.462372
2025-12-18,189.867447
2025-12-19,190.559036
2025-12-22,191.971481
2025-12-23,191.525131
2025-12-24,192.219452
2025-12-26,192.269058
2025-12-29,191.95166
2025-12-30,191.644165
2025-12-31,190.007523
2026-01-02,191.297012
2026-01-05,193.072479
2026-01-06,195.403442
2026-01-07,193.211349
2026-01-08,194.867828
2026-01-09,195.998581
2026-01-12,196.177124
2026-01-13,196.177124
2026-01-14,197.069824
2026-01-15,197.942703
2026-01-16,197.436844
2026-01-20,194.490891
2026-01-21,197.783997
2026-01-22,198.041885
2026-01-23,197.159103
2026-01-26,197.625305
2026-01-27,197.317795
2026-01-28,196.653229
2026-01-29,196.911133
2026-01-30,196.474701
2026-02-02,197.486435
2026-02-03,196.960739
2026-02-04,198.676712
2026-02-05,196.95079
2026-02-06,200.620819
2026-02-09,200.739853
2026-02-10,201.454025
2026-02-11,201.811111
2026-02-12,199.162735
2026-02-13,201.225876
2026-02-17,200.878708
2026-02-18,201.920212
2026-02-19,201.493683
2026-02-20,202.435974
2026-02-23,200.214157
2026-02-24,201.811111
2026-02-25,201.930115
2026-02-26,203.070786
2026-02-27,203.308853
2026-03-02,202.931931
2026-03-03,200.442276
2026-03-04,201.245712
2026-03-05,198.914749
2026-03-06,196.544113
2026-03-09,197.099609
2026-03-10,195.621658
2026-03-11,194.976944
2026-03-12,191.961563
2026-03-13,191.95166
2026-03-16,193.37999
2026-03-17,194.461151
2026-03-18,191.902054
2026-03-19,191.753281
2026-03-20,188.936279
2026-03-23,190.950485
2026-03-24,191.179596
2026-03-25,192.106018
2026-03-26,190.34285
2026-03-27,187.732956
2026-03-30,187.344467
2026-03-31,191.179596
2026-04-01,191.797195
2026-04-02,192.345078
2026-04-06,193.17189
2026-04-07,192.743546
2026-04-08,197.196304
2026-04-09,197.315842
2026-04-10,195.891342
2026-04-13,198.062943
2026-04-14,198.88974
2026-04-15,198.959473
2026-04-16,199.865967
2026-04-17,202.376236
2026-04-20,203.013779
2026-04-21,201.7686
2026-04-22,201.67894
2026-04-23,201.668976
2026-04-24,201.250595
2026-04-27,201.01152
2026-04-28,199.985489
2026-04-29,199.636856
2026-04-30,202.655167
2026-05-01,202.037552
2026-05-04,200.862106
2026-05-05,202.455933
2026-05-06,204.059723
2026-05-07,202.754761
2026-05-08,203.312622
2026-05-11,203.203049
2026-05-12,203.023727
2026-05-13,202.137161
2026-05-14,202.874313
2026-05-15,200.78241
2026-05-18,202.017624
2026-05-19,200.842178
2026-05-20,203.043655
2026-05-21,203.920273
2026-05-22,205.783051
2026-05-26,206.838959
2026-05-27,206.689545
2026-05-28,207.446609
2026-05-29,208.024368
2026-06-01,208.402908
2026-06-02,209.229691
2026-06-03,208.442749
2026-06-04,210.016647
2026-06-05,207.028229
2026-06-08,206.809067
2026-06-09,208.38298
2026-06-10,205.733231
2026-06-11,208.940811
2026-06-12,210.833481
2026-06-15,212.058746
2026-06-16,211.351471
2026-06-17,208.183746
2026-06-18,209.150009
2026-06-22,209.610001
2026-06-23,208.889999
2026-06-24,210.380005
2026-06-25,211.75
2026-06-26,210.309998
2026-06-29,213.050003
2026-06-30,212.770004
2026-07-01,213.410004
2026-07-02,214.910004
2026-07-06,215.0
2026-07-07,214.729996
2026-07-08,212.199997
2026-07-09,213.5
2026-07-10,214.300003
2026-07-13,214.229996
2026-07-14,213.449997
2026-07-15,212.970001
2026-07-16,215.059998
2026-07-17,213.369995
2026-07-20,212.419998
2026-07-21,212.740005
