date,adj_close
2003-01-02,52.214924
2003-01-03,52.221329
2003-01-06,52.189472
2003-01-07,52.227715
2003-01-08,52.272297
2003-01-09,52.176754
2003-01-10,52.246754
2003-01-13,52.234085
2003-01-14,52.253181
2003-01-15,52.272297
2003-01-16,52.304127
2003-01-17,52.291428
2003-01-21,52.355011
2003-01-22,52.393227
2003-01-23,52.361431
2003-01-24,52.355011
2003-01-27,52.355011
2003-01-28,52.367775
2003-01-29,52.323193
2003-01-30,52.386929
2003-01-31,52.374172
2003-02-03,52.343582
2003-02-04,52.400909
2003-02-05,52.381813
2003-02-06,52.407333
2003-02-07,52.451977
2003-02-10,52.41367
2003-02-11,52.432774
2003-02-12,52.47747
2003-02-13,52.522102
2003-02-14,52.47747
2003-02-18,52.458355
2003-02-19,52.483833
2003-02-20,52.515766
2003-02-21,52.471069
2003-02-24,52.496616
2003-02-25,52.528473
2003-02-26,52.553997
2003-02-27,52.553997
2003-02-28,52.579483
2003-03-03,52.596745
2003-03-04,52.590336
2003-03-05,52.635117
2003-03-06,52.654182
2003-03-07,52.705334
2003-03-10,52.756363
2003-03-11,52.711643
2003-03-12,52.673363
2003-03-13,52.51371
2003-03-14,52.564819
2003-03-17,52.500912
2003-03-18,52.456261
2003-03-19,52.443523
2003-03-20,52.507362
2003-03-21,52.373299
2003-03-24,52.488201
2003-03-25,52.488201
2003-03-26,52.552063
2003-03-27,52.564819
2003-03-28,52.635117
2003-03-31,52.673363
2003-04-01,52.661831
2003-04-02,52.60429
2003-04-03,52.636288
2003-04-04,52.623516
2003-04-07,52.591557
2003-04-08,52.642651
2003-04-09,52.674652
2003-04-10,52.60429
2003-04-11,52.578743
2003-04-14,52.533974
2003-04-15,52.572296
2003-04-16,52.578743
2003-04-17,52.533974
2003-04-21,52.565937
2003-04-22,52.559563
2003-04-23,52.597931
2003-04-24,52.649052
2003-04-25,52.700249
2003-04-28,52.687431
2003-04-29,52.649052
2003-04-30,52.757778
2003-05-01,52.757763
2003-05-02,52.700142
2003-05-05,52.738556
2003-05-06,52.81538
2003-05-07,52.828197
2003-05-08,52.802593
2003-05-09,52.789768
2003-05-12,52.828197
2003-05-13,52.81538
2003-05-14,52.847443
2003-05-15,52.828197
2003-05-16,52.885857
2003-05-19,52.898678
2003-05-20,52.969093
2003-05-21,52.898678
2003-05-22,52.917904
2003-05-23,52.937099
2003-05-27,52.917904
2003-05-28,52.949875
2003-05-29,52.969093
2003-05-30,52.949875
2003-06-02,52.922329
2003-06-03,53.024887
2003-06-04,53.069813
2003-06-05,53.037701
2003-06-06,53.024887
2003-06-09,53.095467
2003-06-10,53.153191
2003-06-11,53.114689
2003-06-12,53.146782
2003-06-13,53.191639
2003-06-16,53.127556
2003-06-17,53.050613
2003-06-18,53.056969
2003-06-19,53.10828
2003-06-20,53.095467
2003-06-23,53.146782
2003-06-24,53.185238
2003-06-25,53.076206
2003-06-26,52.980061
2003-06-27,52.992867
2003-06-30,53.037701
2003-07-01,53.03907
2003-07-02,53.064678
2003-07-03,53.006931
2003-07-07,52.994102
2003-07-08,52.974838
2003-07-09,52.987667
2003-07-10,53.032562
2003-07-11,53.051884
2003-07-14,53.006931
2003-07-15,52.942772
2003-07-16,52.949112
2003-07-17,52.917019
2003-07-18,52.910656
2003-07-21,52.820755
2003-07-22,52.872051
2003-07-23,52.897774
2003-07-24,52.891426
2003-07-25,52.917019
2003-07-28,52.846401
2003-07-29,52.801456
2003-07-30,52.827175
2003-07-31,52.769382
2003-08-01,52.712814
2003-08-04,52.796368
2003-08-05,52.699921
2003-08-06,52.751381
2003-08-07,52.809265
2003-08-08,52.82209
2003-08-11,52.751381
2003-08-12,52.841312
2003-08-13,52.738514
2003-08-14,52.725666
2003-08-15,52.764236
2003-08-18,52.757809
2003-08-19,52.82209
2003-08-20,52.783527
2003-08-21,52.70639
2003-08-22,52.693542
2003-08-25,52.66782
2003-08-26,52.725666
2003-08-27,52.674274
2003-08-28,52.751381
2003-08-29,52.744957
2003-09-02,52.676098
2003-09-03,52.714718
2003-09-04,52.785538
2003-09-05,52.965733
2003-09-08,52.901344
2003-09-09,52.99144
2003-09-10,53.023666
2003-09-11,52.985046
2003-09-12,53.030064
2003-09-15,53.081558
2003-09-16,53.08802
2003-09-17,53.081558
2003-09-18,53.030064
2003-09-19,53.030064
2003-09-22,53.049431
2003-09-23,53.062252
2003-09-24,53.094471
2003-09-25,53.100861
2003-09-26,53.165276
2003-09-29,53.139477
2003-09-30,53.248886
2003-10-01,53.257275
2003-10-02,53.257275
2003-10-03,53.121979
2003-10-06,53.160614
2003-10-07,53.10915
2003-10-08,53.10915
2003-10-09,53.102676
2003-10-10,53.134888
2003-10-13,53.141319
2003-10-14,53.089756
2003-10-15,53.02533
2003-10-16,52.902874
2003-10-17,52.96727
2003-10-20,52.973763
2003-10-21,52.986706
2003-10-22,53.044678
2003-10-23,53.031757
2003-10-24,53.096245
2003-10-27,53.038197
2003-10-28,53.128407
2003-10-29,53.070412
2003-10-30,53.02533
2003-10-31,53.031757
2003-11-03,53.000164
2003-11-04,53.038815
2003-11-05,52.987225
2003-11-06,52.929195
2003-11-07,52.884018
2003-11-10,52.896893
2003-11-11,52.896893
2003-11-12,52.929195
2003-11-13,53.045292
2003-11-14,53.109833
2003-11-17,53.142082
2003-11-18,53.148594
2003-11-19,53.051754
2003-11-20,53.155037
2003-11-21,53.135651
2003-11-24,53.064663
2003-11-25,53.122746
2003-11-26,53.064663
2003-11-28,53.000164
2003-12-01,52.927784
2003-12-02,52.985939
2003-12-03,52.940727
2003-12-04,52.992401
2003-12-05,53.160412
2003-12-08,53.102226
2003-12-09,53.069904
2003-12-10,53.134541
2003-12-11,53.244347
2003-12-12,53.231415
2003-12-15,53.218529
2003-12-16,53.468296
2003-12-17,53.474773
2003-12-18,53.487751
2003-12-19,53.500717
2003-12-22,53.468296
2003-12-23,53.383987
2003-12-24,53.507202
2003-12-26,53.552639
2003-12-29,53.481224
2003-12-30,53.507202
2003-12-31,53.576118
2004-01-02,53.446144
2004-01-05,53.452644
2004-01-06,53.517609
2004-01-07,53.55658
2004-01-08,53.563057
2004-01-09,53.693005
2004-01-12,53.725475
2004-01-13,53.790474
2004-01-14,53.738472
2004-01-15,53.731987
2004-01-16,53.693005
2004-01-20,53.71899
2004-01-21,53.751472
2004-01-22,53.790474
2004-01-23,53.712505
2004-01-26,53.673546
2004-01-27,53.738472
2004-01-28,53.602089
2004-01-29,53.615021
2004-01-30,53.641041
2004-02-02,53.659962
2004-02-03,53.711975
2004-02-04,53.679447
2004-02-05,53.640335
2004-02-06,53.724972
2004-02-09,53.744457
2004-02-10,53.672924
2004-02-11,53.757484
2004-02-12,53.777023
2004-02-13,53.855049
2004-02-17,53.809517
2004-02-18,53.816059
2004-02-19,53.842087
2004-02-20,53.783535
2004-02-23,53.835583
2004-02-24,53.842087
2004-02-25,53.881088
2004-02-26,53.86158
2004-02-27,53.900604
2004-03-01,53.882999
2004-03-02,53.830921
2004-03-03,53.791809
2004-03-04,53.837448
2004-03-05,53.954685
2004-03-08,54.039375
2004-03-09,54.071957
2004-03-10,54.039375
2004-03-11,54.084965
2004-03-12,54.04591
2004-03-15,54.019871
2004-03-16,54.058929
2004-03-17,54.058929
2004-03-18,54.039375
2004-03-19,54.058929
2004-03-22,54.091499
2004-03-23,54.104523
2004-03-24,54.117603
2004-03-25,54.110989
2004-03-26,54.058929
2004-03-29,54.019871
2004-03-30,54.013355
2004-03-31,54.052425
2004-04-01,53.987179
2004-04-02,53.797977
2004-04-05,53.745743
2004-04-06,53.811039
2004-04-07,53.824036
2004-04-08,53.824036
2004-04-12,53.771873
2004-04-13,53.70013
2004-04-14,53.608742
2004-04-15,53.641422
2004-04-16,53.713154
2004-04-19,53.647964
2004-04-20,53.52396
2004-04-21,53.530479
2004-04-22,53.608742
2004-04-23,53.497826
2004-04-26,53.50441
2004-04-27,53.569683
2004-04-28,53.458729
2004-04-29,53.452209
2004-04-30,53.478313
2004-05-03,53.501827
2004-05-04,53.488747
2004-05-05,53.469162
2004-05-06,53.45607
2004-05-07,53.233967
2004-05-10,53.260052
2004-05-11,53.266598
2004-05-12,53.27969
2004-05-13,53.253544
2004-05-14,53.338486
2004-05-17,53.410332
2004-05-18,53.358074
2004-05-19,53.331944
2004-05-20,53.358074
2004-05-21,53.358074
2004-05-24,53.371124
2004-05-25,53.371124
2004-05-26,53.469162
2004-05-27,53.495266
2004-05-28,53.475689
2004-06-01,53.39978
2004-06-02,53.367096
2004-06-03,53.380161
2004-06-04,53.295094
2004-06-07,53.314743
2004-06-08,53.321251
2004-06-09,53.236172
2004-06-10,53.229675
2004-06-14,53.09222
2004-06-15,53.268909
2004-06-16,53.229675
2004-06-17,53.295094
2004-06-18,53.262386
2004-06-21,53.301655
2004-06-22,53.321251
2004-06-23,53.334343
2004-06-24,53.386707
2004-06-25,53.393234
2004-06-28,53.268909
2004-06-29,53.321251
2004-06-30,53.465218
2004-07-01,53.476372
2004-07-02,53.620537
2004-07-06,53.607479
2004-07-07,53.614037
2004-07-08,53.633656
2004-07-09,53.633656
2004-07-12,53.653332
2004-07-13,53.614037
2004-07-14,53.594349
2004-07-15,53.594349
2004-07-16,53.699238
2004-07-19,53.673012
2004-07-20,53.574699
2004-07-21,53.561581
2004-07-22,53.574699
2004-07-23,53.574699
2004-07-26,53.535378
2004-07-27,53.489483
2004-07-28,53.522213
2004-07-29,53.535378
2004-07-30,53.614037
2004-08-02,53.65538
2004-08-03,53.668522
2004-08-04,53.661922
2004-08-05,53.694763
2004-08-06,53.885235
2004-08-09,53.878666
2004-08-10,53.747307
2004-08-11,53.832664
2004-08-12,53.845802
2004-08-13,53.898369
2004-08-16,53.885235
2004-08-17,53.937763
2004-08-18,53.92461
2004-08-19,53.957424
2004-08-20,53.92461
2004-08-23,53.878666
2004-08-24,53.904903
2004-08-25,53.885235
2004-08-26,53.937763
2004-08-27,53.918041
2004-08-30,53.931156
2004-08-31,54.010002
2004-09-01,54.024464
2004-09-02,53.938969
2004-09-03,53.866627
2004-09-07,53.866627
2004-09-08,53.94553
2004-09-09,53.952091
2004-09-10,53.965271
2004-09-13,53.971836
2004-09-14,53.985012
2004-09-15,53.952091
2004-09-16,54.044155
2004-09-17,53.978359
2004-09-20,54.063877
2004-09-21,53.985012
2004-09-22,54.037617
2004-09-23,53.971836
2004-09-24,53.938969
2004-09-27,53.971836
2004-09-28,54.004719
2004-09-29,53.938969
2004-09-30,53.958656
2004-10-01,53.920494
2004-10-04,53.927071
2004-10-05,53.933666
2004-10-06,53.887531
2004-10-07,53.86776
2004-10-08,54.006096
2004-10-11,54.045605
2004-10-12,54.058838
2004-10-13,54.098289
2004-10-14,54.111507
2004-10-15,54.091785
2004-10-18,54.098289
2004-10-19,54.078522
2004-10-20,54.124641
2004-10-21,54.058838
2004-10-22,54.111507
2004-10-25,54.131222
2004-10-26,54.124641
2004-10-27,54.052212
2004-10-28,54.071995
2004-10-29,54.118084
2004-11-01,54.083786
2004-11-02,54.110199
2004-11-03,54.103558
2004-11-04,54.057388
2004-11-05,53.918835
2004-11-08,53.892437
2004-11-09,53.932064
2004-11-10,53.866016
2004-11-11,53.905594
2004-11-12,53.892437
2004-11-15,53.892437
2004-11-16,53.852783
2004-11-17,53.932064
2004-11-18,53.925373
2004-11-19,53.839619
2004-11-22,53.852783
2004-11-23,53.846214
2004-11-24,53.839619
2004-11-26,53.786854
2004-11-29,53.793449
2004-11-30,53.806629
2004-12-01,53.842995
2004-12-02,53.823177
2004-12-03,53.942142
2004-12-06,53.948715
2004-12-07,53.948715
2004-12-08,53.968575
2004-12-09,53.961983
2004-12-10,53.968575
2004-12-13,53.928944
2004-12-14,53.942142
2004-12-15,53.995003
2004-12-16,53.935535
2004-12-17,53.915688
2004-12-20,53.915688
2004-12-21,53.922333
2004-12-22,53.922333
2004-12-23,53.909069
2004-12-27,53.876026
2004-12-28,53.895863
2004-12-29,53.889278
2004-12-30,53.909069
2004-12-31,53.931576
2005-01-03,53.93821
2005-01-04,53.818989
2005-01-05,53.832294
2005-01-06,53.858768
2005-01-07,53.865387
2005-01-10,53.832294
2005-01-11,53.845497
2005-01-12,53.85215
2005-01-13,53.918385
2005-01-14,53.891865
2005-01-18,53.87199
2005-01-19,53.878616
2005-01-20,53.924961
2005-01-21,53.977989
2005-01-24,53.944878
2005-01-25,53.924961
2005-01-26,53.905121
2005-01-27,53.891865
2005-01-28,53.918385
2005-01-31,53.911762
2005-02-01,53.925678
2005-02-02,53.905785
2005-02-03,53.872597
2005-02-04,53.925678
2005-02-07,53.912395
2005-02-08,53.892483
2005-02-09,53.992039
2005-02-10,53.952251
2005-02-11,53.925678
2005-02-14,53.899105
2005-02-15,53.905785
2005-02-16,53.879227
2005-02-17,53.905785
2005-02-18,53.83279
2005-02-22,53.85268
2005-02-23,53.846031
2005-02-24,53.83279
2005-02-25,53.806217
2005-02-28,53.773037
2005-03-01,53.761696
2005-03-02,53.794983
2005-03-03,53.814903
2005-03-04,53.814903
2005-03-07,53.794983
2005-03-08,53.794983
2005-03-09,53.775051
2005-03-10,53.735153
2005-03-11,53.721806
2005-03-14,53.701855
2005-03-15,53.681908
2005-03-16,53.748432
2005-03-17,53.768364
2005-03-18,53.741802
2005-03-21,53.775051
2005-03-22,53.681908
2005-03-23,53.675278
2005-03-24,53.688595
2005-03-28,53.661961
2005-03-29,53.701855
2005-03-30,53.708508
2005-03-31,53.781651
2005-04-01,53.815037
2005-04-04,53.815037
2005-04-05,53.828331
2005-04-06,53.868382
2005-04-07,53.848366
2005-04-08,53.841671
2005-04-11,53.841671
2005-04-12,53.875019
2005-04-13,53.954967
2005-04-14,54.001652
2005-04-15,54.088329
2005-04-18,54.061649
2005-04-19,54.128296
2005-04-20,54.108292
2005-04-21,54.014992
2005-04-22,54.028297
2005-04-25,54.041683
2005-04-26,54.028297
2005-04-27,54.06834
2005-04-28,54.115017
2005-04-29,54.061649
2005-05-02,54.068329
2005-05-03,54.101742
2005-05-04,54.12183
2005-05-05,54.175259
2005-05-06,54.054981
2005-05-09,54.028244
2005-05-10,54.068329
2005-05-11,54.101742
2005-05-12,54.128452
2005-05-13,54.188606
2005-05-16,54.175259
2005-05-17,54.175259
2005-05-18,54.228687
2005-05-19,54.148518
2005-05-20,54.148518
2005-05-23,54.181934
2005-05-24,54.21534
2005-05-25,54.235355
2005-05-26,54.21534
2005-05-27,54.235355
2005-05-31,54.275444
2005-06-01,54.382603
2005-06-02,54.362522
2005-06-03,54.295567
2005-06-06,54.322357
2005-06-07,54.335724
2005-06-08,54.322357
2005-06-09,54.288818
2005-06-10,54.241978
2005-06-13,54.241978
2005-06-14,54.255352
2005-06-15,54.241978
2005-06-16,54.288818
2005-06-17,54.282143
2005-06-20,54.268768
2005-06-21,54.275459
2005-06-22,54.396069
2005-06-23,54.375954
2005-06-24,54.402687
2005-06-27,54.422806
2005-06-28,54.362522
2005-06-29,54.375954
2005-06-30,54.409386
2005-07-01,54.259014
2005-07-05,54.272484
2005-07-06,54.306023
2005-07-07,54.353012
2005-07-08,54.292576
2005-07-11,54.252361
2005-07-12,54.252361
2005-07-13,54.259014
2005-07-14,54.259014
2005-07-15,54.265766
2005-07-18,54.252361
2005-07-19,54.272484
2005-07-20,54.265766
2005-07-21,54.212067
2005-07-22,54.265766
2005-07-25,54.24564
2005-07-26,54.232224
2005-07-27,54.232224
2005-07-28,54.238922
2005-07-29,54.205338
2005-08-01,54.172401
2005-08-02,54.179096
2005-08-03,54.199337
2005-08-04,54.199337
2005-08-05,54.152218
2005-08-08,54.098412
2005-08-09,54.158909
2005-08-10,54.158909
2005-08-11,54.199337
2005-08-12,54.266579
2005-08-15,54.2397
2005-08-16,54.266579
2005-08-17,54.280003
2005-08-18,54.327103
2005-08-19,54.306915
2005-08-22,54.313675
2005-08-23,54.3675
2005-08-24,54.374233
2005-08-25,54.3675
2005-08-26,54.327103
2005-08-29,54.340591
2005-08-30,54.421307
2005-08-31,54.56258
2005-09-01,54.628704
2005-09-02,54.696213
2005-09-06,54.608479
2005-09-07,54.567955
2005-09-08,54.541008
2005-09-09,54.554523
2005-09-12,54.534248
2005-09-13,54.567955
2005-09-14,54.561268
2005-09-15,54.54776
2005-09-16,54.50729
2005-09-19,54.520786
2005-09-20,54.48027
2005-09-21,54.534248
2005-09-22,54.554523
2005-09-23,54.50729
2005-09-26,54.46682
2005-09-27,54.446514
2005-09-28,54.46682
2005-09-29,54.446514
2005-09-30,54.399326
2005-10-03,54.374969
2005-10-04,54.368187
2005-10-05,54.395256
2005-10-06,54.395256
2005-10-07,54.435844
2005-10-10,54.429092
2005-10-11,54.415569
2005-10-12,54.374969
2005-10-13,54.374969
2005-10-14,54.388519
2005-10-17,54.36137
2005-10-18,54.408833
2005-10-19,54.435844
2005-10-20,54.435844
2005-10-21,54.469677
2005-10-24,54.449409
2005-10-25,54.354645
2005-10-26,54.334389
2005-10-27,54.374969
2005-10-28,54.374969
2005-10-31,54.354645
2005-11-01,54.369617
2005-11-02,54.362831
2005-11-03,54.335629
2005-11-04,54.335629
2005-11-07,54.328873
2005-11-08,54.396713
2005-11-09,54.328873
2005-11-10,54.403538
2005-11-11,54.423859
2005-11-14,54.342457
2005-11-15,54.383152
2005-11-16,54.451004
2005-11-17,54.498516
2005-11-18,54.498516
2005-11-21,54.532455
2005-11-22,54.607101
2005-11-23,54.539234
2005-11-25,54.586739
2005-11-28,54.600304
2005-11-29,54.559608
2005-11-30,54.566418
2005-12-01,54.512638
2005-12-02,54.560272
2005-12-05,54.499016
2005-12-06,54.573875
2005-12-07,54.580643
2005-12-08,54.64875
2005-12-09,54.594307
2005-12-12,54.587498
2005-12-13,54.614738
2005-12-14,54.675907
2005-12-15,54.675907
2005-12-16,54.709969
2005-12-19,54.675907
2005-12-20,54.669113
2005-12-21,54.669113
2005-12-22,54.716793
2005-12-23,54.744011
2005-12-27,54.750809
2005-12-28,54.818409
2005-12-29,54.777466
2005-12-30,54.756958
2006-01-03,54.832081
2006-01-04,54.886681
2006-01-05,54.838886
2006-01-06,54.852531
2006-01-09,54.859375
2006-01-10,54.804752
2006-01-11,54.804752
2006-01-12,54.832081
2006-01-13,54.941284
2006-01-17,54.920765
2006-01-18,54.913979
2006-01-19,54.920765
2006-01-20,54.941284
2006-01-23,54.948112
2006-01-24,54.934441
2006-01-25,54.859375
2006-01-26,54.866192
2006-01-27,54.82523
2006-01-30,54.852531
2006-01-31,54.852531
2006-02-01,54.802586
2006-02-02,54.802586
2006-02-03,54.829937
2006-02-06,54.802586
2006-02-07,54.809414
2006-02-08,54.788845
2006-02-09,54.775135
2006-02-10,54.734123
2006-02-13,54.775135
2006-02-14,54.775135
2006-02-15,54.768314
2006-02-16,54.809414
2006-02-17,54.850464
2006-02-21,54.809414
2006-02-22,54.850464
2006-02-23,54.802586
2006-02-24,54.823059
2006-02-27,54.7957
2006-02-28,54.87101
2006-03-01,54.842838
2006-03-02,54.863453
2006-03-03,54.808533
2006-03-06,54.829094
2006-03-07,54.829094
2006-03-08,54.863453
2006-03-09,54.884056
2006-03-10,54.829094
2006-03-13,54.829094
2006-03-14,54.939068
2006-03-15,54.952797
2006-03-16,55.048992
2006-03-17,55.028412
2006-03-20,55.055878
2006-03-21,54.959667
2006-03-22,54.973431
2006-03-23,54.959667
2006-03-24,55.035244
2006-03-27,55.021481
2006-03-28,54.973431
2006-03-29,54.973431
2006-03-30,54.945908
2006-03-31,54.966557
2006-04-03,54.936192
2006-04-04,54.977581
2006-04-05,54.984467
2006-04-06,54.977581
2006-04-07,54.943069
2006-04-10,54.956871
2006-04-11,55.005184
2006-04-12,54.970676
2006-04-13,54.963829
2006-04-17,54.998238
2006-04-18,55.074142
2006-04-19,55.060318
2006-04-20,55.039623
2006-04-21,55.039623
2006-04-24,55.067181
2006-04-25,55.025848
2006-04-26,54.984467
2006-04-27,55.074142
2006-04-28,55.087894
2006-05-01,55.055344
2006-05-02,55.062309
2006-05-03,55.062309
2006-05-04,55.069214
2006-05-05,55.083023
2006-05-08,55.076126
2006-05-09,55.083023
2006-05-10,55.083023
2006-05-11,55.103802
2006-05-12,55.083023
2006-05-15,55.110683
2006-05-16,55.1591
2006-05-17,55.131454
2006-05-18,55.186817
2006-05-19,55.173008
2006-05-22,55.173008
2006-05-23,55.207546
2006-05-24,55.242165
2006-05-25,55.242165
2006-05-26,55.262897
2006-05-30,55.221386
2006-05-31,55.179855
2006-06-01,55.24791
2006-06-02,55.331226
2006-06-05,55.282627
2006-06-06,55.282627
2006-06-07,55.24791
2006-06-08,55.310402
2006-06-09,55.310402
2006-06-12,55.31731
2006-06-13,55.303421
2006-06-14,55.24791
2006-06-15,55.234035
2006-06-16,55.20623
2006-06-19,55.18541
2006-06-20,55.178505
2006-06-21,55.192413
2006-06-22,55.164623
2006-06-23,55.150726
2006-06-26,55.157684
2006-06-27,55.192413
2006-06-28,55.164623
2006-06-29,55.261784
2006-06-30,55.310402
2006-07-03,55.302029
2006-07-05,55.253307
2006-07-06,55.295055
2006-07-07,55.336842
2006-07-10,55.336842
2006-07-11,55.336842
2006-07-12,55.357761
2006-07-13,55.427383
2006-07-14,55.434326
2006-07-17,55.427383
2006-07-18,55.38559
2006-07-19,55.462219
2006-07-20,55.531811
2006-07-21,55.517929
2006-07-24,55.517929
2006-07-25,55.50399
2006-07-26,55.573673
2006-07-27,55.601513
2006-07-28,55.671165
2006-07-31,55.67812
2006-08-01,55.712387
2006-08-02,55.712387
2006-08-03,55.705383
2006-08-04,55.754337
2006-08-07,55.775295
2006-08-08,55.803223
2006-08-09,55.824238
2006-08-10,55.810173
2006-08-11,55.761322
2006-08-14,55.733311
2006-08-15,55.810173
2006-08-16,55.901131
2006-08-17,55.894089
2006-08-18,55.915092
2006-08-21,55.950016
2006-08-22,55.943085
2006-08-23,55.929062
2006-08-24,55.964001
2006-08-25,55.978012
2006-08-28,55.991985
2006-08-29,56.012959
2006-08-30,56.047894
2006-08-31,56.096821
2006-09-01,56.160713
2006-09-05,56.097515
2006-09-06,56.097515
2006-09-07,56.097515
2006-09-08,56.13261
2006-09-11,56.125584
2006-09-12,56.153656
2006-09-13,56.160713
2006-09-14,56.111591
2006-09-15,56.13261
2006-09-18,56.125584
2006-09-19,56.202785
2006-09-20,56.223804
2006-09-21,56.322052
2006-09-22,56.350094
2006-09-25,56.399239
2006-09-26,56.336067
2006-09-27,56.378162
2006-09-28,56.399239
2006-09-29,56.343109
2006-10-02,56.409309
2006-10-03,56.416317
2006-10-04,56.514885
2006-10-05,56.45858
2006-10-06,56.388145
2006-10-09,56.395168
2006-10-10,56.317757
2006-10-11,56.310692
2006-10-12,56.338852
2006-10-13,56.317757
2006-10-16,56.345905
2006-10-17,56.352982
2006-10-18,56.359982
2006-10-19,56.352982
2006-10-20,56.374069
2006-10-23,56.345905
2006-10-24,56.345905
2006-10-25,56.409309
2006-10-26,56.479698
2006-10-27,56.536022
2006-10-30,56.500824
2006-10-31,56.578274
2006-11-01,56.618591
2006-11-02,56.604393
2006-11-03,56.498432
2006-11-06,56.491344
2006-11-07,56.562054
2006-11-08,56.590282
2006-11-09,56.583218
2006-11-10,56.625614
2006-11-13,56.625614
2006-11-14,56.632698
2006-11-15,56.597336
2006-11-16,56.576183
2006-11-17,56.646809
2006-11-20,56.660973
2006-11-21,56.675068
2006-11-22,56.717487
2006-11-24,56.724571
2006-11-27,56.759933
2006-11-28,56.788193
2006-11-29,56.788193
2006-11-30,56.851784
2006-12-01,56.963161
2006-12-04,56.956028
2006-12-05,56.956028
2006-12-06,56.94894
2006-12-07,56.934753
2006-12-08,56.86385
2006-12-11,56.870914
2006-12-12,56.94894
2006-12-13,56.870914
2006-12-14,56.84251
2006-12-15,56.86385
2006-12-18,56.86385
2006-12-19,56.870914
2006-12-20,56.90641
2006-12-21,56.94894
2006-12-22,56.941853
2006-12-26,56.941853
2006-12-27,56.910557
2006-12-28,56.875031
2006-12-29,56.889179
2007-01-03,56.946117
2007-01-04,57.003044
2007-01-05,56.967468
2007-01-08,56.931885
2007-01-09,56.953262
2007-01-10,56.939037
2007-01-11,56.896313
2007-01-12,56.860756
2007-01-16,56.917683
2007-01-17,56.896313
2007-01-18,56.917683
2007-01-19,56.910557
2007-01-22,56.931885
2007-01-23,56.903492
2007-01-24,56.931885
2007-01-25,56.889179
2007-01-26,56.896313
2007-01-29,56.903492
2007-01-30,56.917683
2007-01-31,56.981674
2007-02-01,56.974583
2007-02-02,56.995998
2007-02-05,56.981701
2007-02-06,57.045998
2007-02-07,57.074539
2007-02-08,57.095951
2007-02-09,57.038876
2007-02-12,57.038876
2007-02-13,57.031723
2007-02-14,57.160221
2007-02-15,57.188839
2007-02-16,57.203075
2007-02-20,57.195919
2007-02-21,57.231613
2007-02-22,57.195919
2007-02-23,57.260216
2007-02-26,57.303085
2007-02-27,57.43877
2007-02-28,57.395927
2007-03-01,57.47541
2007-03-02,57.539928
2007-03-05,57.561424
2007-03-06,57.511242
2007-03-07,57.568596
2007-03-08,57.568596
2007-03-09,57.468285
2007-03-12,57.518452
2007-03-13,57.597256
2007-03-14,57.611603
2007-03-15,57.597256
2007-03-16,57.590096
2007-03-19,57.539928
2007-03-20,57.590096
2007-03-21,57.683262
2007-03-22,57.625927
2007-03-23,57.590096
2007-03-26,57.647411
2007-03-27,57.654583
2007-03-28,57.683262
2007-03-29,57.654583
2007-03-30,57.654583
2007-04-02,57.665348
2007-04-03,57.665348
2007-04-04,57.701374
2007-04-05,57.679756
2007-04-09,57.550293
2007-04-10,57.622223
2007-04-11,57.622223
2007-04-12,57.61507
2007-04-13,57.586239
2007-04-16,57.57906
2007-04-17,57.672531
2007-04-18,57.751652
2007-04-19,57.751652
2007-04-20,57.737312
2007-04-23,57.780457
2007-04-24,57.830841
2007-04-25,57.809246
2007-04-26,57.766068
2007-04-27,57.787651
2007-04-30,57.830841
2007-05-01,57.806259
2007-05-02,57.835125
2007-05-03,57.791805
2007-05-04,57.820778
2007-05-07,57.820778
2007-05-08,57.849552
2007-05-09,57.806259
2007-05-10,57.856773
2007-05-11,57.835125
2007-05-14,57.791805
2007-05-15,57.806259
2007-05-16,57.863991
2007-05-17,57.827862
2007-05-18,57.77018
2007-05-21,57.784607
2007-05-22,57.799019
2007-05-23,57.784607
2007-05-24,57.806259
2007-05-25,57.842365
2007-05-29,57.784607
2007-05-30,57.827862
2007-05-31,57.791805
2007-06-01,57.762157
2007-06-04,57.783852
2007-06-05,57.733147
2007-06-06,57.805611
2007-06-07,57.74041
2007-06-08,57.762157
2007-06-11,57.769352
2007-06-12,57.718681
2007-06-13,57.733147
2007-06-14,57.733147
2007-06-15,57.812836
2007-06-18,57.812836
2007-06-19,57.914253
2007-06-20,57.856293
2007-06-21,57.878021
2007-06-22,57.957703
2007-06-25,58.008411
2007-06-26,57.97224
2007-06-27,57.964943
2007-06-28,57.95047
2007-06-29,58.066387
2007-07-02,58.104198
2007-07-03,58.08242
2007-07-05,58.002388
2007-07-06,57.995117
2007-07-09,58.038742
2007-07-10,58.147823
2007-07-11,58.118797
2007-07-12,58.08242
2007-07-13,58.111462
2007-07-16,58.169601
2007-07-17,58.133259
2007-07-18,58.220558
2007-07-19,58.213253
2007-07-20,58.307789
2007-07-23,58.264145
2007-07-24,58.322304
2007-07-25,58.365971
2007-07-26,58.504101
2007-07-27,58.569576
2007-07-30,58.496838
2007-07-31,58.591331
2007-08-01,58.534424
2007-08-02,58.563652
2007-08-03,58.709606
2007-08-06,58.636581
2007-08-07,58.585529
2007-08-08,58.54171
2007-08-09,58.709606
2007-08-10,58.687702
2007-08-13,58.738781
2007-08-14,58.81905
2007-08-15,58.899303
2007-08-16,59.016186
2007-08-17,59.067223
2007-08-20,59.140194
2007-08-21,59.220497
2007-08-22,59.140194
2007-08-23,59.103699
2007-08-24,58.994202
2007-08-27,59.07449
2007-08-28,59.227776
2007-08-29,59.154804
2007-08-30,59.205883
2007-08-31,59.205883
2007-09-04,59.203003
2007-09-05,59.356781
2007-09-06,59.283543
2007-09-07,59.488678
2007-09-10,59.510632
2007-09-11,59.422718
2007-09-12,59.474037
2007-09-13,59.386093
2007-09-14,59.378777
2007-09-17,59.371449
2007-09-18,59.452003
2007-09-19,59.452003
2007-09-20,59.327518
2007-09-21,59.408096
2007-09-24,59.474037
2007-09-25,59.525326
2007-09-26,59.488678
2007-09-27,59.598564
2007-09-28,59.532608
2007-10-01,59.545135
2007-10-02,59.581886
2007-10-03,59.574574
2007-10-04,59.603935
2007-10-05,59.537762
2007-10-08,59.596584
2007-10-09,59.464245
2007-10-10,59.478954
2007-10-11,59.493641
2007-10-12,59.42749
2007-10-15,59.42749
2007-10-16,59.501011
2007-10-17,59.640705
2007-10-18,59.721588
2007-10-19,59.876019
2007-10-22,59.824535
2007-10-23,59.831902
2007-10-24,59.949554
2007-10-25,59.912823
2007-10-26,59.920135
2007-10-29,59.920135
2007-10-30,59.912823
2007-10-31,59.817268
2007-11-01,60.011353
2007-11-02,60.085133
2007-11-05,60.077759
2007-11-06,60.040878
2007-11-07,60.210571
2007-11-08,60.306561
2007-11-09,60.328705
2007-11-12,60.468906
2007-11-13,60.284405
2007-11-14,60.313923
2007-11-15,60.513187
2007-11-16,60.513187
2007-11-19,60.712467
2007-11-20,60.690296
2007-11-21,60.88221
2007-11-23,60.815762
2007-11-26,60.985516
2007-11-27,60.801003
2007-11-28,60.749374
2007-11-29,60.860115
2007-11-30,60.889614
2007-12-03,61.027367
2007-12-04,61.019924
2007-12-05,61.042122
2007-12-06,60.916248
2007-12-07,60.849609
2007-12-10,60.805126
2007-12-11,61.027367
2007-12-12,60.871815
2007-12-13,60.782978
2007-12-14,60.634884
2007-12-17,60.812599
2007-12-18,60.775547
2007-12-19,60.931042
2007-12-20,60.975529
2007-12-21,60.879211
2007-12-24,60.827385
2007-12-26,60.768105
2007-12-27,60.901192
2007-12-28,60.975414
2007-12-31,61.072056
2008-01-02,61.183563
2008-01-03,61.28014
2008-01-04,61.369293
2008-01-07,61.332153
2008-01-08,61.421295
2008-01-09,61.39159
2008-01-10,61.39159
2008-01-11,61.562489
2008-01-14,61.584793
2008-01-15,61.636826
2008-01-16,61.68877
2008-01-17,61.792816
2008-01-18,61.84478
2008-01-22,62.104927
2008-01-23,62.075161
2008-01-24,61.881969
2008-01-25,62.04549
2008-01-28,62.015759
2008-01-29,61.978588
2008-01-30,62.023155
2008-01-31,62.08263
2008-02-01,62.150398
2008-02-04,62.157864
2008-02-05,62.299469
2008-02-06,62.321758
2008-02-07,62.239792
2008-02-08,62.351616
2008-02-11,62.373913
2008-02-12,62.396267
2008-02-13,62.418613
2008-02-14,62.373913
2008-02-15,62.306831
2008-02-19,62.262154
2008-02-20,62.187668
2008-02-21,62.359005
2008-02-22,62.29195
2008-02-25,62.195084
2008-02-26,62.284458
2008-02-27,62.359005
2008-02-28,62.508034
2008-02-29,62.724102
2008-03-03,62.726395
2008-03-04,62.71143
2008-03-05,62.674095
2008-03-06,62.860672
2008-03-07,62.830853
2008-03-10,62.898022
2008-03-11,62.584511
2008-03-12,62.786022
2008-03-13,62.756252
2008-03-14,62.942867
2008-03-17,63.084686
2008-03-18,62.860672
2008-03-19,62.927917
2008-03-20,62.853245
2008-03-24,62.591969
2008-03-25,62.636761
2008-03-26,62.77113
2008-03-27,62.838276
2008-03-28,62.868145
2008-03-31,62.883087
2008-04-01,62.655693
2008-04-02,62.603367
2008-04-03,62.558445
2008-04-04,62.670639
2008-04-07,62.550926
2008-04-08,62.588345
2008-04-09,62.708076
2008-04-10,62.685631
2008-04-11,62.790325
2008-04-14,62.75288
2008-04-15,62.670639
2008-04-16,62.535995
2008-04-17,62.423775
2008-04-18,62.38636
2008-04-21,62.32653
2008-04-22,62.349014
2008-04-23,62.349014
2008-04-24,62.176968
2008-04-25,62.184437
2008-04-28,62.251778
2008-04-29,62.236752
2008-04-30,62.356461
2008-05-01,62.245544
2008-05-02,62.163109
2008-05-05,62.230545
2008-05-06,62.268101
2008-05-07,62.34293
2008-05-08,62.395454
2008-05-09,62.417942
2008-05-12,62.298016
2008-05-13,62.193089
2008-05-14,62.148125
2008-05-15,62.20055
2008-05-16,62.215595
2008-05-19,62.283009
2008-05-20,62.372955
2008-05-21,62.305508
2008-05-22,62.133091
2008-05-23,62.253033
2008-05-27,62.185543
2008-05-28,62.073174
2008-05-29,62.050697
2008-05-30,62.140633
2008-06-02,62.263149
2008-06-03,62.353294
2008-06-04,62.330776
2008-06-05,62.248047
2008-06-06,62.330776
2008-06-09,62.015102
2008-06-10,61.872334
2008-06-11,61.977543
2008-06-12,61.676956
2008-06-13,61.744595
2008-06-16,61.78212
2008-06-17,61.902393
2008-06-18,61.962421
2008-06-19,61.842266
2008-06-20,61.955009
2008-06-23,61.887348
2008-06-24,62.000084
2008-06-25,62.04517
2008-06-26,62.225529
2008-06-27,62.255592
2008-06-30,62.293152
2008-07-01,62.277348
2008-07-02,62.284885
2008-07-03,62.390354
2008-07-07,62.428082
2008-07-08,62.435555
2008-07-09,62.541107
2008-07-10,62.465679
2008-07-11,62.337643
2008-07-14,62.480808
2008-07-15,62.571217
2008-07-16,62.510975
2008-07-17,62.420513
2008-07-18,62.307476
2008-07-21,62.337643
2008-07-22,62.284885
2008-07-23,62.254749
2008-07-24,62.428082
2008-07-25,62.345123
2008-07-28,62.473274
2008-07-29,62.420513
2008-07-30,62.435555
2008-07-31,62.56361
2008-08-01,62.575794
2008-08-04,62.568241
2008-08-05,62.537956
2008-08-06,62.545509
2008-08-07,62.681622
2008-08-08,62.628689
2008-08-11,62.545509
2008-08-12,62.658867
2008-08-13,62.651344
2008-08-14,62.67408
2008-08-15,62.719383
2008-08-18,62.772297
2008-08-19,62.817646
2008-08-20,62.900818
2008-08-21,62.847881
2008-08-22,62.734562
2008-08-25,62.840305
2008-08-26,62.817646
2008-08-27,62.855469
2008-08-28,62.825218
2008-08-29,62.855469
2008-09-02,62.935062
2008-09-03,62.957752
2008-09-04,62.995686
2008-09-05,62.972927
2008-09-08,62.942669
2008-09-09,63.041222
2008-09-10,63.056267
2008-09-11,63.033592
2008-09-12,63.041222
2008-09-15,63.488461
2008-09-16,63.374752
2008-09-17,63.677982
2008-09-18,63.473343
2008-09-19,63.116985
2008-09-22,63.162476
2008-09-23,63.20797
2008-09-24,63.344456
2008-09-25,63.230709
2008-09-26,63.230709
2008-09-29,63.594646
2008-09-30,63.344456
2008-10-01,63.542202
2008-10-02,63.679134
2008-10-03,63.854038
2008-10-06,63.983353
2008-10-07,63.998577
2008-10-08,63.724693
2008-10-09,63.762749
2008-10-10,63.861675
2008-10-13,63.580208
2008-10-14,63.595509
2008-10-15,63.808407
2008-10-16,63.77039
2008-10-17,63.816021
2008-10-20,63.77039
2008-10-21,63.899677
2008-10-22,63.990997
2008-10-23,63.952915
2008-10-24,64.006157
2008-10-27,63.846432
2008-10-28,63.922455
2008-10-29,63.960548
2008-10-30,64.013786
2008-10-31,64.044197
2008-11-03,64.164093
2008-11-04,64.141151
2008-11-05,64.255707
2008-11-06,64.278625
2008-11-07,64.164093
2008-11-10,64.362579
2008-11-11,64.408447
2008-11-12,64.50769
2008-11-13,64.347343
2008-11-14,64.332085
2008-11-17,64.44664
2008-11-18,64.515335
2008-11-19,64.606926
2008-11-20,64.729126
2008-11-21,64.622223
2008-11-24,64.46183
2008-11-25,64.515335
2008-11-26,64.713898
2008-11-28,64.752029
2008-12-01,64.858482
2008-12-02,64.850853
2008-12-03,64.90451
2008-12-04,64.919838
2008-12-05,64.843208
2008-12-08,64.751274
2008-12-09,64.950424
2008-12-10,64.866226
2008-12-11,65.019394
2008-12-12,65.050072
2008-12-15,65.095985
2008-12-16,65.126633
2008-12-17,64.9888
2008-12-18,65.019394
2008-12-19,64.958107
2008-12-22,64.835556
2008-12-23,64.850853
2008-12-24,64.866226
2008-12-26,64.942863
2008-12-29,65.085861
2008-12-30,65.147385
2008-12-31,65.116562
2009-01-02,64.770493
2009-01-05,64.901268
2009-01-06,64.932045
2009-01-07,64.885895
2009-01-08,64.901268
2009-01-09,64.947441
2009-01-12,64.96283
2009-01-13,64.970474
2009-01-14,65.047424
2009-01-15,64.97821
2009-01-16,65.008965
2009-01-20,65.039711
2009-01-21,64.93972
2009-01-22,64.970474
2009-01-23,64.955109
2009-01-26,64.870499
2009-01-27,64.93972
2009-01-28,64.916649
2009-01-29,64.793579
2009-01-30,64.832039
2009-02-02,64.892128
2009-02-03,64.822777
2009-02-04,64.714966
2009-02-05,64.730347
2009-02-06,64.691833
2009-02-09,64.668709
2009-02-10,64.815094
2009-02-11,64.799675
2009-02-12,64.876709
2009-02-13,64.753441
2009-02-17,64.923004
2009-02-18,64.815094
2009-02-19,64.792
2009-02-20,64.845909
2009-02-23,64.838181
2009-02-24,64.792
2009-02-25,64.668709
2009-02-26,64.699547
2009-02-27,64.738068
2009-03-02,64.883888
2009-03-03,64.829903
2009-03-04,64.76046
2009-03-05,64.83754
2009-03-06,64.791313
2009-03-09,64.729561
2009-03-10,64.691002
2009-03-11,64.721886
2009-03-12,64.745041
2009-03-13,64.799019
2009-03-16,64.714096
2009-03-17,64.698723
2009-03-18,64.945648
2009-03-19,64.868439
2009-03-20,64.945648
2009-03-23,64.891579
2009-03-24,64.80677
2009-03-25,64.791313
2009-03-26,64.876205
2009-03-27,64.907059
2009-03-30,64.968803
2009-03-31,65.061356
2009-04-01,65.046646
2009-04-02,64.938507
2009-04-03,64.791588
2009-04-06,64.837959
2009-04-07,64.861168
2009-04-08,64.861168
2009-04-09,64.783913
2009-04-13,64.907562
2009-04-14,64.961647
2009-04-15,64.992546
2009-04-16,64.899826
2009-04-17,64.830307
2009-04-20,64.892159
2009-04-21,64.899826
2009-04-22,64.899826
2009-04-23,64.853462
2009-04-24,64.853462
2009-04-27,64.93074
2009-04-28,64.868912
2009-04-29,64.899826
2009-04-30,64.953934
2009-05-01,64.905182
2009-05-04,64.889694
2009-05-05,64.874168
2009-05-06,64.912918
2009-05-07,64.819923
2009-05-08,64.866409
2009-05-11,64.974815
2009-05-12,64.967072
2009-05-13,64.998077
2009-05-14,65.021347
2009-05-15,65.013557
2009-05-18,64.951569
2009-05-19,64.990295
2009-05-20,65.075478
2009-05-21,64.990295
2009-05-22,65.005875
2009-05-26,64.920586
2009-05-27,64.905182
2009-05-28,64.897354
2009-05-29,64.990295
2009-06-01,64.936798
2009-06-02,64.913589
2009-06-03,65.029892
2009-06-04,64.967819
2009-06-05,64.541237
2009-06-08,64.37059
2009-06-09,64.517944
2009-06-10,64.51017
2009-06-11,64.517944
2009-06-12,64.587791
2009-06-15,64.634354
2009-06-16,64.704079
2009-06-17,64.773964
2009-06-18,64.665337
2009-06-19,64.704079
2009-06-22,64.789459
2009-06-23,64.789459
2009-06-24,64.78157
2009-06-25,64.905762
2009-06-26,64.936798
2009-06-29,64.936798
2009-06-30,64.928963
2009-07-01,64.992714
2009-07-02,65.062683
2009-07-06,65.08593
2009-07-07,65.078171
2009-07-08,65.179115
2009-07-09,65.148102
2009-07-10,65.210274
2009-07-13,65.171387
2009-07-14,65.124779
2009-07-15,64.969421
2009-07-16,65.070381
2009-07-17,65.047096
2009-07-20,65.03936
2009-07-21,65.117043
2009-07-22,65.08593
2009-07-23,64.969421
2009-07-24,65.008247
2009-07-27,64.961624
2009-07-28,64.922821
2009-07-29,64.88401
2009-07-30,64.891792
2009-07-31,65.000565
2009-08-03,64.908737
2009-08-04,64.854279
2009-08-05,64.830933
2009-08-06,64.830933
2009-08-07,64.722046
2009-08-10,64.823212
2009-08-11,64.893173
2009-08-12,64.916473
2009-08-13,65.025436
2009-08-14,65.072014
2009-08-17,65.142052
2009-08-18,65.126495
2009-08-19,65.157616
2009-08-20,65.142052
2009-08-21,65.040909
2009-08-24,65.118736
2009-08-25,65.118736
2009-08-26,65.157616
2009-08-27,65.149857
2009-08-28,65.219849
2009-08-31,65.266472
2009-09-01,65.319443
2009-09-02,65.389526
2009-09-03,65.327217
2009-09-04,65.296104
2009-09-08,65.303879
2009-09-09,65.31163
2009-09-10,65.350563
2009-09-11,65.327217
2009-09-14,65.288284
2009-09-15,65.319443
2009-09-16,65.233826
2009-09-17,65.327217
2009-09-18,65.264946
2009-09-21,65.288284
2009-09-22,65.272736
2009-09-23,65.373924
2009-09-24,65.389526
2009-09-25,65.366188
2009-09-28,65.358391
2009-09-29,65.350563
2009-09-30,65.42067
2009-10-01,65.486122
2009-10-02,65.509567
2009-10-05,65.509567
2009-10-06,65.470566
2009-10-07,65.556366
2009-10-08,65.494019
2009-10-09,65.400368
2009-10-12,65.478348
2009-10-13,65.517349
2009-10-14,65.431656
2009-10-15,65.392616
2009-10-16,65.431656
2009-10-19,65.431656
2009-10-20,65.462723
2009-10-21,65.431656
2009-10-22,65.439377
2009-10-23,65.330193
2009-10-26,65.260063
2009-10-27,65.392616
2009-10-28,65.486122
2009-10-29,65.431656
2009-10-30,65.509567
2009-11-02,65.517395
2009-11-03,65.509491
2009-11-04,65.501747
2009-11-05,65.564247
2009-11-06,65.611099
2009-11-09,65.611099
2009-11-10,65.595535
2009-11-11,65.665825
2009-11-12,65.658058
2009-11-13,65.673653
2009-11-16,65.712685
2009-11-17,65.728348
2009-11-18,65.728348
2009-11-19,65.751801
2009-11-20,65.767448
2009-11-23,65.759605
2009-11-24,65.814331
2009-11-25,65.845589
2009-11-27,65.892464
2009-11-30,65.900291
2009-12-01,65.916786
2009-12-02,65.86174
2009-12-03,65.822357
2009-12-04,65.65715
2009-12-07,65.798759
2009-12-08,65.86174
2009-12-09,65.814529
2009-12-10,65.790886
2009-12-11,65.720093
2009-12-14,65.649231
2009-12-15,65.633591
2009-12-16,65.680717
2009-12-17,65.806625
2009-12-18,65.759445
2009-12-21,65.65715
2009-12-22,65.578506
2009-12-23,65.578506
2009-12-24,65.499756
2009-12-28,65.405357
2009-12-29,65.448654
2009-12-30,65.425003
2009-12-31,65.346199
2010-01-04,65.432938
2010-01-05,65.511665
2010-01-06,65.519539
2010-01-07,65.503845
2010-01-08,65.566795
2010-01-11,65.598289
2010-01-12,65.653442
2010-01-13,65.598289
2010-01-14,65.661308
2010-01-15,65.716415
2010-01-19,65.732239
2010-01-20,65.732239
2010-01-21,65.787354
2010-01-22,65.842438
2010-01-25,65.787354
2010-01-26,65.795212
2010-01-27,65.771622
2010-01-28,65.803085
2010-01-29,65.866127
2010-02-01,65.837769
2010-02-02,65.845604
2010-02-03,65.798317
2010-02-04,65.892967
2010-02-05,65.995407
2010-02-08,65.948105
2010-02-09,65.885063
2010-02-10,65.814056
2010-02-11,65.837769
2010-02-12,65.892967
2010-02-16,65.900795
2010-02-17,65.845604
2010-02-18,65.806206
2010-02-19,65.782532
2010-02-22,65.806206
2010-02-23,65.861404
2010-02-24,65.892967
2010-02-25,65.948105
2010-02-26,65.971756
2010-03-01,65.959915
2010-03-02,65.959915
2010-03-03,65.952087
2010-03-04,65.92836
2010-03-05,65.8731
2010-03-08,65.841553
2010-03-09,65.888908
2010-03-10,65.8731
2010-03-11,65.794205
2010-03-12,65.802063
2010-03-15,65.825813
2010-03-16,65.841553
2010-03-17,65.857346
2010-03-18,65.817894
2010-03-19,65.770569
2010-03-22,65.794205
2010-03-23,65.770569
2010-03-24,65.667946
2010-03-25,65.691612
2010-03-26,65.731148
2010-03-29,65.762657
2010-03-30,65.746819
2010-03-31,65.794205
2010-04-01,65.770508
2010-04-05,65.58886
2010-04-06,65.6362
2010-04-07,65.738884
2010-04-08,65.723122
2010-04-09,65.738884
2010-04-12,65.770508
2010-04-13,65.754753
2010-04-14,65.754753
2010-04-15,65.802101
2010-04-16,65.904778
2010-04-19,65.841637
2010-04-20,65.849487
2010-04-21,65.85743
2010-04-22,65.809975
2010-04-23,65.786308
2010-04-26,65.786308
2010-04-27,65.912704
2010-04-28,65.896851
2010-04-29,65.912704
2010-04-30,65.991684
2010-05-03,65.926842
2010-05-04,65.966362
2010-05-05,66.053391
2010-05-06,66.195679
2010-05-07,66.171997
2010-05-10,66.084999
2010-05-11,66.124565
2010-05-12,66.108727
2010-05-13,66.148216
2010-05-14,66.235245
2010-05-17,66.211487
2010-05-18,66.282646
2010-05-19,66.251091
2010-05-20,66.330109
2010-05-21,66.282646
2010-05-24,66.274765
2010-05-25,66.266869
2010-05-26,66.211487
2010-05-27,66.16404
2010-05-28,66.290535
2010-06-01,66.291359
2010-06-02,66.243843
2010-06-03,66.228073
2010-06-04,66.378403
2010-06-07,66.354675
2010-06-08,66.346733
2010-06-09,66.354675
2010-06-10,66.267578
2010-06-11,66.338844
2010-06-14,66.354675
2010-06-15,66.323013
2010-06-16,66.338844
2010-06-17,66.378403
2010-06-18,66.386353
2010-06-21,66.394272
2010-06-22,66.42588
2010-06-23,66.473389
2010-06-24,66.489212
2010-06-25,66.512894
2010-06-28,66.55249
2010-06-29,66.58416
2010-06-30,66.568298
2010-07-01,66.546967
2010-07-02,66.546967
2010-07-06,66.546967
2010-07-07,66.539017
2010-07-08,66.546967
2010-07-09,66.523201
2010-07-12,66.531151
2010-07-13,66.483543
2010-07-14,66.554878
2010-07-15,66.570694
2010-07-16,66.634064
2010-07-19,66.610336
2010-07-20,66.634064
2010-07-21,66.665741
2010-07-22,66.641998
2010-07-23,66.610336
2010-07-26,66.586533
2010-07-27,66.546967
2010-07-28,66.610336
2010-07-29,66.665741
2010-07-30,66.697403
2010-08-02,66.68235
2010-08-03,66.72995
2010-08-04,66.674484
2010-08-05,66.753723
2010-08-06,66.7696
2010-08-09,66.72995
2010-08-10,66.761612
2010-08-11,66.77755
2010-08-12,66.761612
2010-08-13,66.753723
2010-08-16,66.817131
2010-08-17,66.801315
2010-08-18,66.817131
2010-08-19,66.833038
2010-08-20,66.809227
2010-08-23,66.817131
2010-08-24,66.864677
2010-08-25,66.801315
2010-08-26,66.801315
2010-08-27,66.753723
2010-08-30,66.833038
2010-08-31,66.856773
2010-09-01,66.81707
2010-09-02,66.801247
2010-09-03,66.769554
2010-09-07,66.840904
2010-09-08,66.79335
2010-09-09,66.721901
2010-09-10,66.714005
2010-09-13,66.769554
2010-09-14,66.81707
2010-09-15,66.833015
2010-09-16,66.848839
2010-09-17,66.864746
2010-09-20,66.872665
2010-09-21,66.920212
2010-09-22,66.912292
2010-09-23,66.920212
2010-09-24,66.912292
2010-09-27,66.928185
2010-09-28,66.944038
2010-09-29,66.928185
2010-09-30,66.936081
2010-10-01,66.948067
2010-10-04,66.955956
2010-10-05,66.987656
2010-10-06,66.995644
2010-10-07,67.051208
2010-10-08,67.051208
2010-10-11,67.059181
2010-10-12,67.011513
2010-10-13,67.019501
2010-10-14,66.987656
2010-10-15,67.011513
2010-10-18,67.027435
2010-10-19,67.059181
2010-10-20,67.067123
2010-10-21,67.075043
2010-10-22,67.059181
2010-10-25,67.075043
2010-10-26,67.011513
2010-10-27,66.979767
2010-10-28,67.067123
2010-10-29,67.082962
2010-11-01,67.112373
2010-11-02,67.072632
2010-11-03,67.096474
2010-11-04,67.112373
2010-11-05,67.056786
2010-11-08,67.024963
2010-11-09,66.937569
2010-11-10,66.977356
2010-11-11,66.874054
2010-11-12,66.874054
2010-11-15,66.83429
2010-11-16,66.866066
2010-11-17,66.905792
2010-11-18,66.913712
2010-11-19,66.874054
2010-11-22,66.937569
2010-11-23,66.977356
2010-11-24,66.858086
2010-11-26,66.905792
2010-11-29,66.897797
2010-11-30,66.945534
2010-12-01,66.845314
2010-12-02,66.845314
2010-12-03,66.932808
2010-12-06,66.972549
2010-12-07,66.853325
2010-12-08,66.749878
2010-12-09,66.741966
2010-12-10,66.718109
2010-12-13,66.757843
2010-12-14,66.726044
2010-12-15,66.702194
2010-12-16,66.718109
2010-12-17,66.773811
2010-12-20,66.789711
2010-12-21,66.773811
2010-12-22,66.757843
2010-12-23,66.67038
2010-12-27,66.710152
2010-12-28,66.621002
2010-12-29,66.780159
2010-12-30,66.756332
2010-12-31,66.835899
2011-01-03,66.819969
2011-01-04,66.804054
2011-01-05,66.684692
2011-01-06,66.756332
2011-01-07,66.851799
2011-01-10,66.883636
2011-01-11,66.843872
2011-01-12,66.843872
2011-01-13,66.867661
2011-01-14,66.867661
2011-01-18,66.851799
2011-01-19,66.883636
2011-01-20,66.811996
2011-01-21,66.82795
2011-01-24,66.819969
2011-01-25,66.867661
2011-01-26,66.851799
2011-01-27,66.899567
2011-01-28,66.931396
2011-01-31,66.923431
2011-02-01,66.850136
2011-02-02,66.810349
2011-02-03,66.746635
2011-02-04,66.690903
2011-02-07,66.658981
2011-02-08,66.571365
2011-02-09,66.619225
2011-02-10,66.587341
2011-02-11,66.587341
2011-02-14,66.587341
2011-02-15,66.619225
2011-02-16,66.611206
2011-02-17,66.690903
2011-02-18,66.71479
2011-02-22,66.786407
2011-02-23,66.770508
2011-02-24,66.802361
2011-02-25,66.818283
2011-02-28,66.842171
2011-03-01,66.882851
2011-03-02,66.850952
2011-03-03,66.715446
2011-03-04,66.866867
2011-03-07,66.819092
2011-03-08,66.795212
2011-03-09,66.843033
2011-03-10,66.914703
2011-03-11,66.922714
2011-03-14,66.962509
2011-03-15,66.930649
2011-03-16,67.05024
2011-03-17,67.018295
2011-03-18,66.986427
2011-03-21,66.914703
2011-03-22,66.898781
2011-03-23,66.906754
2011-03-24,66.858948
2011-03-25,66.811111
2011-03-28,66.779228
2011-03-29,66.755302
2011-03-30,66.795212
2011-03-31,66.755302
2011-04-01,66.808739
2011-04-04,66.824684
2011-04-05,66.752899
2011-04-06,66.752899
2011-04-07,66.800797
2011-04-08,66.776871
2011-04-11,66.768867
2011-04-12,66.880539
2011-04-13,66.912437
2011-04-14,66.848671
2011-04-15,66.976295
2011-04-18,66.992218
2011-04-19,67.008194
2011-04-20,67.000244
2011-04-21,66.984268
2011-04-25,66.992218
2011-04-26,67.056053
2011-04-27,67.079971
2011-04-28,67.079971
2011-04-29,67.111839
2011-05-02,67.100723
2011-05-03,67.12468
2011-05-04,67.156586
2011-05-05,67.172531
2011-05-06,67.180565
2011-05-09,67.212486
2011-05-10,67.148582
2011-05-11,67.212486
2011-05-12,67.180565
2011-05-13,67.212486
2011-05-16,67.244392
2011-05-17,67.252396
2011-05-18,67.220497
2011-05-19,67.228416
2011-05-20,67.252396
2011-05-23,67.260399
2011-05-24,67.260399
2011-05-25,67.292297
2011-05-26,67.332222
2011-05-27,67.356117
2011-05-31,67.356117
2011-06-01,67.400925
2011-06-02,67.360992
2011-06-03,67.384949
2011-06-06,67.392906
2011-06-07,67.440872
2011-06-08,67.448875
2011-06-09,67.376961
2011-06-10,67.432884
2011-06-13,67.408928
2011-06-14,67.352951
2011-06-15,67.448875
2011-06-16,67.456856
2011-06-17,67.472816
2011-06-20,67.472816
2011-06-21,67.480804
2011-06-22,67.46489
2011-06-23,67.50486
2011-06-24,67.544716
2011-06-27,67.480804
2011-06-28,67.360992
2011-06-29,67.360992
2011-06-30,67.352951
2011-07-01,67.329788
2011-07-05,67.40976
2011-07-06,67.433754
2011-07-07,67.369804
2011-07-08,67.465645
2011-07-11,67.513741
2011-07-12,67.505707
2011-07-13,67.521667
2011-07-14,67.497711
2011-07-15,67.513741
2011-07-18,67.513741
2011-07-19,67.513741
2011-07-20,67.489723
2011-07-21,67.457764
2011-07-22,67.465645
2011-07-25,67.433754
2011-07-26,67.473747
2011-07-27,67.433754
2011-07-28,67.473747
2011-07-29,67.545662
2011-08-01,67.522484
2011-08-02,67.610474
2011-08-03,67.60257
2011-08-04,67.666519
2011-08-05,67.65049
2011-08-08,67.674492
2011-08-09,67.746529
2011-08-10,67.794518
2011-08-11,67.778557
2011-08-12,67.786499
2011-08-15,67.76252
2011-08-16,67.76252
2011-08-17,67.778557
2011-08-18,67.770493
2011-08-19,67.770493
2011-08-22,67.76252
2011-08-23,67.730507
2011-08-24,67.730507
2011-08-25,67.770493
2011-08-26,67.778557
2011-08-29,67.76252
2011-08-30,67.778557
2011-08-31,67.778557
2011-09-01,67.797684
2011-09-02,67.765663
2011-09-06,67.773705
2011-09-07,67.757713
2011-09-08,67.781708
2011-09-09,67.805748
2011-09-12,67.757713
2011-09-13,67.765663
2011-09-14,67.765663
2011-09-15,67.773705
2011-09-16,67.789734
2011-09-19,67.821785
2011-09-20,67.789734
2011-09-21,67.717659
2011-09-22,67.725647
2011-09-23,67.733711
2011-09-26,67.709656
2011-09-27,67.685585
2011-09-28,67.661629
2011-09-29,67.677612
2011-09-30,67.709656
2011-10-03,67.724846
2011-10-04,67.684891
2011-10-05,67.684891
2011-10-06,67.668816
2011-10-07,67.644829
2011-10-10,67.588661
2011-10-11,67.620705
2011-10-12,67.620705
2011-10-13,67.636726
2011-10-14,67.668816
2011-10-17,67.676811
2011-10-18,67.676811
2011-10-19,67.700859
2011-10-20,67.708893
2011-10-21,67.684891
2011-10-24,67.684891
2011-10-25,67.724846
2011-10-26,67.684891
2011-10-27,67.636726
2011-10-28,67.668816
2011-10-31,67.732895
2011-11-01,67.739288
2011-11-02,67.755318
2011-11-03,67.763359
2011-11-04,67.763359
2011-11-07,67.74736
2011-11-08,67.739288
2011-11-09,67.755318
2011-11-10,67.763359
2011-11-11,67.731277
2011-11-14,67.763359
2011-11-15,67.755318
2011-11-16,67.739288
2011-11-17,67.74736
2011-11-18,67.723312
2011-11-21,67.731277
2011-11-22,67.739288
2011-11-23,67.74736
2011-11-25,67.74736
2011-11-28,67.755318
2011-11-29,67.763359
2011-11-30,67.763359
2011-12-01,67.76738
2011-12-02,67.751312
2011-12-05,67.759369
2011-12-06,67.759369
2011-12-07,67.78344
2011-12-08,67.791405
2011-12-09,67.791405
2011-12-12,67.791405
2011-12-13,67.791405
2011-12-14,67.775391
2011-12-15,67.76738
2011-12-16,67.799423
2011-12-19,67.791405
2011-12-20,67.775391
2011-12-21,67.751312
2011-12-22,67.743294
2011-12-23,67.759369
2011-12-27,67.734459
2011-12-28,67.750549
2011-12-29,67.758537
2011-12-30,67.798637
2012-01-03,67.758537
2012-01-04,67.766571
2012-01-05,67.774544
2012-01-06,67.766571
2012-01-09,67.782623
2012-01-10,67.790665
2012-01-11,67.814697
2012-01-12,67.806694
2012-01-13,67.822701
2012-01-17,67.830719
2012-01-18,67.822701
2012-01-19,67.822701
2012-01-20,67.806694
2012-01-23,67.814697
2012-01-24,67.814697
2012-01-25,67.854858
2012-01-26,67.862808
2012-01-27,67.878944
2012-01-30,67.854858
2012-01-31,67.854858
2012-02-01,67.831512
2012-02-02,67.839577
2012-02-03,67.839577
2012-02-06,67.823509
2012-02-07,67.807465
2012-02-08,67.807465
2012-02-09,67.775414
2012-02-10,67.791405
2012-02-13,67.751274
2012-02-14,67.767326
2012-02-15,67.775414
2012-02-16,67.751274
2012-02-17,67.735237
2012-02-21,67.719185
2012-02-22,67.751274
2012-02-23,67.743271
2012-02-24,67.727165
2012-02-27,67.743271
2012-02-28,67.7593
2012-02-29,67.7593
2012-03-01,67.74733
2012-03-02,67.763313
2012-03-05,67.763313
2012-03-06,67.763313
2012-03-07,67.74733
2012-03-08,67.723183
2012-03-09,67.723183
2012-03-12,67.731209
2012-03-13,67.691048
2012-03-14,67.594727
2012-03-15,67.634819
2012-03-16,67.674988
2012-03-19,67.626808
2012-03-20,67.610771
2012-03-21,67.650871
2012-03-22,67.658913
2012-03-23,67.666931
2012-03-26,67.683075
2012-03-27,67.707085
2012-03-28,67.691048
2012-03-29,67.715141
2012-03-30,67.707085
2012-04-02,67.723175
2012-04-03,67.674934
2012-04-04,67.69104
2012-04-05,67.715118
2012-04-09,67.763336
2012-04-10,67.795486
2012-04-11,67.787453
2012-04-12,67.795486
2012-04-13,67.803513
2012-04-16,67.803513
2012-04-17,67.803513
2012-04-18,67.819626
2012-04-19,67.827606
2012-04-20,67.827606
2012-04-23,67.843666
2012-04-24,67.819626
2012-04-25,67.835617
2012-04-26,67.843666
2012-04-27,67.827606
2012-04-30,67.843666
2012-05-01,67.842072
2012-05-02,67.850121
2012-05-03,67.842072
2012-05-04,67.866158
2012-05-07,67.866158
2012-05-08,67.874161
2012-05-09,67.866158
2012-05-10,67.858162
2012-05-11,67.866158
2012-05-14,67.858162
2012-05-15,67.850121
2012-05-16,67.842072
2012-05-17,67.809929
2012-05-18,67.817963
2012-05-21,67.825996
2012-05-22,67.80188
2012-05-23,67.834015
2012-05-24,67.809929
2012-05-25,67.842072
2012-05-29,67.825996
2012-05-30,67.858162
2012-05-31,67.882248
2012-06-01,67.888657
2012-06-04,67.880661
2012-06-05,67.89666
2012-06-06,67.872612
2012-06-07,67.864563
2012-06-08,67.864563
2012-06-11,67.864563
2012-06-12,67.832397
2012-06-13,67.824364
2012-06-14,67.832397
2012-06-15,67.856514
2012-06-18,67.840446
2012-06-19,67.832397
2012-06-20,67.808296
2012-06-21,67.816338
2012-06-22,67.824364
2012-06-25,67.824364
2012-06-26,67.808296
2012-06-27,67.808296
2012-06-28,67.816338
2012-06-29,67.816338
2012-07-02,67.837242
2012-07-03,67.821121
2012-07-05,67.845261
2012-07-06,67.869431
2012-07-09,67.869431
2012-07-10,67.869431
2012-07-11,67.877457
2012-07-12,67.893539
2012-07-13,67.909569
2012-07-16,67.933723
2012-07-17,67.925697
2012-07-18,67.94175
2012-07-19,67.957809
2012-07-20,67.965897
2012-07-23,67.973923
2012-07-24,67.957809
2012-07-25,67.965897
2012-07-26,67.965897
2012-07-27,67.917618
2012-07-30,67.949768
2012-07-31,67.965897
2012-08-01,67.954636
2012-08-02,67.962685
2012-08-03,67.938477
2012-08-06,67.946587
2012-08-07,67.914391
2012-08-08,67.890289
2012-08-09,67.890289
2012-08-10,67.906364
2012-08-13,67.914391
2012-08-14,67.898338
2012-08-15,67.874191
2012-08-16,67.866165
2012-08-17,67.874191
2012-08-20,67.874191
2012-08-21,67.874191
2012-08-22,67.914391
2012-08-23,67.922485
2012-08-24,67.922485
2012-08-27,67.914391
2012-08-28,67.922485
2012-08-29,67.922485
2012-08-30,67.930511
2012-08-31,67.970711
2012-09-04,67.965881
2012-09-05,67.965881
2012-09-06,67.933731
2012-09-07,67.94973
2012-09-10,67.933731
2012-09-11,67.94973
2012-09-12,67.941742
2012-09-13,67.965881
2012-09-14,67.933731
2012-09-17,67.933731
2012-09-18,67.941742
2012-09-19,67.941742
2012-09-20,67.925674
2012-09-21,67.933731
2012-09-24,67.941742
2012-09-25,67.925674
2012-09-26,67.941742
2012-09-27,67.94973
2012-09-28,67.981972
2012-10-01,67.983597
2012-10-02,67.967438
2012-10-03,67.967438
2012-10-04,67.967438
2012-10-05,67.935295
2012-10-08,67.943367
2012-10-09,67.943367
2012-10-10,67.935295
2012-10-11,67.927223
2012-10-12,67.951408
2012-10-15,67.935295
2012-10-16,67.935295
2012-10-17,67.895073
2012-10-18,67.903099
2012-10-19,67.903099
2012-10-22,67.878983
2012-10-23,67.911156
2012-10-24,67.903099
2012-10-25,67.878983
2012-10-26,67.895073
2012-10-31,67.935295
2012-11-01,67.919212
2012-11-02,67.911156
2012-11-05,67.911156
2012-11-06,67.886978
2012-11-07,67.943367
2012-11-08,67.943367
2012-11-09,67.943367
2012-11-12,67.943367
2012-11-13,67.951408
2012-11-14,67.967438
2012-11-15,67.967438
2012-11-16,67.967438
2012-11-19,67.959427
2012-11-20,67.943367
2012-11-21,67.935295
2012-11-23,67.935295
2012-11-26,67.927223
2012-11-27,67.935295
2012-11-28,67.943367
2012-11-29,67.943367
2012-11-30,67.951408
2012-12-03,67.959442
2012-12-04,67.959442
2012-12-05,67.97551
2012-12-06,67.97551
2012-12-07,67.97551
2012-12-10,67.97551
2012-12-11,67.97551
2012-12-12,67.967484
2012-12-13,67.967484
2012-12-14,67.983566
2012-12-17,67.967484
2012-12-18,67.927231
2012-12-19,67.943344
2012-12-20,67.935287
2012-12-21,67.943344
2012-12-24,67.943344
2012-12-26,67.94416
2012-12-27,67.968262
2012-12-28,67.968262
2012-12-31,67.968262
2013-01-02,67.952148
2013-01-03,67.952148
2013-01-04,67.960243
2013-01-07,67.960243
2013-01-08,67.968262
2013-01-09,67.99247
2013-01-10,67.984413
2013-01-11,67.976341
2013-01-14,67.976341
2013-01-15,67.984413
2013-01-16,67.984413
2013-01-17,67.976341
2013-01-18,67.976341
2013-01-22,67.99247
2013-01-23,67.99247
2013-01-24,67.99247
2013-01-25,67.960243
2013-01-28,67.936073
2013-01-29,67.94416
2013-01-30,67.968262
2013-01-31,67.976341
2013-02-01,67.969048
2013-02-04,67.985229
2013-02-05,67.985229
2013-02-06,68.001343
2013-02-07,68.001343
2013-02-08,68.009415
2013-02-11,67.985229
2013-02-12,67.969048
2013-02-13,67.961067
2013-02-14,67.969048
2013-02-15,67.977135
2013-02-19,67.969048
2013-02-20,67.969048
2013-02-21,67.993271
2013-02-22,67.993271
2013-02-25,68.009415
2013-02-26,68.025459
2013-02-27,68.025459
2013-02-28,68.017403
2013-03-01,68.031876
2013-03-04,68.023903
2013-03-05,68.015839
2013-03-06,68.007736
2013-03-07,67.991661
2013-03-08,67.999733
2013-03-11,67.991661
2013-03-12,68.007736
2013-03-13,67.991661
2013-03-14,67.991661
2013-03-15,68.015839
2013-03-18,68.031876
2013-03-19,68.023903
2013-03-20,68.015839
2013-03-21,68.023903
2013-03-22,68.007736
2013-03-25,68.007736
2013-03-26,68.015839
2013-03-27,68.031876
2013-03-28,68.039986
2013-04-01,68.046448
2013-04-02,68.046448
2013-04-03,68.038383
2013-04-04,68.062538
2013-04-05,68.062538
2013-04-08,68.046448
2013-04-09,68.046448
2013-04-10,68.046448
2013-04-11,68.046448
2013-04-12,68.054466
2013-04-15,68.062538
2013-04-16,68.062538
2013-04-17,68.062538
2013-04-18,68.062538
2013-04-19,68.062538
2013-04-22,68.070541
2013-04-23,68.062538
2013-04-24,68.070541
2013-04-25,68.062538
2013-04-26,68.078621
2013-04-29,68.094772
2013-04-30,68.086723
2013-05-01,68.100395
2013-05-02,68.092339
2013-05-03,68.068146
2013-05-06,68.068146
2013-05-07,68.068146
2013-05-08,68.076256
2013-05-09,68.068146
2013-05-10,68.060081
2013-05-13,68.044029
2013-05-14,68.044029
2013-05-15,68.052063
2013-05-16,68.068146
2013-05-17,68.052063
2013-05-20,68.060081
2013-05-21,68.060081
2013-05-22,68.035942
2013-05-23,68.052063
2013-05-24,68.035942
2013-05-28,67.987625
2013-05-29,67.987625
2013-05-30,68.003693
2013-05-31,67.995628
2013-06-03,68.017387
2013-06-04,68.017387
2013-06-05,68.025429
2013-06-06,68.017387
2013-06-07,68.009361
2013-06-10,67.985184
2013-06-11,67.977119
2013-06-12,67.969017
2013-06-13,68.00132
2013-06-14,68.049629
2013-06-17,68.049629
2013-06-18,68.049629
2013-06-19,67.969017
2013-06-20,67.960999
2013-06-21,67.904556
2013-06-24,67.872276
2013-06-25,67.864288
2013-06-26,67.896469
2013-06-27,67.936829
2013-06-28,67.928734
2013-07-01,67.958534
2013-07-02,67.966614
2013-07-03,67.958534
2013-07-05,67.88604
2013-07-08,67.934357
2013-07-09,67.926315
2013-07-10,67.926315
2013-07-11,67.982803
2013-07-12,67.942482
2013-07-15,67.974678
2013-07-16,67.982803
2013-07-17,68.006912
2013-07-18,67.998924
2013-07-19,68.031097
2013-07-22,68.031097
2013-07-23,68.023079
2013-07-24,67.990868
2013-07-25,68.031097
2013-07-26,68.039185
2013-07-29,68.031097
2013-07-30,68.039185
2013-07-31,68.039185
2013-08-01,68.013374
2013-08-02,68.06179
2013-08-05,68.053703
2013-08-06,68.045631
2013-08-07,68.06179
2013-08-08,68.06179
2013-08-09,68.045631
2013-08-12,68.045631
2013-08-13,68.013374
2013-08-14,68.013374
2013-08-15,67.989174
2013-08-16,67.997284
2013-08-19,67.981117
2013-08-20,67.997284
2013-08-21,67.956924
2013-08-22,67.932739
2013-08-23,67.932739
2013-08-26,67.956924
2013-08-27,67.989174
2013-08-28,67.948845
2013-08-29,67.965057
2013-08-30,67.973053
2013-09-03,67.947266
2013-09-04,67.882767
2013-09-05,67.818199
2013-09-06,67.882767
2013-09-09,67.89888
2013-09-10,67.874664
2013-09-11,67.906952
2013-09-12,67.906952
2013-09-13,67.906952
2013-09-16,67.955315
2013-09-17,67.979561
2013-09-18,68.068214
2013-09-19,68.044075
2013-09-20,68.052116
2013-09-23,68.068214
2013-09-24,68.076324
2013-09-25,68.100479
2013-09-26,68.068214
2013-09-27,68.108582
2013-09-30,68.124695
2013-10-01,68.106956
2013-10-02,68.115021
2013-10-03,68.115021
2013-10-04,68.09079
2013-10-07,68.09079
2013-10-08,68.03434
2013-10-09,68.058578
2013-10-10,68.058578
2013-10-11,68.058578
2013-10-14,68.03434
2013-10-15,68.058578
2013-10-16,68.082741
2013-10-17,68.106956
2013-10-18,68.106956
2013-10-21,68.106956
2013-10-22,68.163467
2013-10-23,68.139175
2013-10-24,68.131134
2013-10-25,68.147255
2013-10-28,68.163467
2013-10-29,68.163467
2013-10-30,68.163467
2013-10-31,68.171471
2013-11-01,68.146484
2013-11-04,68.162628
2013-11-05,68.162628
2013-11-06,68.178757
2013-11-07,68.194878
2013-11-08,68.146484
2013-11-11,68.162628
2013-11-12,68.146484
2013-11-13,68.146484
2013-11-14,68.186806
2013-11-15,68.186806
2013-11-18,68.219147
2013-11-19,68.194878
2013-11-20,68.202904
2013-11-21,68.235245
2013-11-22,68.219147
2013-11-25,68.219147
2013-11-26,68.227165
2013-11-27,68.227165
2013-11-29,68.235245
2013-12-02,68.194077
2013-12-03,68.21019
2013-12-04,68.194077
2013-12-05,68.202126
2013-12-06,68.17794
2013-12-09,68.17794
2013-12-10,68.202126
2013-12-11,68.17794
2013-12-12,68.153694
2013-12-13,68.169815
2013-12-16,68.169815
2013-12-17,68.185989
2013-12-18,68.185989
2013-12-19,68.14566
2013-12-20,68.121437
2013-12-23,68.113373
2013-12-24,68.089157
2013-12-26,68.081879
2013-12-27,68.114197
2013-12-30,68.130325
2013-12-31,68.114197
2014-01-02,68.146446
2014-01-03,68.122231
2014-01-06,68.130325
2014-01-07,68.130325
2014-01-08,68.065727
2014-01-09,68.081879
2014-01-10,68.146446
2014-01-13,68.162636
2014-01-14,68.146446
2014-01-15,68.122231
2014-01-16,68.13839
2014-01-17,68.13839
2014-01-21,68.130325
2014-01-22,68.098038
2014-01-23,68.162636
2014-01-24,68.186798
2014-01-27,68.178772
2014-01-28,68.178772
2014-01-29,68.227173
2014-01-30,68.219086
2014-01-31,68.251434
2014-02-03,68.270004
2014-02-04,68.278061
2014-02-05,68.245728
2014-02-06,68.253838
2014-02-07,68.270004
2014-02-10,68.253838
2014-02-11,68.237656
2014-02-12,68.20536
2014-02-13,68.245728
2014-02-14,68.245728
2014-02-18,68.270004
2014-02-19,68.245728
2014-02-20,68.253838
2014-02-21,68.26194
2014-02-24,68.26194
2014-02-25,68.253838
2014-02-26,68.28614
2014-02-27,68.278061
2014-02-28,68.278061
2014-03-03,68.316818
2014-03-04,68.260254
2014-03-05,68.284531
2014-03-06,68.244125
2014-03-07,68.195686
2014-03-10,68.203751
2014-03-11,68.203751
2014-03-12,68.228012
2014-03-13,68.268364
2014-03-14,68.25219
2014-03-17,68.228012
2014-03-18,68.244125
2014-03-19,68.131065
2014-03-20,68.13913
2014-03-21,68.147232
2014-03-24,68.114891
2014-03-25,68.122986
2014-03-26,68.171448
2014-03-27,68.163368
2014-03-28,68.163368
2014-03-31,68.203751
2014-04-01,68.164185
2014-04-02,68.139931
2014-04-03,68.15609
2014-04-04,68.212669
2014-04-07,68.220711
2014-04-08,68.228836
2014-04-09,68.261131
2014-04-10,68.301506
2014-04-11,68.293427
2014-04-14,68.285309
2014-04-15,68.285309
2014-04-16,68.261131
2014-04-17,68.244942
2014-04-21,68.244942
2014-04-22,68.212669
2014-04-23,68.244942
2014-04-24,68.228836
2014-04-25,68.236855
2014-04-28,68.236855
2014-04-29,68.228836
2014-04-30,68.277252
2014-05-01,68.278091
2014-05-02,68.269997
2014-05-05,68.278091
2014-05-06,68.253845
2014-05-07,68.278091
2014-05-08,68.294205
2014-05-09,68.318466
2014-05-12,68.302299
2014-05-13,68.326569
2014-05-14,68.350761
2014-05-15,68.358879
2014-05-16,68.366951
2014-05-19,68.38311
2014-05-20,68.391167
2014-05-21,68.391167
2014-05-22,68.375053
2014-05-23,68.358879
2014-05-27,68.375053
2014-05-28,68.391167
2014-05-29,68.38311
2014-05-30,68.399269
2014-06-02,68.353165
2014-06-03,68.337051
2014-06-04,68.361252
2014-06-05,68.3694
2014-06-06,68.353165
2014-06-09,68.30468
2014-06-10,68.288536
2014-06-11,68.312744
2014-06-12,68.337051
2014-06-13,68.296608
2014-06-16,68.280472
2014-06-17,68.223854
2014-06-18,68.280472
2014-06-19,68.272408
2014-06-20,68.272408
2014-06-23,68.272408
2014-06-24,68.296608
2014-06-25,68.30468
2014-06-26,68.320854
2014-06-27,68.337051
2014-06-30,68.345123
2014-07-01,68.316803
2014-07-02,68.292595
2014-07-03,68.284508
2014-07-07,68.268303
2014-07-08,68.284508
2014-07-09,68.292595
2014-07-10,68.32489
2014-07-11,68.341049
2014-07-14,68.332954
2014-07-15,68.300667
2014-07-16,68.292595
2014-07-17,68.349197
2014-07-18,68.292595
2014-07-21,68.300667
2014-07-22,68.300667
2014-07-23,68.32489
2014-07-24,68.300667
2014-07-25,68.308723
2014-07-28,68.276413
2014-07-29,68.292595
2014-07-30,68.260262
2014-07-31,68.292595
2014-08-01,68.379097
2014-08-04,68.379097
2014-08-05,68.379097
2014-08-06,68.395256
2014-08-07,68.427643
2014-08-08,68.387215
2014-08-11,68.387215
2014-08-12,68.387215
2014-08-13,68.419479
2014-08-14,68.435715
2014-08-15,68.435715
2014-08-18,68.435715
2014-08-19,68.435715
2014-08-20,68.37104
2014-08-21,68.37104
2014-08-22,68.354805
2014-08-25,68.330582
2014-08-26,68.354805
2014-08-27,68.37104
2014-08-28,68.387215
2014-08-29,68.419479
2014-09-02,68.361282
2014-09-03,68.377449
2014-09-04,68.369385
2014-09-05,68.393669
2014-09-08,68.353195
2014-09-09,68.312744
2014-09-10,68.320862
2014-09-11,68.328957
2014-09-12,68.312744
2014-09-15,68.345116
2014-09-16,68.385559
2014-09-17,68.312744
2014-09-18,68.320862
2014-09-19,68.312744
2014-09-22,68.361282
2014-09-23,68.377449
2014-09-24,68.353195
2014-09-25,68.401733
2014-09-26,68.369385
2014-09-29,68.385559
2014-09-30,68.369385
2014-10-01,68.442223
2014-10-02,68.434135
2014-10-03,68.369392
2014-10-06,68.434135
2014-10-07,68.474617
2014-10-08,68.547432
2014-10-09,68.547432
2014-10-10,68.579765
2014-10-13,68.604042
2014-10-14,68.644562
2014-10-15,68.733543
2014-10-16,68.693092
2014-10-17,68.652641
2014-10-20,68.693092
2014-10-21,68.676926
2014-10-22,68.66066
2014-10-23,68.62838
2014-10-24,68.644562
2014-10-27,68.644562
2014-10-28,68.62838
2014-10-29,68.539291
2014-10-30,68.563599
2014-10-31,68.547432
2014-11-03,68.538521
2014-11-04,68.530388
2014-11-05,68.514244
2014-11-06,68.498055
2014-11-07,68.5466
2014-11-10,68.498055
2014-11-11,68.489914
2014-11-12,68.514244
2014-11-13,68.530388
2014-11-14,68.56279
2014-11-17,68.554733
2014-11-18,68.5466
2014-11-19,68.538521
2014-11-20,68.554733
2014-11-21,68.570938
2014-11-24,68.579002
2014-11-25,68.587082
2014-11-26,68.595177
2014-11-28,68.619484
2014-12-01,68.618629
2014-12-02,68.578178
2014-12-03,68.545799
2014-12-04,68.58625
2014-12-05,68.456703
2014-12-08,68.448563
2014-12-09,68.472908
2014-12-10,68.529587
2014-12-11,68.497177
2014-12-12,68.561996
2014-12-15,68.513344
2014-12-16,68.553871
2014-12-17,68.48909
2014-12-18,68.448563
2014-12-19,68.400024
2014-12-22,68.416183
2014-12-23,68.343315
2014-12-24,68.378204
2014-12-26,68.353867
2014-12-29,68.418663
2014-12-30,68.442963
2014-12-31,68.418663
2015-01-02,68.491623
2015-01-05,68.491623
2015-01-06,68.523972
2015-01-07,68.556381
2015-01-08,68.548279
2015-01-09,68.604988
2015-01-12,68.6455
2015-01-13,68.685997
2015-01-14,68.726517
2015-01-15,68.831856
2015-01-16,68.767014
2015-01-20,68.734596
2015-01-21,68.734596
2015-01-22,68.710312
2015-01-23,68.742722
2015-01-26,68.702232
2015-01-27,68.742722
2015-01-28,68.791367
2015-01-29,68.767014
2015-01-30,68.848053
2015-02-02,68.826164
2015-02-03,68.769432
2015-02-04,68.777534
2015-02-05,68.75322
2015-02-06,68.591133
2015-02-09,68.583
2015-02-10,68.566803
2015-02-11,68.574905
2015-02-12,68.599228
2015-02-13,68.599228
2015-02-17,68.566803
2015-02-18,68.647896
2015-02-19,68.607292
2015-02-20,68.599228
2015-02-23,68.631622
2015-02-24,68.68837
2015-02-25,68.68837
2015-02-26,68.623558
2015-02-27,68.647896
2015-03-02,68.591888
2015-03-03,68.575668
2015-03-04,68.591888
2015-03-05,68.616257
2015-03-06,68.543289
2015-03-09,68.575668
2015-03-10,68.591888
2015-03-11,68.591888
2015-03-12,68.608124
2015-03-13,68.616257
2015-03-16,68.624336
2015-03-17,68.608124
2015-03-18,68.770325
2015-03-19,68.681129
2015-03-20,68.729713
2015-03-23,68.754074
2015-03-24,68.778366
2015-03-25,68.762154
2015-03-26,68.729713
2015-03-27,68.770325
2015-03-30,68.762154
2015-03-31,68.818932
2015-04-01,68.848923
2015-04-02,68.840828
2015-04-06,68.897636
2015-04-07,68.848923
2015-04-08,68.848923
2015-04-09,68.824608
2015-04-10,68.80838
2015-04-13,68.848923
2015-04-14,68.881386
2015-04-15,68.881386
2015-04-16,68.913841
2015-04-17,68.881386
2015-04-20,68.873253
2015-04-21,68.881386
2015-04-22,68.824608
2015-04-23,68.857025
2015-04-24,68.881386
2015-04-27,68.873253
2015-04-28,68.840828
2015-04-29,68.848923
2015-04-30,68.840828
2015-05-01,68.812408
2015-05-04,68.812408
2015-05-05,68.796219
2015-05-06,68.771896
2015-05-07,68.747513
2015-05-08,68.844894
2015-05-11,68.779976
2015-05-12,68.788086
2015-05-13,68.820549
2015-05-14,68.885468
2015-05-15,68.885468
2015-05-18,68.844894
2015-05-19,68.804344
2015-05-20,68.828674
2015-05-21,68.852997
2015-05-22,68.804344
2015-05-26,68.812408
2015-05-27,68.820549
2015-05-28,68.852997
2015-05-29,68.86927
2015-06-01,68.826172
2015-06-02,68.818062
2015-06-03,68.793724
2015-06-04,68.801834
2015-06-05,68.736862
2015-06-08,68.777481
2015-06-09,68.745049
2015-06-10,68.728783
2015-06-11,68.745049
2015-06-12,68.728783
2015-06-15,68.761223
2015-06-16,68.785622
2015-06-17,68.834305
2015-06-18,68.850555
2015-06-19,68.866821
2015-06-22,68.818062
2015-06-23,68.801834
2015-06-24,68.834305
2015-06-25,68.818062
2015-06-26,68.777481
2015-06-29,68.891144
2015-06-30,68.891144
2015-07-01,68.832657
2015-07-02,68.938286
2015-07-06,68.954491
2015-07-07,68.946411
2015-07-08,69.019501
2015-07-09,68.970749
2015-07-10,68.905724
2015-07-13,68.873314
2015-07-14,68.905724
2015-07-15,68.93013
2015-07-16,68.897667
2015-07-17,68.881409
2015-07-20,68.84082
2015-07-21,68.848877
2015-07-22,68.84082
2015-07-23,68.848877
2015-07-24,68.865143
2015-07-27,68.913887
2015-07-28,68.897667
2015-07-29,68.881409
2015-07-30,68.848877
2015-07-31,68.92202
2015-08-03,68.944786
2015-08-04,68.839119
2015-08-05,68.847198
2015-08-06,68.863533
2015-08-07,68.831001
2015-08-10,68.831001
2015-08-11,68.920395
2015-08-12,68.920395
2015-08-13,68.863533
2015-08-14,68.831001
2015-08-17,68.871658
2015-08-18,68.863533
2015-08-19,68.928513
2015-08-20,68.904137
2015-08-21,68.977272
2015-08-24,69.009766
2015-08-25,68.977272
2015-08-26,68.936615
2015-08-27,68.944786
2015-08-28,68.912262
2015-08-31,68.887863
2015-09-01,68.912285
2015-09-02,68.92852
2015-09-03,68.92852
2015-09-04,68.936653
2015-09-08,68.912285
2015-09-09,68.896027
2015-09-10,68.920425
2015-09-11,68.944794
2015-09-14,68.92852
2015-09-15,68.830956
2015-09-16,68.822868
2015-09-17,68.97731
2015-09-18,69.009834
2015-09-21,68.969162
2015-09-22,69.009834
2015-09-23,68.985443
2015-09-24,69.0261
2015-09-25,68.993546
2015-09-28,69.042343
2015-09-29,69.074867
2015-09-30,69.091103
2015-10-01,69.091095
2015-10-02,69.188721
2015-10-05,69.139938
2015-10-06,69.131767
2015-10-07,69.115555
2015-10-08,69.099197
2015-10-09,69.099197
2015-10-12,69.08297
2015-10-13,69.10743
2015-10-14,69.204964
2015-10-15,69.16436
2015-10-16,69.131767
2015-10-19,69.156151
2015-10-20,69.115555
2015-10-21,69.139938
2015-10-22,69.16436
2015-10-23,69.10743
2015-10-26,69.10743
2015-10-27,69.131767
2015-10-28,69.042336
2015-10-29,68.993515
2015-10-30,68.993515
2015-11-02,68.953629
2015-11-03,68.945511
2015-11-04,68.872284
2015-11-05,68.872284
2015-11-06,68.807198
2015-11-09,68.790916
2015-11-10,68.823479
2015-11-11,68.807198
2015-11-12,68.831581
2015-11-13,68.888557
2015-11-16,68.888557
2015-11-17,68.86412
2015-11-18,68.839691
2015-11-19,68.823479
2015-11-20,68.823479
2015-11-23,68.815338
2015-11-24,68.815338
2015-11-25,68.823479
2015-11-27,68.839691
2015-11-30,68.815338
2015-12-01,68.856842
2015-12-02,68.799858
2015-12-03,68.799858
2015-12-04,68.816139
2015-12-07,68.808037
2015-12-08,68.799858
2015-12-09,68.824242
2015-12-10,68.783562
2015-12-11,68.86496
2015-12-14,68.783562
2015-12-15,68.775459
2015-12-16,68.718445
2015-12-17,68.718445
2015-12-18,68.808037
2015-12-21,68.799858
2015-12-22,68.783562
2015-12-23,68.75914
2015-12-24,68.786026
2015-12-28,68.745331
2015-12-29,68.728966
2015-12-30,68.745331
2015-12-31,68.712738
2016-01-04,68.802345
2016-01-05,68.761581
2016-01-06,68.802345
2016-01-07,68.826767
2016-01-08,68.875641
2016-01-11,68.900055
2016-01-12,68.90818
2016-01-13,68.948929
2016-01-14,68.965195
2016-01-15,69.022224
2016-01-19,69.014153
2016-01-20,69.062943
2016-01-21,69.054832
2016-01-22,69.030411
2016-01-25,69.030411
2016-01-26,69.062943
2016-01-27,69.079269
2016-01-28,69.079269
2016-01-29,69.160759
2016-02-01,69.123985
2016-02-02,69.213684
2016-02-03,69.22995
2016-02-04,69.246254
2016-02-05,69.22995
2016-02-08,69.31147
2016-02-09,69.28701
2016-02-10,69.28701
2016-02-11,69.352226
2016-02-12,69.270729
2016-02-16,69.22995
2016-02-17,69.246254
2016-02-18,69.303345
2016-02-19,69.238159
2016-02-22,69.246254
2016-02-23,69.254379
2016-02-24,69.270729
2016-02-25,69.28701
2016-02-26,69.19738
2016-02-29,69.238159
2016-03-01,69.146011
2016-03-02,69.137802
2016-03-03,69.162277
2016-03-04,69.113396
2016-03-07,69.064445
2016-03-08,69.113396
2016-03-09,69.088966
2016-03-10,69.08075
2016-03-11,69.015495
2016-03-14,69.015495
2016-03-15,69.039978
2016-03-16,69.178581
2016-03-17,69.170441
2016-03-18,69.186752
2016-03-21,69.178581
2016-03-22,69.137802
2016-03-23,69.178581
2016-03-24,69.146011
2016-03-28,69.162277
2016-03-29,69.292702
2016-03-30,69.300934
2016-03-31,69.333496
2016-04-01,69.293541
2016-04-04,69.342491
2016-04-05,69.366974
2016-04-06,69.342491
2016-04-07,69.383286
2016-04-08,69.383286
2016-04-11,69.375175
2016-04-12,69.358826
2016-04-13,69.32618
2016-04-14,69.32618
2016-04-15,69.375175
2016-04-18,69.366974
2016-04-19,69.342491
2016-04-20,69.293541
2016-04-21,69.277229
2016-04-22,69.277229
2016-04-25,69.26091
2016-04-26,69.244621
2016-04-27,69.293541
2016-04-28,69.334358
2016-04-29,69.358826
2016-05-02,69.333488
2016-05-03,69.407013
2016-05-04,69.398796
2016-05-05,69.423347
2016-05-06,69.407013
2016-05-09,69.439651
2016-05-10,69.455925
2016-05-11,69.43145
2016-05-12,69.390617
2016-05-13,69.398796
2016-05-16,69.366165
2016-05-17,69.341682
2016-05-18,69.219231
2016-05-19,69.23555
2016-05-20,69.260063
2016-05-23,69.251869
2016-05-24,69.202866
2016-05-25,69.24369
2016-05-26,69.284515
2016-05-27,69.24369
2016-05-31,69.276375
2016-06-01,69.228149
2016-06-02,69.285332
2016-06-03,69.399712
2016-06-06,69.383369
2016-06-07,69.399712
2016-06-08,69.416077
2016-06-09,69.432327
2016-06-10,69.473213
2016-06-13,69.489609
2016-06-14,69.497688
2016-06-15,69.579437
2016-06-16,69.538589
2016-06-17,69.546768
2016-06-20,69.50589
2016-06-21,69.456924
2016-06-22,69.48143
2016-06-23,69.456924
2016-06-24,69.620255
2016-06-27,69.661148
2016-06-28,69.685608
2016-06-29,69.661148
2016-06-30,69.693764
2016-07-01,69.718338
2016-07-05,69.750992
2016-07-06,69.718338
2016-07-07,69.685631
2016-07-08,69.685631
2016-07-11,69.612038
2016-07-12,69.587517
2016-07-13,69.603882
2016-07-14,69.562996
2016-07-15,69.530296
2016-07-18,69.571198
2016-07-19,69.579353
2016-07-20,69.5467
2016-07-21,69.595695
2016-07-22,69.571198
2016-07-25,69.522163
2016-07-26,69.530296
2016-07-27,69.579353
2016-07-28,69.571198
2016-07-29,69.661133
2016-08-01,69.637383
2016-08-02,69.612854
2016-08-03,69.621017
2016-08-04,69.670105
2016-08-05,69.571938
2016-08-08,69.547409
2016-08-09,69.588348
2016-08-10,69.621017
2016-08-11,69.555595
2016-08-12,69.60466
2016-08-15,69.588348
2016-08-16,69.563789
2016-08-17,69.563789
2016-08-18,69.612854
2016-08-19,69.547409
2016-08-22,69.555595
2016-08-23,69.563789
2016-08-24,69.547409
2016-08-25,69.522888
2016-08-26,69.457474
2016-08-29,69.498367
2016-08-30,69.506538
2016-08-31,69.498367
2016-09-01,69.531075
2016-09-02,69.531075
2016-09-06,69.580147
2016-09-07,69.580147
2016-09-08,69.531075
2016-09-09,69.506584
2016-09-12,69.531075
2016-09-13,69.506584
2016-09-14,69.547424
2016-09-15,69.604698
2016-09-16,69.572014
2016-09-19,69.555626
2016-09-20,69.539276
2016-09-21,69.555626
2016-09-22,69.539276
2016-09-23,69.580147
2016-09-26,69.621124
2016-09-27,69.629272
2016-09-28,69.621124
2016-09-29,69.645645
2016-09-30,69.588379
2016-10-03,69.579369
2016-10-04,69.522057
2016-10-05,69.481049
2016-10-06,69.481049
2016-10-07,69.505661
2016-10-10,69.47287
2016-10-11,69.464699
2016-10-12,69.464699
2016-10-13,69.489296
2016-10-14,69.47287
2016-10-17,69.530212
2016-10-18,69.554771
2016-10-19,69.554771
2016-10-20,69.522057
2016-10-21,69.538445
2016-10-24,69.513863
2016-10-25,69.513863
2016-10-26,69.489296
2016-10-27,69.505661
2016-10-28,69.505661
2016-10-31,69.554771
2016-11-01,69.555618
2016-11-02,69.596527
2016-11-03,69.604774
2016-11-04,69.629333
2016-11-07,69.604774
2016-11-08,69.531029
2016-11-09,69.440895
2016-11-10,69.416344
2016-11-11,69.416344
2016-11-14,69.30983
2016-11-15,69.334419
2016-11-16,69.32621
2016-11-17,69.318016
2016-11-18,69.277061
2016-11-21,69.268875
2016-11-22,69.252464
2016-11-23,69.211533
2016-11-25,69.2033
2016-11-28,69.244263
2016-11-29,69.252464
2016-11-30,69.227943
2016-12-01,69.195091
2016-12-02,69.268913
2016-12-05,69.268913
2016-12-06,69.252502
2016-12-07,69.277084
2016-12-08,69.268913
2016-12-09,69.260719
2016-12-12,69.236115
2016-12-13,69.227898
2016-12-14,69.096741
2016-12-15,69.06395
2016-12-16,69.096741
2016-12-19,69.129532
2016-12-20,69.137756
2016-12-21,69.170486
2016-12-22,69.187759
2016-12-23,69.187759
2016-12-27,69.154907
2016-12-28,69.179535
2016-12-29,69.253426
2016-12-30,69.277977
2017-01-03,69.220558
2017-01-04,69.236961
2017-01-05,69.286194
2017-01-06,69.228745
2017-01-09,69.286194
2017-01-10,69.261559
2017-01-11,69.294403
2017-01-12,69.319
2017-01-13,69.286194
2017-01-17,69.335396
2017-01-18,69.269791
2017-01-19,69.245171
2017-01-20,69.286194
2017-01-23,69.351807
2017-01-24,69.310822
2017-01-25,69.294403
2017-01-26,69.302589
2017-01-27,69.335396
2017-01-30,69.335396
2017-01-31,69.351807
2017-02-01,69.328041
2017-02-02,69.352646
2017-02-03,69.328041
2017-02-06,69.401917
2017-02-07,69.38549
2017-02-08,69.451134
2017-02-09,69.393669
2017-02-10,69.38549
2017-02-13,69.369041
2017-02-14,69.319824
2017-02-15,69.295212
2017-02-16,69.328041
2017-02-17,69.377235
2017-02-21,69.38549
2017-02-22,69.401917
2017-02-23,69.434738
2017-02-24,69.467545
2017-02-27,69.410072
2017-02-28,69.377235
2017-03-01,69.323029
2017-03-02,69.249115
2017-03-03,69.265533
2017-03-06,69.281967
2017-03-07,69.257332
2017-03-08,69.199814
2017-03-09,69.191605
2017-03-10,69.232674
2017-03-13,69.199814
2017-03-14,69.191605
2017-03-15,69.323029
2017-03-16,69.273796
2017-03-17,69.306633
2017-03-20,69.347679
2017-03-21,69.380531
2017-03-22,69.396988
2017-03-23,69.396988
2017-03-24,69.396988
2017-03-27,69.421638
2017-03-28,69.388748
2017-03-29,69.429764
2017-03-30,69.413422
2017-03-31,69.421638
2017-04-03,69.485718
2017-04-04,69.461067
2017-04-05,69.461067
2017-04-06,69.477463
2017-04-07,69.387115
2017-04-10,69.419937
2017-04-11,69.485718
2017-04-12,69.535027
2017-04-13,69.56794
2017-04-17,69.559662
2017-04-18,69.61721
2017-04-19,69.584343
2017-04-20,69.576118
2017-04-21,69.609001
2017-04-24,69.535027
2017-04-25,69.469276
2017-04-26,69.49395
2017-04-27,69.518593
2017-04-28,69.551483
2017-05-01,69.503738
2017-05-02,69.528397
2017-05-03,69.479111
2017-05-04,69.47084
2017-05-05,69.495514
2017-05-08,69.462624
2017-05-09,69.429726
2017-05-10,69.446182
2017-05-11,69.45443
2017-05-12,69.536667
2017-05-15,69.528397
2017-05-16,69.528397
2017-05-17,69.60247
2017-05-18,69.569557
2017-05-19,69.586006
2017-05-22,69.561325
2017-05-23,69.536667
2017-05-24,69.57782
2017-05-25,69.57782
2017-05-26,69.569557
2017-05-30,69.594261
2017-05-31,69.60247
2017-06-01,69.58931
2017-06-02,69.638695
2017-06-05,69.581039
2017-06-06,69.605789
2017-06-07,69.581039
2017-06-08,69.564613
2017-06-09,69.539902
2017-06-12,69.531654
2017-06-13,69.531654
2017-06-14,69.564613
2017-06-15,69.539902
2017-06-16,69.572823
2017-06-19,69.531654
2017-06-20,69.539902
2017-06-21,69.548134
2017-06-22,69.556328
2017-06-23,69.597557
2017-06-26,69.597557
2017-06-27,69.556328
2017-06-28,69.58931
2017-06-29,69.548134
2017-06-30,69.548134
2017-07-03,69.496231
2017-07-05,69.520958
2017-07-06,69.537399
2017-07-07,69.52919
2017-07-10,69.562119
2017-07-11,69.58683
2017-07-12,69.619789
2017-07-13,69.58683
2017-07-14,69.619789
2017-07-17,69.628014
2017-07-18,69.644539
2017-07-19,69.644539
2017-07-20,69.644539
2017-07-21,69.677444
2017-07-24,69.652779
2017-07-25,69.611565
2017-07-26,69.661018
2017-07-27,69.644539
2017-07-28,69.685715
2017-07-31,69.677444
2017-08-01,69.703041
2017-08-02,69.670059
2017-08-03,69.694771
2017-08-04,69.670059
2017-08-07,69.694771
2017-08-08,69.694771
2017-08-09,69.686554
2017-08-10,69.711319
2017-08-11,69.801979
2017-08-14,69.74424
2017-08-15,69.711319
2017-08-16,69.75251
2017-08-17,69.769035
2017-08-18,69.760719
2017-08-21,69.777222
2017-08-22,69.769035
2017-08-23,69.834908
2017-08-24,69.769035
2017-08-25,69.793724
2017-08-28,69.769035
2017-08-29,69.801979
2017-08-30,69.818436
2017-08-31,69.818436
2017-09-01,69.803596
2017-09-05,69.869637
2017-09-06,69.861374
2017-09-07,69.902603
2017-09-08,69.886131
2017-09-11,69.820099
2017-09-12,69.787117
2017-09-13,69.77063
2017-09-14,69.778862
2017-09-15,69.77063
2017-09-18,69.729355
2017-09-19,69.737579
2017-09-20,69.67981
2017-09-21,69.663353
2017-09-22,69.67981
2017-09-25,69.7211
2017-09-26,69.704582
2017-09-27,69.696358
2017-09-28,69.704582
2017-09-29,69.688065
2017-10-02,69.740112
2017-10-03,69.698807
2017-10-04,69.830971
2017-10-05,69.682335
2017-10-06,69.657547
2017-10-09,69.657547
2017-10-10,69.674072
2017-10-11,69.665779
2017-10-12,69.657547
2017-10-13,69.698807
2017-10-16,69.632759
2017-10-17,69.640999
2017-10-18,69.616219
2017-10-19,69.657547
2017-10-20,69.616219
2017-10-23,69.616219
2017-10-24,69.599731
2017-10-25,69.583183
2017-10-26,69.583183
2017-10-27,69.632759
2017-10-30,69.665779
2017-10-31,69.624504
2017-11-01,69.614571
2017-11-02,69.631134
2017-11-03,69.58976
2017-11-06,69.631134
2017-11-07,69.598015
2017-11-08,69.58976
2017-11-09,69.58152
2017-11-10,69.556694
2017-11-13,69.54847
2017-11-14,69.564995
2017-11-15,69.540161
2017-11-16,69.54847
2017-11-17,69.507141
2017-11-20,69.482292
2017-11-21,69.465782
2017-11-22,69.523636
2017-11-24,69.523636
2017-11-27,69.523636
2017-11-28,69.531906
2017-11-29,69.515404
2017-11-30,69.473991
2017-12-01,69.489746
2017-12-04,69.44838
2017-12-05,69.440109
2017-12-06,69.473213
2017-12-07,69.481476
2017-12-08,69.481476
2017-12-11,69.44838
2017-12-12,69.44838
2017-12-13,69.522858
2017-12-14,69.498024
2017-12-15,69.46492
2017-12-18,69.46492
2017-12-19,69.431862
2017-12-20,69.440109
2017-12-21,69.43512
2017-12-22,69.410263
2017-12-26,69.402016
2017-12-27,69.43512
2017-12-28,69.443443
2017-12-29,69.459969
2018-01-02,69.43512
2018-01-03,69.43512
2018-01-04,69.402016
2018-01-05,69.402016
2018-01-08,69.402016
2018-01-09,69.377182
2018-01-10,69.402016
2018-01-11,69.377182
2018-01-12,69.368866
2018-01-16,69.360542
2018-01-17,69.335709
2018-01-18,69.319176
2018-01-19,69.344032
2018-01-22,69.31086
2018-01-23,69.35228
2018-01-24,69.335709
2018-01-25,69.319176
2018-01-26,69.277779
2018-01-29,69.252892
2018-01-30,69.261162
2018-01-31,69.261162
2018-02-01,69.232979
2018-02-02,69.241264
2018-02-05,69.365669
2018-02-06,69.315887
2018-02-07,69.266136
2018-02-08,69.274452
2018-02-09,69.332481
2018-02-12,69.299347
2018-02-13,69.299347
2018-02-14,69.199776
2018-02-15,69.174927
2018-02-16,69.191528
2018-02-20,69.183182
2018-02-21,69.191528
2018-02-22,69.199776
2018-02-23,69.216385
2018-02-26,69.224693
2018-02-27,69.174927
2018-02-28,69.191528
2018-03-01,69.287804
2018-03-02,69.254562
2018-03-05,69.254562
2018-03-06,69.238022
2018-03-07,69.238022
2018-03-08,69.254562
2018-03-09,69.221428
2018-03-12,69.254562
2018-03-13,69.271187
2018-03-14,69.262917
2018-03-15,69.271187
2018-03-16,69.238022
2018-03-19,69.238022
2018-03-20,69.213097
2018-03-21,69.262917
2018-03-22,69.29612
2018-03-23,69.312706
2018-03-26,69.27951
2018-03-27,69.329338
2018-03-28,69.337616
2018-03-29,69.362503
2018-04-02,69.382477
2018-04-03,69.34922
2018-04-04,69.307678
2018-04-05,69.32431
2018-04-06,69.382477
2018-04-09,69.374168
2018-04-10,69.340912
2018-04-11,69.340912
2018-04-12,69.299362
2018-04-13,69.282745
2018-04-16,69.274445
2018-04-17,69.274445
2018-04-18,69.216232
2018-04-19,69.216232
2018-04-20,69.191315
2018-04-23,69.183044
2018-04-24,69.199623
2018-04-25,69.191315
2018-04-26,69.207954
2018-04-27,69.224579
2018-04-30,69.199623
2018-05-01,69.168854
2018-05-02,69.193825
2018-05-03,69.243752
2018-05-04,69.218765
2018-05-07,69.218765
2018-05-08,69.227051
2018-05-09,69.193825
2018-05-10,69.193825
2018-05-11,69.193825
2018-05-14,69.193825
2018-05-15,69.152184
2018-05-16,69.152184
2018-05-17,69.168854
2018-05-18,69.202141
2018-05-21,69.202141
2018-05-22,69.202141
2018-05-23,69.260391
2018-05-24,69.301956
2018-05-25,69.360229
2018-05-29,69.559906
2018-05-30,69.476723
2018-05-31,69.44339
2018-06-01,69.390083
2018-06-04,69.331741
2018-06-05,69.373466
2018-06-06,69.348434
2018-06-07,69.415115
2018-06-08,69.398445
2018-06-11,69.373466
2018-06-12,69.340111
2018-06-13,69.306778
2018-06-14,69.331741
2018-06-15,69.365112
2018-06-18,69.38176
2018-06-19,69.406746
2018-06-20,69.373466
2018-06-21,69.415115
2018-06-22,69.423431
2018-06-25,69.448433
2018-06-26,69.448433
2018-06-27,69.490097
2018-06-28,69.490097
2018-06-29,69.473434
2018-07-02,69.465096
2018-07-03,69.490128
2018-07-05,69.481789
2018-07-06,69.498451
2018-07-09,69.456741
2018-07-10,69.44841
2018-07-11,69.473442
2018-07-12,69.465096
2018-07-13,69.481789
2018-07-16,69.465096
2018-07-17,69.456741
2018-07-18,69.44841
2018-07-19,69.481789
2018-07-20,69.481789
2018-07-23,69.440018
2018-07-24,69.44841
2018-07-25,69.423363
2018-07-26,69.423363
2018-07-27,69.431694
2018-07-30,69.431694
2018-07-31,69.431694
2018-08-01,69.438385
2018-08-02,69.480156
2018-08-03,69.488518
2018-08-06,69.50528
2018-08-07,69.480156
2018-08-08,69.488518
2018-08-09,69.530357
2018-08-10,69.597252
2018-08-13,69.58049
2018-08-14,69.58049
2018-08-15,69.613937
2018-08-16,69.597252
2018-08-17,69.622299
2018-08-20,69.664124
2018-08-21,69.647392
2018-08-22,69.664124
2018-08-23,69.655731
2018-08-24,69.664124
2018-08-27,69.639046
2018-08-28,69.613937
2018-08-29,69.605576
2018-08-30,69.655731
2018-08-31,69.672478
2018-09-04,69.656578
2018-09-05,69.656578
2018-09-06,69.681664
2018-09-07,69.606346
2018-09-10,69.614708
2018-09-11,69.572845
2018-09-12,69.572845
2018-09-13,69.581207
2018-09-14,69.55603
2018-09-17,69.53933
2018-09-18,69.530968
2018-09-19,69.514221
2018-09-20,69.53933
2018-09-21,69.522629
2018-09-24,69.522629
2018-09-25,69.530968
2018-09-26,69.53933
2018-09-27,69.53933
2018-09-28,69.572845
2018-10-01,69.553535
2018-10-02,69.578705
2018-10-03,69.545166
2018-10-04,69.528381
2018-10-05,69.520004
2018-10-08,69.503242
2018-10-09,69.528381
2018-10-10,69.545166
2018-10-11,69.570312
2018-10-12,69.570312
2018-10-15,69.595444
2018-10-16,69.570312
2018-10-17,69.570312
2018-10-18,69.612274
2018-10-19,69.570312
2018-10-22,69.553535
2018-10-23,69.595444
2018-10-24,69.704506
2018-10-25,69.679337
2018-10-26,69.721313
2018-10-29,69.746429
2018-10-30,69.712837
2018-10-31,69.679337
2018-11-01,69.717949
2018-11-02,69.633942
2018-11-05,69.659187
2018-11-06,69.642365
2018-11-07,69.617126
2018-11-08,69.608788
2018-11-09,69.642365
2018-11-12,69.69278
2018-11-13,69.70118
2018-11-14,69.751595
2018-11-15,69.785202
2018-11-16,69.835587
2018-11-19,69.894409
2018-11-20,69.877625
2018-11-21,69.877625
2018-11-23,69.860817
2018-11-26,69.869225
2018-11-27,69.877625
2018-11-28,69.902832
2018-11-29,69.919624
2018-11-30,69.944855
2018-12-03,69.887634
2018-12-04,69.93811
2018-12-06,70.00544
2018-12-07,70.081215
2018-12-10,70.081215
2018-12-11,70.01384
2018-12-12,70.00544
2018-12-13,70.072762
2018-12-14,70.114845
2018-12-17,70.182137
2018-12-18,70.223473
2018-12-19,70.240318
2018-12-20,70.23188
2018-12-21,70.282455
2018-12-24,70.341469
2018-12-26,70.274048
2018-12-27,70.349869
2018-12-28,70.451027
2018-12-31,70.476288
2019-01-02,70.484756
2019-01-03,70.628014
2019-01-04,70.476288
2019-01-07,70.425743
2019-01-08,70.383606
2019-01-09,70.417328
2019-01-10,70.425743
2019-01-11,70.467896
2019-01-14,70.467896
2019-01-15,70.493187
2019-01-16,70.476288
2019-01-17,70.467896
2019-01-18,70.408882
2019-01-22,70.467896
2019-01-23,70.451027
2019-01-24,70.510025
2019-01-25,70.459465
2019-01-28,70.467896
2019-01-29,70.501579
2019-01-30,70.59433
2019-01-31,70.65332
2019-02-01,70.570572
2019-02-04,70.570572
2019-02-05,70.570572
2019-02-06,70.604309
2019-02-07,70.654999
2019-02-08,70.680351
2019-02-11,70.654999
2019-02-12,70.646545
2019-02-13,70.595901
2019-02-14,70.688789
2019-02-15,70.654999
2019-02-19,70.705627
2019-02-20,70.697189
2019-02-21,70.671875
2019-02-22,70.722542
2019-02-25,70.714088
2019-02-26,70.747864
2019-02-27,70.730972
2019-02-28,70.714088
2019-03-01,70.66674
2019-03-04,70.68364
2019-03-05,70.692101
2019-03-06,70.742867
2019-03-07,70.802063
2019-03-08,70.827446
2019-03-11,70.810532
2019-03-12,70.835892
2019-03-13,70.844368
2019-03-14,70.861298
2019-03-15,70.886673
2019-03-18,70.86972
2019-03-19,70.861298
2019-03-20,70.962814
2019-03-21,70.962814
2019-03-22,71.081207
2019-03-25,71.157372
2019-03-26,71.14888
2019-03-27,71.208115
2019-03-28,71.199654
2019-03-29,71.157372
2019-04-01,71.084496
2019-04-02,71.118385
2019-04-03,71.084496
2019-04-04,71.101402
2019-04-05,71.092964
2019-04-08,71.075989
2019-04-09,71.084496
2019-04-10,71.143791
2019-04-11,71.101402
2019-04-12,71.059067
2019-04-15,71.06749
2019-04-16,71.059067
2019-04-17,71.084496
2019-04-18,71.101402
2019-04-22,71.109886
2019-04-23,71.143791
2019-04-24,71.186172
2019-04-25,71.186172
2019-04-26,71.262444
2019-04-29,71.237053
2019-04-30,71.287842
2019-05-01,71.225037
2019-05-02,71.191078
2019-05-03,71.216583
2019-05-06,71.25901
2019-05-07,71.292961
2019-05-08,71.2845
2019-05-09,71.326927
2019-05-10,71.343903
2019-05-13,71.428856
2019-05-14,71.428856
2019-05-15,71.479782
2019-05-16,71.437332
2019-05-17,71.454361
2019-05-20,71.420326
2019-05-21,71.386353
2019-05-22,71.420326
2019-05-23,71.547745
2019-05-24,71.522247
2019-05-28,71.581688
2019-05-29,71.590179
2019-05-30,71.649628
2019-05-31,71.80246
2019-06-03,71.937767
2019-06-04,71.886688
2019-06-05,71.920723
2019-06-06,71.878166
2019-06-07,71.95472
2019-06-10,71.886688
2019-06-11,71.861198
2019-06-12,71.920723
2019-06-13,71.997299
2019-06-14,71.971764
2019-06-17,71.937767
2019-06-18,71.946243
2019-06-19,72.09938
2019-06-20,72.133453
2019-06-21,72.09938
2019-06-24,72.14196
2019-06-25,72.158951
2019-06-26,72.073906
2019-06-27,72.133453
2019-06-28,72.133453
2019-07-01,72.087402
2019-07-02,72.12999
2019-07-03,72.147087
2019-07-05,72.002151
2019-07-08,71.968056
2019-07-09,71.942528
2019-07-10,72.070351
2019-07-11,72.03624
2019-07-12,72.044792
2019-07-15,72.061821
2019-07-16,72.03624
2019-07-17,72.104431
2019-07-18,72.189674
2019-07-19,72.112991
2019-07-22,72.121468
2019-07-23,72.104431
2019-07-24,72.121468
2019-07-25,72.078865
2019-07-26,72.087402
2019-07-29,72.087402
2019-07-30,72.095909
2019-07-31,72.087402
2019-08-01,72.292336
2019-08-02,72.309433
2019-08-05,72.454582
2019-08-06,72.488747
2019-08-07,72.497314
2019-08-08,72.471657
2019-08-09,72.428963
2019-08-12,72.505814
2019-08-13,72.420425
2019-08-14,72.514343
2019-08-15,72.668083
2019-08-16,72.659538
2019-08-19,72.582626
2019-08-20,72.633904
2019-08-21,72.565544
2019-08-22,72.531395
2019-08-23,72.650986
2019-08-26,72.616844
2019-08-27,72.642433
2019-08-28,72.659538
2019-08-29,72.625351
2019-08-30,72.650986
2019-09-03,72.70739
2019-09-04,72.767311
2019-09-05,72.604797
2019-09-06,72.613342
2019-09-09,72.536346
2019-09-10,72.416595
2019-09-11,72.416595
2019-09-12,72.399498
2019-09-13,72.279724
2019-09-16,72.339661
2019-09-17,72.373817
2019-09-18,72.331078
2019-09-19,72.339661
2019-09-20,72.416595
2019-09-23,72.459343
2019-09-24,72.536346
2019-09-25,72.442268
2019-09-26,72.476463
2019-09-27,72.519241
2019-09-30,72.553474
2019-10-01,72.634872
2019-10-02,72.711952
2019-10-03,72.866165
2019-10-04,72.857605
2019-10-07,72.780502
2019-10-08,72.823334
2019-10-09,72.780502
2019-10-10,72.694839
2019-10-11,72.62632
2019-10-14,72.634872
2019-10-15,72.617729
2019-10-16,72.651978
2019-10-17,72.651978
2019-10-18,72.677704
2019-10-21,72.643433
2019-10-22,72.669136
2019-10-23,72.660538
2019-10-24,72.660538
2019-10-25,72.617729
2019-10-28,72.592033
2019-10-29,72.609131
2019-10-30,72.651978
2019-10-31,72.780502
2019-11-01,72.737648
2019-11-04,72.686134
2019-11-05,72.634636
2019-11-06,72.677521
2019-11-07,72.591698
2019-11-08,72.60025
2019-11-11,72.617462
2019-11-12,72.626068
2019-11-13,72.660347
2019-11-14,72.729012
2019-11-15,72.703262
2019-11-18,72.737648
2019-11-19,72.729012
2019-11-20,72.763321
2019-11-21,72.729012
2019-11-22,72.720436
2019-11-25,72.729012
2019-11-26,72.763321
2019-11-27,72.720436
2019-11-29,72.74617
2019-12-02,72.723839
2019-12-03,72.826965
2019-12-04,72.792587
2019-12-05,72.758232
2019-12-06,72.732422
2019-12-09,72.732422
2019-12-10,72.698021
2019-12-11,72.758232
2019-12-12,72.689453
2019-12-13,72.775436
2019-12-16,72.732422
2019-12-17,72.749619
2019-12-18,72.758232
2019-12-19,72.77282
2019-12-20,72.77282
2019-12-23,72.755653
2019-12-24,72.764221
2019-12-26,72.79007
2019-12-27,72.841743
2019-12-30,72.867531
2019-12-31,72.858948
2020-01-02,72.893394
2020-01-03,72.953651
2020-01-06,72.927826
2020-01-07,72.927826
2020-01-08,72.893394
2020-01-09,72.901978
2020-01-10,72.919205
2020-01-13,72.910568
2020-01-14,72.919205
2020-01-15,72.953651
2020-01-16,72.953651
2020-01-17,72.979454
2020-01-21,72.996712
2020-01-22,73.013908
2020-01-23,73.039726
2020-01-24,73.065536
2020-01-27,73.143051
2020-01-28,73.108597
2020-01-29,73.177437
2020-01-30,73.186073
2020-01-31,73.280792
2020-02-03,73.259247
2020-02-04,73.18161
2020-02-05,73.12989
2020-02-06,73.147141
2020-02-07,73.190247
2020-02-10,73.224739
2020-02-11,73.190247
2020-02-12,73.155746
2020-02-13,73.172981
2020-02-14,73.207512
2020-02-18,73.233353
2020-02-19,73.241966
2020-02-20,73.259247
2020-02-21,73.319565
2020-02-24,73.440292
2020-02-25,73.517914
2020-02-26,73.569656
2020-02-27,73.655869
2020-02-28,73.923172
2020-03-02,73.892937
2020-03-03,74.186562
2020-03-04,74.195198
2020-03-05,74.350601
2020-03-06,74.436981
2020-03-09,74.842857
2020-03-10,74.514717
2020-03-11,74.428345
2020-03-12,74.411072
2020-03-13,74.50605
2020-03-16,74.626961
2020-03-17,74.454269
2020-03-18,74.359283
2020-03-19,74.488831
2020-03-20,74.687469
2020-03-23,74.773781
2020-03-24,74.670174
2020-03-25,74.756508
2020-03-26,74.842857
2020-03-27,74.825577
2020-03-30,74.86013
2020-03-31,74.842857
2020-04-01,74.891281
2020-04-02,74.908569
2020-04-03,74.891281
2020-04-06,74.839401
2020-04-07,74.822075
2020-04-08,74.865326
2020-04-09,74.891281
2020-04-13,74.899887
2020-04-14,74.899887
2020-04-15,74.925835
2020-04-16,74.943115
2020-04-17,74.917191
2020-04-20,74.917191
2020-04-21,74.934502
2020-04-22,74.908569
2020-04-23,74.899887
2020-04-24,74.899887
2020-04-27,74.899887
2020-04-28,74.925835
2020-04-29,74.917191
2020-04-30,75.046883
2020-05-01,74.936134
2020-05-04,74.936134
2020-05-05,74.927475
2020-05-06,74.953484
2020-05-07,75.005341
2020-05-08,74.988052
2020-05-11,74.962059
2020-05-12,74.979362
2020-05-13,74.979362
2020-05-14,74.962059
2020-05-15,75.005341
2020-05-18,74.944771
2020-05-19,74.988052
2020-05-20,74.988052
2020-05-21,74.970749
2020-05-22,74.970749
2020-05-26,74.970749
2020-05-27,74.953484
2020-05-28,74.988052
2020-05-29,74.988052
2020-06-01,74.979408
2020-06-02,74.979408
2020-06-03,74.9188
2020-06-04,74.936081
2020-06-05,74.910095
2020-06-08,74.892792
2020-06-09,74.9188
2020-06-10,74.962082
2020-06-11,74.927422
2020-06-12,74.953407
2020-06-15,74.936081
2020-06-16,74.927422
2020-06-17,74.953407
2020-06-18,74.94474
2020-06-19,74.962082
2020-06-22,74.94474
2020-06-23,74.962082
2020-06-24,74.970734
2020-06-25,74.970734
2020-06-26,74.996704
2020-06-29,75.014069
2020-06-30,75.005363
2020-07-01,74.980255
2020-07-02,75.014915
2020-07-06,74.988892
2020-07-07,75.006241
2020-07-08,75.006241
2020-07-09,75.023613
2020-07-10,74.997543
2020-07-13,74.997543
2020-07-14,75.006241
2020-07-15,75.014915
2020-07-16,75.014915
2020-07-17,75.032272
2020-07-20,75.014915
2020-07-21,75.032272
2020-07-22,75.023613
2020-07-23,75.023613
2020-07-24,75.032272
2020-07-27,75.006241
2020-07-28,75.023613
2020-07-29,75.040901
2020-07-30,75.066902
2020-07-31,75.075584
2020-08-03,75.075592
2020-08-04,75.084236
2020-08-05,75.066902
2020-08-06,75.066902
2020-08-07,75.058205
2020-08-10,75.040878
2020-08-11,75.023567
2020-08-12,75.006195
2020-08-13,74.997505
2020-08-14,75.006195
2020-08-17,75.014877
2020-08-18,75.023567
2020-08-19,75.023567
2020-08-20,75.023567
2020-08-21,75.014877
2020-08-24,75.006195
2020-08-25,75.014877
2020-08-26,75.014877
2020-08-27,75.006195
2020-08-28,75.032234
2020-08-31,75.058205
2020-09-01,75.039978
2020-09-02,75.048683
2020-09-03,75.039978
2020-09-04,75.013985
2020-09-08,75.022675
2020-09-09,75.031303
2020-09-10,75.022675
2020-09-11,75.039978
2020-09-14,75.031303
2020-09-15,75.039978
2020-09-16,75.048683
2020-09-17,75.031303
2020-09-18,75.039978
2020-09-21,75.031303
2020-09-22,75.048683
2020-09-23,75.048683
2020-09-24,75.039978
2020-09-25,75.048683
2020-09-28,75.057373
2020-09-29,75.048683
2020-09-30,75.057373
2020-10-01,75.039986
2020-10-02,75.048676
2020-10-05,75.022644
2020-10-06,75.022644
2020-10-07,75.013969
2020-10-08,75.013969
2020-10-09,75.013969
2020-10-12,75.031349
2020-10-13,75.022644
2020-10-14,75.022644
2020-10-15,75.039986
2020-10-16,75.031349
2020-10-19,75.031349
2020-10-20,75.022644
2020-10-21,75.022644
2020-10-22,74.996605
2020-10-23,75.005287
2020-10-26,75.013969
2020-10-27,75.013969
2020-10-28,75.013969
2020-10-29,75.031349
2020-10-30,75.022644
2020-11-02,75.021782
2020-11-03,75.004379
2020-11-04,75.021782
2020-11-05,75.004379
2020-11-06,75.013069
2020-11-09,74.987007
2020-11-10,74.978333
2020-11-11,74.960953
2020-11-12,74.969666
2020-11-13,74.969666
2020-11-16,74.987007
2020-11-17,74.978333
2020-11-18,74.978333
2020-11-19,74.995712
2020-11-20,75.004379
2020-11-23,75.004379
2020-11-24,75.013069
2020-11-25,75.021782
2020-11-27,75.021782
2020-11-30,75.039146
2020-12-01,74.998306
2020-12-02,75.015656
2020-12-03,75.033043
2020-12-04,75.024368
2020-12-07,75.041748
2020-12-08,75.024368
2020-12-09,75.015656
2020-12-10,75.033043
2020-12-11,75.076492
2020-12-14,75.067818
2020-12-15,75.067818
2020-12-16,75.067818
2020-12-17,75.069504
2020-12-18,75.060852
2020-12-21,75.060852
2020-12-22,75.060852
2020-12-23,75.078247
2020-12-24,75.060852
2020-12-28,75.069504
2020-12-29,75.069504
2020-12-30,75.078247
2020-12-31,75.069504
2021-01-04,75.078247
2021-01-05,75.078247
2021-01-06,75.03479
2021-01-07,75.052147
2021-01-08,75.043457
2021-01-11,75.03479
2021-01-12,75.03479
2021-01-13,75.026108
2021-01-14,75.03479
2021-01-15,75.043457
2021-01-19,75.069504
2021-01-20,75.060852
2021-01-21,75.069504
2021-01-22,75.069504
2021-01-25,75.078247
2021-01-26,75.069504
2021-01-27,75.069504
2021-01-28,75.060852
2021-01-29,75.086914
2021-02-01,75.095589
2021-02-02,75.069511
2021-02-03,75.078217
2021-02-04,75.078217
2021-02-05,75.095589
2021-02-08,75.086899
2021-02-09,75.069511
2021-02-10,75.078217
2021-02-11,75.078217
2021-02-12,75.086899
2021-02-16,75.060837
2021-02-17,75.078217
2021-02-18,75.078217
2021-02-19,75.086899
2021-02-22,75.069511
2021-02-23,75.078217
2021-02-24,75.060837
2021-02-25,74.947823
2021-02-26,75.043457
2021-03-01,75.036484
2021-03-02,75.053879
2021-03-03,75.010399
2021-03-04,75.010399
2021-03-05,75.010399
2021-03-08,74.984344
2021-03-09,74.984344
2021-03-10,75.010399
2021-03-11,75.010399
2021-03-12,75.001732
2021-03-15,75.010399
2021-03-16,75.010399
2021-03-17,75.027794
2021-03-18,75.019119
2021-03-19,75.019119
2021-03-22,75.010399
2021-03-23,75.019119
2021-03-24,75.036484
2021-03-25,75.045235
2021-03-26,75.045235
2021-03-29,75.027794
2021-03-30,75.027794
2021-03-31,75.001732
2021-04-01,75.00087
2021-04-05,74.983444
2021-04-06,75.00087
2021-04-07,75.009552
2021-04-08,75.035652
2021-04-09,75.009552
2021-04-12,74.99218
2021-04-13,75.018257
2021-04-14,75.018257
2021-04-15,75.035652
2021-04-16,75.026924
2021-04-19,75.018257
2021-04-20,75.035652
2021-04-21,75.053017
2021-04-22,75.044327
2021-04-23,75.026924
2021-04-26,75.009552
2021-04-27,75.00087
2021-04-28,75.018257
2021-04-29,75.035652
2021-04-30,75.044327
2021-05-03,75.037361
2021-05-04,75.037361
2021-05-05,75.054779
2021-05-06,75.054779
2021-05-07,75.080833
2021-05-10,75.054779
2021-05-11,75.046066
2021-05-12,75.037361
2021-05-13,75.054779
2021-05-14,75.054779
2021-05-17,75.054779
2021-05-18,75.063477
2021-05-19,75.037361
2021-05-20,75.072189
2021-05-21,75.054779
2021-05-24,75.072189
2021-05-25,75.072189
2021-05-26,75.089561
2021-05-27,75.089561
2021-05-28,75.089561
2021-06-01,75.073898
2021-06-02,75.082611
2021-06-03,75.056496
2021-06-04,75.082611
2021-06-07,75.073898
2021-06-08,75.091309
2021-06-09,75.073898
2021-06-10,75.100014
2021-06-11,75.082611
2021-06-14,75.056496
2021-06-15,75.047798
2021-06-16,74.978203
2021-06-17,74.978203
2021-06-18,74.91732
2021-06-21,74.934692
2021-06-22,74.978203
2021-06-23,74.92598
2021-06-24,74.934692
2021-06-25,74.92598
2021-06-28,74.952126
2021-06-29,74.943398
2021-06-30,74.960785
2021-07-01,74.945999
2021-07-02,74.980789
2021-07-06,75.006905
2021-07-07,75.015617
2021-07-08,75.050423
2021-07-09,75.024315
2021-07-12,75.006905
2021-07-13,74.945999
2021-07-14,74.998207
2021-07-15,75.006905
2021-07-16,74.998207
2021-07-19,75.03302
2021-07-20,75.067825
2021-07-21,75.04171
2021-07-22,75.050423
2021-07-23,75.05912
2021-07-26,75.04171
2021-07-27,75.05912
2021-07-28,75.067825
2021-07-29,75.067825
2021-07-30,75.08522
2021-08-02,75.113083
2021-08-03,75.113083
2021-08-04,75.086967
2021-08-05,75.052147
2021-08-06,75.026047
2021-08-09,74.999939
2021-08-10,74.973846
2021-08-11,75.008629
2021-08-12,75.008629
2021-08-13,75.017342
2021-08-16,75.034744
2021-08-17,75.017342
2021-08-18,75.017342
2021-08-19,75.017342
2021-08-20,75.017342
2021-08-23,75.017342
2021-08-24,75.008629
2021-08-25,74.999939
2021-08-26,74.999939
2021-08-27,75.052147
2021-08-30,75.069565
2021-08-31,75.06086
2021-09-01,75.054771
2021-09-02,75.054771
2021-09-03,75.054771
2021-09-07,75.028664
2021-09-08,75.046051
2021-09-09,75.063469
2021-09-10,75.037361
2021-09-13,75.054771
2021-09-14,75.063469
2021-09-15,75.063469
2021-09-16,75.037361
2021-09-17,75.019951
2021-09-20,75.037361
2021-09-21,75.054771
2021-09-22,75.011261
2021-09-23,74.967728
2021-09-24,74.94162
2021-09-27,74.932892
2021-09-28,74.94162
2021-09-29,74.967728
2021-09-30,74.985146
2021-10-01,75.020821
2021-10-04,74.986023
2021-10-05,74.977295
2021-10-06,74.968605
2021-10-07,74.942459
2021-10-08,74.916359
2021-10-11,74.8554
2021-10-12,74.890259
2021-10-13,74.864159
2021-10-14,74.864159
2021-10-15,74.82058
2021-10-18,74.768387
2021-10-19,74.794502
2021-10-20,74.82058
2021-10-21,74.733566
2021-10-22,74.716133
2021-10-25,74.750969
2021-10-26,74.733566
2021-10-27,74.716133
2021-10-28,74.724846
2021-10-29,74.733566
2021-11-01,74.699615
2021-11-02,74.777969
2021-11-03,74.760544
2021-11-04,74.830162
2021-11-05,74.86499
2021-11-08,74.777969
2021-11-09,74.821503
2021-11-10,74.673485
2021-11-11,74.621292
2021-11-12,74.682205
2021-11-15,74.673485
2021-11-16,74.673485
2021-11-17,74.699615
2021-11-18,74.69088
2021-11-19,74.673485
2021-11-22,74.586418
2021-11-23,74.586418
2021-11-24,74.569046
2021-11-26,74.717018
2021-11-29,74.751839
2021-11-30,74.69088
2021-12-01,74.699615
2021-12-02,74.603767
2021-12-03,74.647346
2021-12-06,74.586357
2021-12-07,74.49054
2021-12-08,74.516655
2021-12-09,74.49054
2021-12-10,74.525398
2021-12-13,74.568962
2021-12-14,74.525398
2021-12-15,74.551498
2021-12-16,74.610786
2021-12-17,74.575897
2021-12-20,74.593346
2021-12-21,74.549774
2021-12-22,74.541069
2021-12-23,74.532341
2021-12-27,74.506226
2021-12-28,74.506226
2021-12-29,74.49749
2021-12-30,74.541069
2021-12-31,74.532341
2022-01-03,74.445229
2022-01-04,74.4888
2022-01-05,74.392944
2022-01-06,74.331947
2022-01-07,74.314522
2022-01-10,74.270958
2022-01-11,74.297119
2022-01-12,74.270958
2022-01-13,74.305794
2022-01-14,74.209969
2022-01-18,74.096695
2022-01-19,74.131538
2022-01-20,74.114128
2022-01-21,74.175095
2022-01-24,74.218658
2022-01-25,74.183815
2022-01-26,74.053123
2022-01-27,73.992134
2022-01-28,74.018272
2022-01-31,74.018272
2022-02-01,74.012161
2022-02-02,74.029617
2022-02-03,73.96859
2022-02-04,73.820427
2022-02-07,73.837852
2022-02-08,73.759399
2022-02-09,73.750702
2022-02-10,73.375938
2022-02-11,73.602531
2022-02-14,73.445663
2022-02-15,73.471817
2022-02-16,73.567696
2022-02-17,73.611252
2022-02-18,73.619987
2022-02-22,73.550255
2022-02-23,73.506668
2022-02-24,73.567696
2022-02-25,73.567696
2022-02-28,73.698425
2022-03-01,73.868446
2022-03-02,73.62429
2022-03-03,73.62429
2022-03-04,73.702766
2022-03-07,73.606865
2022-03-08,73.510971
2022-03-09,73.467377
2022-03-10,73.406326
2022-03-11,73.38015
2022-03-14,73.188377
2022-03-15,73.214561
2022-03-16,73.144829
2022-03-17,73.118645
2022-03-18,73.101227
2022-03-21,72.857124
2022-03-22,72.804794
2022-03-23,72.865845
2022-03-24,72.848396
2022-03-25,72.647888
2022-03-28,72.578148
2022-03-29,72.612999
2022-03-30,72.665314
2022-03-31,72.665314
2022-04-01,72.513542
2022-04-04,72.557159
2022-04-05,72.426338
2022-04-06,72.478668
2022-04-07,72.530998
2022-04-08,72.443787
2022-04-11,72.461235
2022-04-12,72.644394
2022-04-13,72.67926
2022-04-14,72.548447
2022-04-18,72.548447
2022-04-19,72.382736
2022-04-20,72.426338
2022-04-21,72.30423
2022-04-22,72.286804
2022-04-25,72.400169
2022-04-26,72.530998
2022-04-27,72.496117
2022-04-28,72.443787
2022-04-29,72.30423
2022-05-02,72.299011
2022-05-03,72.264122
2022-05-04,72.456085
2022-05-05,72.333893
2022-05-06,72.325165
2022-05-09,72.508415
2022-05-10,72.464806
2022-05-11,72.473541
2022-05-12,72.578278
2022-05-13,72.552048
2022-05-16,72.595695
2022-05-17,72.438591
2022-05-18,72.473541
2022-05-19,72.578278
2022-05-20,72.630623
2022-05-23,72.595695
2022-05-24,72.761475
2022-05-25,72.81385
2022-05-26,72.831306
2022-05-27,72.84877
2022-05-31,72.735313
2022-06-01,72.599937
2022-06-02,72.617409
2022-06-03,72.59124
2022-06-06,72.495125
2022-06-07,72.503883
2022-06-08,72.451477
2022-06-09,72.399086
2022-06-10,72.093445
2022-06-13,71.726639
2022-06-14,71.586906
2022-06-15,71.866386
2022-06-16,71.962425
2022-06-17,71.944954
2022-06-21,71.918762
2022-06-22,72.128357
2022-06-23,72.189484
2022-06-24,72.172043
2022-06-27,72.093445
2022-06-28,72.075951
2022-06-29,72.163307
2022-06-30,72.303017
2022-07-01,72.520676
2022-07-05,72.511948
2022-07-06,72.31089
2022-07-07,72.25843
2022-07-08,72.171021
2022-07-11,72.197243
2022-07-12,72.232224
2022-07-13,72.153542
2022-07-14,72.127312
2022-07-15,72.179718
2022-07-18,72.13604
2022-07-19,72.057388
2022-07-20,72.048622
2022-07-21,72.249725
2022-07-22,72.433243
2022-07-25,72.372078
2022-07-26,72.337097
2022-07-27,72.450745
2022-07-28,72.608109
2022-07-29,72.599365
2022-08-01,72.59758
2022-08-02,72.343826
2022-08-03,72.370087
2022-08-04,72.466339
2022-08-05,72.168839
2022-08-08,72.238838
2022-08-09,72.168839
2022-08-10,72.238838
2022-08-11,72.212585
2022-08-12,72.230095
2022-08-15,72.291328
2022-08-16,72.230095
2022-08-17,72.168839
2022-08-18,72.273842
2022-08-19,72.221344
2022-08-22,72.125053
2022-08-23,72.160072
2022-08-24,72.081322
2022-08-25,72.125053
2022-08-26,72.107552
2022-08-29,72.055054
2022-08-30,72.020042
2022-08-31,72.011307
2022-09-01,71.95874
2022-09-02,72.116425
2022-09-06,71.95874
2022-09-07,72.063873
2022-09-08,71.976273
2022-09-09,71.914909
2022-09-12,71.906166
2022-09-13,71.660843
2022-09-14,71.59951
2022-09-15,71.52066
2022-09-16,71.55571
2022-09-19,71.47683
2022-09-20,71.441795
2022-09-21,71.38047
2022-09-22,71.249039
2022-09-23,71.16143
2022-09-26,71.003716
2022-09-27,71.003716
2022-09-28,71.310379
2022-09-29,71.214012
2022-09-30,71.152702
2022-10-03,71.308861
2022-10-04,71.335159
2022-10-05,71.264984
2022-10-06,71.177208
2022-10-07,71.0895
2022-10-10,71.063187
2022-10-11,71.098274
2022-10-12,71.168465
2022-10-13,70.957932
2022-10-14,70.922821
2022-10-17,71.001762
2022-10-18,71.036858
2022-10-19,70.905258
2022-10-20,70.826286
2022-10-21,71.010551
2022-10-24,70.992989
2022-10-25,71.063187
2022-10-26,71.124611
2022-10-27,71.27375
2022-10-28,71.168465
2022-10-31,71.063187
2022-11-01,70.993744
2022-11-02,70.958572
2022-11-03,70.82679
2022-11-04,70.905876
2022-11-07,70.844368
2022-11-08,70.914665
2022-11-09,71.028908
2022-11-10,71.415604
2022-11-11,71.398041
2022-11-14,71.336517
2022-11-15,71.406807
2022-11-16,71.415604
2022-11-17,71.327736
2022-11-18,71.248634
2022-11-21,71.231041
2022-11-22,71.283745
2022-11-23,71.345306
2022-11-25,71.354111
2022-11-28,71.371696
2022-11-29,71.345306
2022-11-30,71.556213
2022-12-01,71.710304
2022-12-02,71.692719
2022-12-05,71.490189
2022-12-06,71.569435
2022-12-07,71.719131
2022-12-08,71.648689
2022-12-09,71.613464
2022-12-12,71.569435
2022-12-13,71.780785
2022-12-14,71.789597
2022-12-15,71.799301
2022-12-16,71.869896
2022-12-19,71.781677
2022-12-20,71.781677
2022-12-21,71.852257
2022-12-22,71.808128
2022-12-23,71.772827
2022-12-27,71.675774
2022-12-28,71.675774
2022-12-29,71.728699
2022-12-30,71.64045
2023-01-03,71.702217
2023-01-04,71.772827
2023-01-05,71.675774
2023-01-06,71.949364
2023-01-09,72.019966
2023-01-10,71.958176
2023-01-11,72.019966
2023-01-12,72.178818
2023-01-13,72.055275
2023-01-17,72.099396
2023-01-18,72.25824
2023-01-19,72.240616
2023-01-20,72.178818
2023-01-23,72.108215
2023-01-24,72.134705
2023-01-25,72.178818
2023-01-26,72.134705
2023-01-27,72.134705
2023-01-30,72.064095
2023-01-31,72.196465
2023-02-01,72.322029
2023-02-02,72.330894
2023-02-03,72.065598
2023-02-06,71.862221
2023-02-07,71.897614
2023-02-08,71.924126
2023-02-09,71.871101
2023-02-10,71.835693
2023-02-13,71.853386
2023-02-14,71.703064
2023-02-15,71.711906
2023-02-16,71.720764
2023-02-17,71.782639
2023-02-21,71.641167
2023-02-22,71.676521
2023-02-23,71.720764
2023-02-24,71.57045
2023-02-27,71.632339
2023-02-28,71.614647
2023-03-01,71.483521
2023-03-02,71.510078
2023-03-03,71.55439
2023-03-06,71.518951
2023-03-07,71.368317
2023-03-08,71.332893
2023-03-09,71.563271
2023-03-10,71.95311
2023-03-13,72.670784
2023-03-14,72.396118
2023-03-15,72.821404
2023-03-16,72.529007
2023-03-17,72.892265
2023-03-20,72.803673
2023-03-21,72.529007
2023-03-22,72.865692
2023-03-23,73.078339
2023-03-24,73.113777
2023-03-27,72.803673
2023-03-28,72.723907
2023-03-29,72.69735
2023-03-30,72.706215
2023-03-31,72.79483
2023-04-03,72.883598
2023-04-04,73.052307
2023-04-05,73.149994
2023-04-06,73.123375
2023-04-10,72.865845
2023-04-11,72.856964
2023-04-12,72.93689
2023-04-13,72.981293
2023-04-14,72.812576
2023-04-17,72.705986
2023-04-18,72.688248
2023-04-19,72.626091
2023-04-20,72.803696
2023-04-21,72.759277
2023-04-24,72.839218
2023-04-25,73.123375
2023-04-26,73.034554
2023-04-27,72.892479
2023-04-28,72.972412
2023-05-01,72.813072
2023-05-02,73.053383
2023-05-03,73.231392
2023-05-04,73.347099
2023-05-05,73.169113
2023-05-08,73.053383
2023-05-09,73.035591
2023-05-10,73.213608
2023-05-11,73.25808
2023-05-12,73.133484
2023-05-15,73.14241
2023-05-16,73.053383
2023-05-17,72.973297
2023-05-18,72.839798
2023-05-19,72.786385
2023-05-22,72.759689
2023-05-23,72.750778
2023-05-24,72.661781
2023-05-25,72.501572
2023-05-26,72.483765
2023-05-30,72.626183
2023-05-31,72.697372
2023-06-01,72.810677
2023-06-02,72.605476
2023-06-05,72.623337
2023-06-06,72.587608
2023-06-07,72.534103
2023-06-08,72.650078
2023-06-09,72.516304
2023-06-12,72.578712
2023-06-13,72.444893
2023-06-14,72.400299
2023-06-15,72.551956
2023-06-16,72.453812
2023-06-20,72.480576
2023-06-21,72.480576
2023-06-22,72.400299
2023-06-23,72.462746
2023-06-26,72.516304
2023-06-27,72.40921
2023-06-28,72.489517
2023-06-29,72.311081
2023-06-30,72.33786
2023-07-03,72.253746
2023-07-05,72.235878
2023-07-06,72.191132
2023-07-07,72.27166
2023-07-10,72.378967
2023-07-11,72.370071
2023-07-12,72.584724
2023-07-13,72.790421
2023-07-14,72.6026
2023-07-17,72.629417
2023-07-18,72.629417
2023-07-19,72.656273
2023-07-20,72.566811
2023-07-21,72.575775
2023-07-24,72.486313
2023-07-25,72.477364
2023-07-26,72.548927
2023-07-27,72.441582
2023-07-28,72.539978
2023-07-31,72.557861
2023-08-01,72.496902
2023-08-02,72.532768
2023-08-03,72.559677
2023-08-04,72.703171
2023-08-07,72.730064
2023-08-08,72.76593
2023-08-09,72.721077
2023-08-10,72.685234
2023-08-11,72.613487
2023-08-14,72.550713
2023-08-15,72.577591
2023-08-16,72.541763
2023-08-17,72.622467
2023-08-18,72.649361
2023-08-21,72.568634
2023-08-22,72.532768
2023-08-23,72.66729
2023-08-24,72.622467
2023-08-25,72.577591
2023-08-28,72.622467
2023-08-29,72.783867
2023-08-30,72.783867
2023-08-31,72.855598
2023-09-01,72.816032
2023-09-05,72.726143
2023-09-06,72.645248
2023-09-07,72.780106
2023-09-08,72.744125
2023-09-11,72.762123
2023-09-12,72.726143
2023-09-13,72.78907
2023-09-14,72.771088
2023-09-15,72.73513
2023-09-18,72.726143
2023-09-19,72.672203
2023-09-20,72.627235
2023-09-21,72.663216
2023-09-22,72.73513
2023-09-25,72.708168
2023-09-26,72.717155
2023-09-27,72.663216
2023-09-28,72.78907
2023-09-29,72.798073
2023-10-02,72.725044
2023-10-03,72.670967
2023-10-04,72.833229
2023-10-05,72.905334
2023-10-06,72.842255
2023-10-09,73.058563
2023-10-10,73.013496
2023-10-11,72.995483
2023-10-12,72.905334
2023-10-13,72.950401
2023-10-16,72.905334
2023-10-17,72.743057
2023-10-18,72.743057
2023-10-19,72.842255
2023-10-20,72.959419
2023-10-23,73.004478
2023-10-24,72.98645
2023-10-25,72.905334
2023-10-26,73.049561
2023-10-27,73.09462
2023-10-30,73.067581
2023-10-31,73.040543
2023-11-01,73.203247
2023-11-02,73.212303
2023-11-03,73.411179
2023-11-06,73.275581
2023-11-07,73.329811
2023-11-08,73.311737
2023-11-09,73.203247
2023-11-10,73.221352
2023-11-13,73.248451
2023-11-14,73.537712
2023-11-15,73.402145
2023-11-16,73.528687
2023-11-17,73.474457
2023-11-20,73.483452
2023-11-21,73.528687
2023-11-22,73.537712
2023-11-24,73.483452
2023-11-27,73.573868
2023-11-28,73.709473
2023-11-29,73.854095
2023-11-30,73.808929
2023-12-01,74.023788
2023-12-04,73.91497
2023-12-05,74.005653
2023-12-06,73.987511
2023-12-07,74.041939
2023-12-08,73.878731
2023-12-11,73.896851
2023-12-12,73.905945
2023-12-13,74.277695
2023-12-14,74.405037
2023-12-15,74.323151
2023-12-18,74.314064
2023-12-19,74.341377
2023-12-20,74.441399
2023-12-21,74.514175
2023-12-22,74.541473
2023-12-26,74.505089
2023-12-27,74.596039
2023-12-28,74.58696
2023-12-29,74.623329
2024-01-02,74.532356
2024-01-03,74.550545
2024-01-04,74.505089
2024-01-05,74.486885
2024-01-08,74.550545
2024-01-09,74.568726
2024-01-10,74.568726
2024-01-11,74.741562
2024-01-12,74.896202
2024-01-16,74.777954
2024-01-17,74.632431
2024-01-18,74.668793
2024-01-19,74.614227
2024-01-22,74.650642
2024-01-23,74.641533
2024-01-24,74.605141
2024-01-25,74.741562
2024-01-26,74.696121
2024-01-29,74.768852
2024-01-30,74.723396
2024-01-31,74.85984
2024-02-01,74.971138
2024-02-02,74.733948
2024-02-05,74.587967
2024-02-06,74.706566
2024-02-07,74.679199
2024-02-08,74.660957
2024-02-09,74.63356
2024-02-12,74.6427
2024-02-13,74.405518
2024-02-14,74.514984
2024-02-15,74.587967
2024-02-16,74.496742
2024-02-20,74.542343
2024-02-21,74.478485
2024-02-22,74.469353
2024-02-23,74.505852
2024-02-26,74.451118
2024-02-27,74.451118
2024-02-28,74.524124
2024-02-29,74.56974
2024-03-01,74.716133
2024-03-04,74.642899
2024-03-05,74.697823
2024-03-06,74.716133
2024-03-07,74.807617
2024-03-08,74.844208
2024-03-11,74.780167
2024-03-12,74.706963
2024-03-13,74.670387
2024-03-14,74.606293
2024-03-15,74.560562
2024-03-18,74.56974
2024-03-19,74.633751
2024-03-20,74.752716
2024-03-21,74.752716
2024-03-22,74.807617
2024-03-25,74.771004
2024-03-26,74.789314
2024-03-27,74.871666
2024-03-28,74.82592
2024-04-01,74.669846
2024-04-02,74.706558
2024-04-03,74.761658
2024-04-04,74.835083
2024-04-05,74.715752
2024-04-08,74.642311
2024-04-09,74.715752
2024-04-10,74.412819
2024-04-11,74.504616
2024-04-12,74.550507
2024-04-15,74.522964
2024-04-16,74.477058
2024-04-17,74.532143
2024-04-18,74.495445
2024-04-19,74.513779
2024-04-22,74.550507
2024-04-23,74.614777
2024-04-24,74.587257
2024-04-25,74.532143
2024-04-26,74.550507
2024-04-29,74.587257
2024-04-30,74.495445
2024-05-01,74.644646
2024-05-02,74.755127
2024-05-03,74.874893
2024-05-06,74.865669
2024-05-07,74.874893
2024-05-08,74.856461
2024-05-09,74.920906
2024-05-10,74.856461
2024-05-13,74.874893
2024-05-14,74.948532
2024-05-15,75.0867
2024-05-16,75.031441
2024-05-17,74.985397
2024-05-20,74.96698
2024-05-21,75.00383
2024-05-22,74.948532
2024-05-23,74.911697
2024-05-24,74.939354
2024-05-28,74.874893
2024-05-29,74.847244
2024-05-30,74.93013
2024-05-31,75.031441
2024-06-03,75.116447
2024-06-04,75.190361
2024-06-05,75.264282
2024-06-06,75.273521
2024-06-07,75.079491
2024-06-10,75.08873
2024-06-11,75.171898
2024-06-12,75.273521
2024-06-13,75.393623
2024-06-14,75.402878
2024-06-17,75.328949
2024-06-18,75.43058
2024-06-20,75.402878
2024-06-21,75.43058
2024-06-24,75.439827
2024-06-25,75.449081
2024-06-26,75.375153
2024-06-27,75.43058
2024-06-28,75.439827
2024-07-01,75.374908
2024-07-02,75.439827
2024-07-03,75.551064
2024-07-05,75.690117
2024-07-08,75.68084
2024-07-09,75.662308
2024-07-10,75.690117
2024-07-11,75.866241
2024-07-12,75.977486
2024-07-15,75.977486
2024-07-16,76.00528
2024-07-17,76.014542
2024-07-18,75.977486
2024-07-19,75.940407
2024-07-22,75.949669
2024-07-23,75.986755
2024-07-24,76.023834
2024-07-25,76.033096
2024-07-26,76.135071
2024-07-29,76.144348
2024-07-30,76.172157
2024-07-31,76.329735
2024-08-01,76.461815
2024-08-02,76.889664
2024-08-05,76.871048
2024-08-06,76.778061
2024-08-07,76.731537
2024-08-08,76.694328
2024-08-09,76.712936
2024-08-12,76.759445
2024-08-13,76.880348
2024-08-14,76.871048
2024-08-15,76.68502
2024-08-16,76.768753
2024-08-19,76.750137
2024-08-20,76.861755
2024-08-21,76.945465
2024-08-22,76.84314
2024-08-23,77.019882
2024-08-26,76.982666
2024-08-27,77.029182
2024-08-28,77.019882
2024-08-29,77.010574
2024-08-30,77.010574
2024-09-03,77.092705
2024-09-04,77.260712
2024-09-05,77.288696
2024-09-06,77.428696
2024-09-09,77.438019
2024-09-10,77.550034
2024-09-11,77.484695
2024-09-12,77.494034
2024-09-13,77.606026
2024-09-16,77.652702
2024-09-17,77.596672
2024-09-18,77.568687
2024-09-19,77.634026
2024-09-20,77.662033
2024-09-23,77.662033
2024-09-24,77.736702
2024-09-25,77.671379
2024-09-26,77.596672
2024-09-27,77.718025
2024-09-30,77.606026
2024-10-01,77.655663
2024-10-02,77.636925
2024-10-03,77.533936
2024-10-04,77.271736
2024-10-07,77.168716
2024-10-08,77.234261
2024-10-09,77.159355
2024-10-10,77.224899
2024-10-11,77.290459
2024-10-14,77.252998
2024-10-15,77.290459
2024-10-16,77.337257
2024-10-17,77.271736
2024-10-18,77.337257
2024-10-21,77.224899
2024-10-22,77.215553
2024-10-23,77.168716
2024-10-24,77.206177
2024-10-25,77.178093
2024-10-28,77.140633
2024-10-29,77.168716
2024-10-30,77.10318
2024-10-31,77.121902
2024-11-01,77.096565
2024-11-04,77.152908
2024-11-05,77.134109
2024-11-06,77.040161
2024-11-07,77.171707
2024-11-08,77.115326
2024-11-11,77.05896
2024-11-12,76.98378
2024-11-13,77.096565
2024-11-14,76.98378
2024-11-15,77.068336
2024-11-18,77.124733
2024-11-19,77.124733
2024-11-20,77.087143
2024-11-21,77.068336
2024-11-22,77.05896
2024-11-25,77.209282
2024-11-26,77.209282
2024-11-27,77.256264
2024-11-29,77.350227
2024-12-02,77.345551
2024-12-03,77.354942
2024-12-04,77.439796
2024-12-05,77.439796
2024-12-06,77.515205
2024-12-09,77.486938
2024-12-10,77.477486
2024-12-11,77.458641
2024-12-12,77.420929
2024-12-13,77.383224
2024-12-16,77.392662
2024-12-17,77.402077
2024-12-18,77.260201
2024-12-19,77.345352
2024-12-20,77.354782
2024-12-23,77.307495
2024-12-24,77.345352
2024-12-26,77.364235
2024-12-27,77.383156
2024-12-30,77.496674
2024-12-31,77.543968
2025-01-02,77.525055
2025-01-03,77.525055
2025-01-06,77.543968
2025-01-07,77.496674
2025-01-08,77.543968
2025-01-10,77.402077
2025-01-13,77.420998
2025-01-14,77.439903
2025-01-15,77.610191
2025-01-16,77.657471
2025-01-17,77.638557
2025-01-21,77.666931
2025-01-22,77.648018
2025-01-23,77.648018
2025-01-24,77.695312
2025-01-27,77.808792
2025-01-28,77.827728
2025-01-29,77.780441
2025-01-30,77.827728
2025-01-31,77.837173
2025-02-03,77.783089
2025-02-04,77.859024
2025-02-05,77.906471
2025-02-06,77.877983
2025-02-07,77.792595
2025-02-10,77.830544
2025-02-11,77.811562
2025-02-12,77.707169
2025-02-13,77.811562
2025-02-14,77.915962
2025-02-18,77.849533
2025-02-19,77.906471
2025-02-20,77.915962
2025-02-21,78.04882
2025-02-24,78.105759
2025-02-25,78.210175
2025-02-26,78.23864
2025-02-27,78.267097
2025-02-28,78.40947
2025-03-03,78.459915
2025-03-04,78.469421
2025-03-05,78.383751
2025-03-06,78.431343
2025-03-07,78.421837
2025-03-10,78.564621
2025-03-11,78.517036
2025-03-12,78.459915
2025-03-13,78.517036
2025-03-14,78.459915
2025-03-17,78.431343
2025-03-18,78.431343
2025-03-19,78.545586
2025-03-20,78.564621
2025-03-21,78.612221
2025-03-24,78.507507
2025-03-25,78.536079
2025-03-26,78.517036
2025-03-27,78.555099
2025-03-28,78.697899
2025-03-31,78.755028
2025-04-01,78.783669
2025-04-02,78.726364
2025-04-03,79.022476
2025-04-04,78.974709
2025-04-07,78.984268
2025-04-08,78.936508
2025-04-09,78.888741
2025-04-10,78.879189
2025-04-11,78.735916
2025-04-14,78.907852
2025-04-15,78.907852
2025-04-16,79.012917
2025-04-17,79.041573
2025-04-21,78.993813
2025-04-22,79.022476
2025-04-23,78.965157
2025-04-24,79.060677
2025-04-25,79.127533
2025-04-28,79.242165
2025-04-29,79.289925
2025-04-30,79.395004
2025-05-01,79.231155
2025-05-02,79.077827
2025-05-05,79.068237
2025-05-06,79.135315
2025-05-07,79.16407
2025-05-08,79.001175
2025-05-09,79.039513
2025-05-12,78.895767
2025-05-13,78.87661
2025-05-14,78.81913
2025-05-15,78.972435
2025-05-16,78.95327
2025-05-19,78.982018
2025-05-20,78.9916
2025-05-21,78.943695
2025-05-22,78.9916
2025-05-23,79.039513
2025-05-27,79.068237
2025-05-28,79.01075
2025-05-29,79.097008
2025-05-30,79.19281
2025-06-02,79.127449
2025-06-03,79.108215
2025-06-04,79.252434
2025-06-05,79.165901
2025-06-06,79.031326
2025-06-09,79.088982
2025-06-10,79.088982
2025-06-11,79.213959
2025-06-12,79.281273
2025-06-13,79.223579
2025-06-16,79.213959
2025-06-17,79.252434
2025-06-18,79.290878
2025-06-20,79.348541
2025-06-23,79.4543
2025-06-24,79.521599
2025-06-25,79.531212
2025-06-26,79.62735
2025-06-27,79.598495
2025-06-30,79.656181
2025-07-01,79.57325
2025-07-02,79.563599
2025-07-03,79.476799
2025-07-07,79.457504
2025-07-08,79.467148
2025-07-09,79.53466
2025-07-10,79.53466
2025-07-11,79.515366
2025-07-14,79.525009
2025-07-15,79.447868
2025-07-16,79.553963
2025-07-17,79.525009
2025-07-18,79.592529
2025-07-21,79.640747
2025-07-22,79.698624
2025-07-23,79.631104
2025-07-24,79.563599
2025-07-25,79.611832
2025-07-28,79.602173
2025-07-29,79.669685
2025-07-30,79.582878
2025-07-31,79.582878
2025-08-01,79.979599
2025-08-04,79.998947
2025-08-05,79.96991
2025-08-06,79.998947
2025-08-07,79.960243
2025-08-08,79.940895
2025-08-11,79.940895
2025-08-12,79.998947
2025-08-13,80.105377
2025-08-14,80.018303
2025-08-15,79.989273
2025-08-18,79.989273
2025-08-19,80.027969
2025-08-20,80.056992
2025-08-21,79.989273
2025-08-22,80.163422
2025-08-25,80.124733
2025-08-26,80.192451
2025-08-27,80.250526
2025-08-28,80.221481
2025-08-29,80.289223
2025-09-02,80.248444
2025-09-03,80.306671
2025-09-04,80.364914
2025-09-05,80.481392
2025-09-08,80.529907
2025-09-09,80.461998
2025-09-10,80.471687
2025-09-11,80.500816
2025-09-12,80.491089
2025-09-15,80.520218
2025-09-16,80.559036
2025-09-17,80.520218
2025-09-18,80.491089
2025-09-19,80.520218
2025-09-22,80.481392
2025-09-23,80.510513
2025-09-24,80.471687
2025-09-25,80.40374
2025-09-26,80.452278
2025-09-29,80.481392
2025-09-30,80.520218
2025-10-01,80.613678
2025-10-02,80.633156
2025-10-03,80.603951
2025-10-06,80.584473
2025-10-07,80.623421
2025-10-08,80.613678
2025-10-09,80.603951
2025-10-10,80.74025
2025-10-13,80.896019
2025-10-14,80.837616
2025-10-15,80.79866
2025-10-16,80.905762
2025-10-17,80.896019
2025-10-20,80.905762
2025-10-21,80.925232
2025-10-22,80.925232
2025-10-23,80.866814
2025-10-24,80.915489
2025-10-27,80.896019
2025-10-28,80.905762
2025-10-29,80.749992
2025-10-30,80.75972
2025-10-31,80.78894
2025-11-03,80.791855
2025-11-04,80.821152
2025-11-05,80.762558
2025-11-06,80.860229
2025-11-07,80.899284
2025-11-10,80.879761
2025-11-11,80.94812
2025-11-12,80.918831
2025-11-13,80.870003
2025-11-14,80.899284
2025-11-17,80.889526
2025-11-18,80.938362
2025-11-19,80.928604
2025-11-20,80.996971
2025-11-21,81.094635
2025-11-24,81.104401
2025-11-25,81.153236
2025-11-26,81.143463
2025-11-28,81.143463
2025-12-01,81.073906
2025-12-02,81.122894
2025-12-03,81.171883
2025-12-04,81.113098
2025-12-05,81.08371
2025-12-08,81.064102
2025-12-09,81.024925
2025-12-10,81.162086
2025-12-11,81.171883
2025-12-12,81.181671
2025-12-15,81.230659
2025-12-16,81.269836
2025-12-17,81.27964
2025-12-18,81.338409
2025-12-19,81.323669
2025-12-22,81.284363
2025-12-23,81.245056
2025-12-24,81.294197
2025-12-26,81.353157
2025-12-29,81.392456
2025-12-30,81.412117
2025-12-31,81.382629
2026-01-02,81.421936
2026-01-05,81.451416
2026-01-06,81.461243
2026-01-07,81.451416
2026-01-08,81.421936
2026-01-09,81.392456
2026-01-12,81.392456
2026-01-13,81.412117
2026-01-14,81.431763
2026-01-15,81.37281
2026-01-16,81.353157
2026-01-20,81.362984
2026-01-21,81.402283
2026-01-22,81.37281
2026-01-23,81.402283
2026-01-26,81.431763
2026-01-27,81.451416
2026-01-28,81.451416
2026-01-29,81.480888
2026-01-30,81.549675
2026-02-02,81.510246
2026-02-03,81.500397
2026-02-04,81.539833
2026-02-05,81.667961
2026-02-06,81.667961
2026-02-09,81.68766
2026-02-10,81.736946
2026-02-11,81.658096
2026-02-12,81.736946
2026-02-13,81.865067
2026-02-17,81.83551
2026-02-18,81.786232
2026-02-19,81.786232
2026-02-20,81.796082
2026-02-23,81.865067
2026-02-24,81.865067
2026-02-25,81.845367
2026-02-26,81.874924
2026-02-27,81.983353
2026-03-02,81.838081
2026-03-03,81.828201
2026-03-04,81.778778
2026-03-05,81.71949
2026-03-06,81.759018
2026-03-09,81.798546
2026-03-10,81.749138
2026-03-11,81.670074
2026-03-12,81.531715
2026-03-13,81.581131
2026-03-16,81.679955
2026-03-17,81.689842
2026-03-18,81.541603
2026-03-19,81.521835
2026-03-20,81.343941
2026-03-23,81.46254
2026-03-24,81.343941
2026-03-25,81.432899
2026-03-26,81.255005
2026-03-27,81.423004
2026-03-30,81.531715
2026-03-31,81.600899
2026-04-01,81.597923
2026-04-02,81.637566
2026-04-06,81.558266
2026-04-07,81.617744
2026-04-08,81.697037
2026-04-09,81.716873
2026-04-10,81.687134
2026-04-13,81.746597
2026-04-14,81.806076
2026-04-15,81.786255
2026-04-16,81.756523
2026-04-17,81.915115
2026-04-20,81.875458
2026-04-21,81.756523
2026-04-22,81.796158
2026-04-23,81.756523
2026-04-24,81.845726
2026-04-27,81.825905
2026-04-28,81.776344
2026-04-29,81.667305
2026-04-30,81.756523
2026-05-01,81.769447
2026-05-04,81.670029
2026-05-05,81.709793
2026-05-06,81.819153
2026-05-07,81.749557
2026-05-08,81.819153
2026-05-11,81.739616
2026-05-12,81.67997
2026-05-13,81.709793
2026-05-14,81.67997
2026-05-15,81.580551
2026-05-18,81.620323
2026-05-19,81.560669
2026-05-20,81.670029
2026-05-21,81.66008
2026-05-22,81.640205
2026-05-26,81.729675
2026-05-27,81.739616
2026-05-28,81.779388
2026-05-29,81.819153
2026-06-01,81.772293
2026-06-02,81.772293
2026-06-03,81.732407
2026-06-04,81.792229
2026-06-05,81.622726
2026-06-08,81.662605
2026-06-09,81.702492
2026-06-10,81.702492
2026-06-11,81.852051
2026-06-12,81.832115
2026-06-15,81.872002
2026-06-16,81.891937
2026-06-17,81.642662
2026-06-18,81.752342
2026-06-22,81.672585
2026-06-23,81.732407
2026-06-24,81.832115
2026-06-25,81.852051
2026-06-26,81.951767
2026-06-29,81.931824
2026-06-30,81.872002
2026-07-01,81.839996
2026-07-02,81.940002
2026-07-06,81.980003
2026-07-07,81.860001
2026-07-08,81.839996
2026-07-09,81.910004
2026-07-10,81.879997
2026-07-13,81.790001
2026-07-14,81.93
2026-07-15,82.0
2026-07-16,82.0
2026-07-17,81.989998
2026-07-20,81.959999
2026-07-21,81.889999
2026-07-22,81.830002
2026-07-23,81.769997
2026-07-24,81.849998
2026-07-27,81.870003
