date,adj_close
2003-01-02,10.121829
2003-01-03,10.275105
2003-01-06,10.797892
2003-01-07,10.743155
2003-01-08,10.340796
2003-01-09,10.658303
2003-01-10,10.896427
2003-01-13,10.726729
2003-01-14,10.756841
2003-01-15,10.537869
2003-01-16,10.168358
2003-01-17,9.57988
2003-01-21,9.516927
2003-01-22,9.451237
2003-01-23,9.793377
2003-01-24,9.388288
2003-01-27,9.210371
2003-01-28,9.308908
2003-01-29,9.552509
2003-01-30,9.092675
2003-01-31,9.032459
2003-02-03,9.032459
2003-02-04,8.890131
2003-02-05,8.950346
2003-02-06,8.791601
2003-02-07,8.704005
2003-02-10,8.849079
2003-02-11,8.851811
2003-02-12,8.849079
2003-02-13,8.750541
2003-02-14,9.292491
2003-02-18,9.642835
2003-02-19,9.505981
2003-02-20,9.716739
2003-02-21,9.648311
2003-02-24,9.538828
2003-02-25,9.459453
2003-02-26,9.215847
2003-02-27,9.519664
2003-02-28,9.812537
2003-03-03,9.448501
2003-03-04,9.333542
2003-03-05,9.445765
2003-03-06,9.415653
2003-03-07,9.265117
2003-03-10,9.087205
2003-03-11,9.046144
2003-03-12,9.303436
2003-03-13,9.976764
2003-03-14,9.801591
2003-03-17,10.387331
2003-03-18,10.54882
2003-03-19,10.455754
2003-03-20,10.496815
2003-03-21,10.770524
2003-03-24,10.187517
2003-03-25,10.420172
2003-03-26,10.368173
2003-03-27,10.209417
2003-03-28,9.963078
2003-03-31,9.563457
2003-04-01,9.623678
2003-04-02,10.26416
2003-04-03,10.277844
2003-04-04,10.004134
2003-04-07,10.154676
2003-04-08,9.733158
2003-04-09,9.634624
2003-04-10,9.623678
2003-04-11,9.51419
2003-04-14,9.820749
2003-04-15,9.809799
2003-04-16,10.244998
2003-04-17,10.674726
2003-04-21,10.723996
2003-04-22,11.066133
2003-04-23,11.142769
2003-04-24,10.997705
2003-04-25,10.485868
2003-04-28,10.778733
2003-04-29,11.003179
2003-04-30,10.784207
2003-05-01,10.775998
2003-05-02,11.118138
2003-05-05,11.326154
2003-05-06,11.432903
2003-05-07,11.249517
2003-05-08,10.984016
2003-05-09,11.495855
2003-05-12,11.733988
2003-05-13,11.539652
2003-05-14,11.536918
2003-05-15,11.665558
2003-05-16,11.515016
2003-05-19,10.992233
2003-05-20,11.003179
2003-05-21,11.049713
2003-05-22,11.172877
2003-05-23,11.249517
2003-05-27,11.837996
2003-05-28,11.884527
2003-05-29,12.251302
2003-05-30,12.426471
2003-06-02,12.174666
2003-06-03,12.336151
2003-06-04,12.790514
2003-06-05,12.93284
2003-06-06,12.71661
2003-06-09,12.371732
2003-06-10,12.481216
2003-06-11,12.481216
2003-06-12,12.316989
2003-06-13,11.920111
2003-06-16,12.128134
2003-06-17,12.202031
2003-06-18,12.46206
2003-06-19,12.344363
2003-06-20,12.166453
2003-06-23,11.840735
2003-06-24,11.742201
2003-06-25,11.810625
2003-06-26,12.092548
2003-06-27,12.013173
2003-06-30,11.933795
2003-07-01,12.1555
2003-07-02,12.56059
2003-07-03,12.423743
2003-07-07,13.173705
2003-07-08,13.329723
2003-07-09,13.463843
2003-07-10,13.014955
2003-07-11,13.138123
2003-07-14,13.480264
2003-07-15,13.502157
2003-07-16,13.480264
2003-07-17,12.897258
2003-07-18,12.93284
2003-07-21,12.697447
2003-07-22,13.118966
2003-07-23,13.368038
2003-07-24,13.004002
2003-07-25,13.269508
2003-07-28,13.428257
2003-07-29,13.110752
2003-07-30,13.02864
2003-07-31,13.220239
2003-08-01,13.384459
2003-08-04,13.433735
2003-08-05,13.001271
2003-08-06,12.891785
2003-08-07,12.782298
2003-08-08,12.451109
2003-08-11,12.678286
2003-08-12,12.919155
2003-08-13,13.157282
2003-08-14,13.307828
2003-08-15,13.343408
2003-08-18,13.95926
2003-08-19,14.232965
2003-08-20,14.096117
2003-08-21,14.561424
2003-08-22,14.835133
2003-08-25,14.654488
2003-08-26,14.711966
2003-08-27,15.158108
2003-08-28,15.289493
2003-08-29,15.382554
2003-09-02,15.40992
2003-09-03,15.108845
2003-09-04,15.330558
2003-09-05,15.533095
2003-09-08,16.05862
2003-09-09,15.875231
2003-09-10,14.958306
2003-09-11,15.169055
2003-09-12,15.248437
2003-09-15,15.008648
2003-09-16,15.588964
2003-09-17,15.493156
2003-09-18,15.591697
2003-09-19,15.531475
2003-09-22,15.17014
2003-09-23,15.394609
2003-09-24,14.710281
2003-09-25,14.713017
2003-09-26,14.442031
2003-09-29,14.685645
2003-09-30,14.343484
2003-10-01,14.556993
2003-10-02,14.748603
2003-10-03,15.356288
2003-10-06,15.471247
2003-10-07,15.794251
2003-10-08,15.706655
2003-10-09,15.816152
2003-10-10,16.013237
2003-10-13,16.122728
2003-10-14,16.259596
2003-10-15,16.292446
2003-10-16,16.442993
2003-10-17,16.021446
2003-10-20,16.199373
2003-10-21,16.629129
2003-10-22,16.240433
2003-10-23,15.876365
2003-10-24,15.854477
2003-10-27,16.005022
2003-10-28,16.919291
2003-10-29,17.108162
2003-10-30,17.245029
2003-10-31,17.053423
2003-11-03,17.628241
2003-11-04,17.704887
2003-11-05,17.81712
2003-11-06,18.003262
2003-11-07,18.038839
2003-11-10,17.513279
2003-11-11,17.458536
2003-11-12,18.09907
2003-11-13,17.860916
2003-11-14,17.362732
2003-11-17,17.105427
2003-11-18,16.848118
2003-11-19,17.151957
2003-11-20,16.820744
2003-11-21,17.020563
2003-11-24,17.573513
2003-11-25,17.674784
2003-11-26,17.762381
2003-11-28,17.953993
2003-12-01,18.129185
2003-12-02,17.989576
2003-12-03,17.683002
2003-12-04,17.480423
2003-12-05,16.974028
2003-12-08,16.932974
2003-12-09,16.232216
2003-12-10,16.330763
2003-12-11,16.889177
2003-12-12,16.900127
2003-12-15,16.377304
2003-12-16,16.31707
2003-12-17,16.155579
2003-12-18,16.697569
2003-12-19,16.593548
2003-12-22,16.579861
2003-12-23,16.867287
2003-12-24,16.867287
2003-12-26,16.957609
2003-12-29,17.223131
2003-12-30,17.253237
2003-12-31,17.1766
2004-01-02,17.245029
2004-01-05,17.806177
2004-01-06,17.997784
2004-01-07,18.159279
2004-01-08,18.701267
2004-01-09,18.709488
2004-01-12,19.174829
2004-01-13,18.731384
2004-01-14,18.646528
2004-01-15,18.860035
2004-01-16,19.204924
2004-01-20,19.207676
2004-01-21,18.720438
2004-01-22,18.438494
2004-01-23,18.148338
2004-01-26,18.580832
2004-01-27,18.022419
2004-01-28,17.877342
2004-01-29,17.672047
2004-01-30,17.792494
2004-02-02,17.518761
2004-02-03,17.589933
2004-02-04,17.058891
2004-02-05,17.286081
2004-02-06,17.92935
2004-02-09,17.874611
2004-02-10,17.915667
2004-02-11,18.30163
2004-02-12,17.997784
2004-02-13,17.792494
2004-02-17,18.025162
2004-02-18,18.148338
2004-02-19,17.92935
2004-02-20,17.776072
2004-02-23,17.231344
2004-02-24,17.250498
2004-02-25,17.587191
2004-02-26,17.773325
2004-02-27,17.636465
2004-03-01,17.943037
2004-03-02,17.819857
2004-03-03,17.606346
2004-03-04,17.819857
2004-03-05,17.72678
2004-03-08,17.026045
2004-03-09,16.943918
2004-03-10,16.604507
2004-03-11,16.396461
2004-03-12,16.850849
2004-03-15,16.322552
2004-03-16,16.505951
2004-03-17,16.872759
2004-03-18,16.623661
2004-03-19,16.089886
2004-03-22,15.851729
2004-03-23,15.876365
2004-03-24,16.150105
2004-03-25,16.757784
2004-03-26,16.640074
2004-03-29,16.957609
2004-03-30,16.916552
2004-03-31,16.878225
2004-04-01,17.217663
2004-04-02,17.792494
2004-04-05,17.92935
2004-04-06,17.546129
2004-04-07,17.524233
2004-04-08,17.603615
2004-04-12,17.633724
2004-04-13,17.390106
2004-04-14,17.217663
2004-04-15,16.763254
2004-04-16,16.388245
2004-04-19,16.588076
2004-04-20,16.073458
2004-04-21,16.505951
2004-04-22,16.719471
2004-04-23,16.924761
2004-04-26,16.547009
2004-04-27,16.289703
2004-04-28,15.947545
2004-04-29,15.39735
2004-04-30,15.137299
2004-05-03,15.096241
2004-05-04,15.39735
2004-05-05,15.6437
2004-05-06,15.561583
2004-05-07,15.692973
2004-05-10,15.6437
2004-05-11,15.903745
2004-05-12,15.848993
2004-05-13,15.777829
2004-05-14,15.476728
2004-05-17,15.194782
2004-05-18,15.534198
2004-05-19,15.739511
2004-05-20,15.649172
2004-05-21,15.712133
2004-05-24,15.881845
2004-05-25,16.265068
2004-05-26,16.325287
2004-05-27,16.588076
2004-05-28,16.703037
2004-06-01,16.560698
2004-06-02,16.333504
2004-06-03,15.876365
2004-06-04,16.158318
2004-06-07,16.72493
2004-06-08,16.72493
2004-06-09,16.17474
2004-06-10,16.215801
2004-06-14,15.810665
2004-06-15,15.944802
2004-06-16,15.884583
2004-06-17,15.378191
2004-06-18,15.312491
2004-06-21,15.178364
2004-06-22,15.640963
2004-06-23,15.999556
2004-06-24,15.873636
2004-06-25,15.969441
2004-06-28,15.783299
2004-06-29,16.087143
2004-06-30,16.218538
2004-07-01,15.619061
2004-07-02,15.326174
2004-07-06,14.685645
2004-07-07,14.890941
2004-07-08,14.743128
2004-07-09,14.962118
2004-07-12,14.606269
2004-07-13,14.630902
2004-07-14,14.028692
2004-07-15,14.034168
2004-07-16,13.708422
2004-07-19,13.798761
2004-07-20,14.138186
2004-07-21,13.514082
2004-07-22,13.891826
2004-07-23,13.442909
2004-07-26,13.322465
2004-07-27,13.393636
2004-07-28,13.330677
2004-07-29,13.7139
2004-07-30,13.875406
2004-08-02,13.883616
2004-08-03,13.399112
2004-08-04,13.527765
2004-08-05,13.330677
2004-08-06,12.854389
2004-08-09,12.851651
2004-08-10,13.035048
2004-08-11,12.430106
2004-08-12,12.109841
2004-08-13,12.15364
2004-08-16,12.315136
2004-08-17,12.520435
2004-08-18,13.002201
2004-08-19,12.889974
2004-08-20,12.977569
2004-08-23,13.108957
2004-08-24,12.824275
2004-08-25,12.958404
2004-08-26,12.835228
2004-08-27,12.933771
2004-08-30,12.654567
2004-08-31,12.520435
2004-09-01,12.681935
2004-09-02,12.766794
2004-09-03,12.167319
2004-09-07,12.060566
2004-09-08,12.005823
2004-09-09,12.673725
2004-09-10,13.147276
2004-09-13,13.410056
2004-09-14,13.445643
2004-09-15,13.048736
2004-09-16,13.062421
2004-09-17,13.284145
2004-09-20,13.670105
2004-09-21,13.826133
2004-09-22,13.429225
2004-09-23,13.481237
2004-09-24,13.152756
2004-09-27,12.963881
2004-09-28,12.818802
2004-09-29,13.007677
2004-09-30,13.144542
2004-10-01,13.757695
2004-10-04,13.908244
2004-10-05,13.861711
2004-10-06,13.924674
2004-10-07,13.823396
2004-10-08,13.371734
2004-10-11,13.396377
2004-10-12,13.20203
2004-10-13,13.407328
2004-10-14,13.015889
2004-10-15,13.040525
2004-10-18,13.130852
2004-10-19,13.275933
2004-10-20,13.38816
2004-10-21,13.812446
2004-10-22,13.344366
2004-10-25,13.453862
2004-10-26,13.35805
2004-10-27,13.856245
2004-10-28,13.946572
2004-10-29,13.924674
2004-11-01,13.976682
2004-11-02,13.916462
2004-11-03,13.812446
2004-11-04,13.90004
2004-11-05,14.121755
2004-11-08,14.127231
2004-11-09,14.023215
2004-11-10,13.815182
2004-11-11,14.097132
2004-11-12,14.351696
2004-11-15,14.576151
2004-11-16,14.483087
2004-11-17,14.86905
2004-11-18,15.063393
2004-11-19,14.614476
2004-11-22,14.666492
2004-11-23,14.562463
2004-11-24,14.682907
2004-11-26,14.598044
2004-11-29,14.565199
2004-11-30,14.370861
2004-12-01,14.973059
2004-12-02,14.847145
2004-12-03,15.137299
2004-12-06,15.233101
2004-12-07,14.932003
2004-12-08,14.677434
2004-12-09,14.496772
2004-12-10,14.338003
2004-12-13,14.466662
2004-12-14,14.70481
2004-12-15,14.767764
2004-12-16,14.567941
2004-12-17,14.431073
2004-12-20,14.266835
2004-12-21,14.463926
2004-12-22,14.53509
2004-12-23,14.567941
2004-12-27,14.485825
2004-12-28,14.510461
2004-12-29,14.647322
2004-12-30,14.707538
2004-12-31,14.726702
2005-01-03,14.480347
2005-01-04,14.042381
2005-01-05,13.82066
2005-01-06,13.754961
2005-01-07,13.823396
2005-01-10,13.823396
2005-01-11,13.505868
2005-01-12,13.692001
2005-01-13,13.560609
2005-01-14,13.7139
2005-01-18,13.826133
2005-01-19,13.456593
2005-01-20,13.330677
2005-01-21,13.193814
2005-01-24,12.900922
2005-01-25,13.117172
2005-01-26,13.462072
2005-01-27,13.609885
2005-01-28,13.475754
2005-01-31,13.642729
2005-02-01,13.809704
2005-02-02,13.809704
2005-02-03,13.615359
2005-02-04,14.190193
2005-02-07,14.15187
2005-02-08,14.436549
2005-02-09,14.086177
2005-02-10,14.173762
2005-02-11,14.622684
2005-02-14,14.666492
2005-02-15,14.748603
2005-02-16,14.639108
2005-02-17,14.420124
2005-02-18,14.409177
2005-02-22,14.381804
2005-02-23,14.324319
2005-02-24,14.633636
2005-02-25,14.893682
2005-02-28,14.715754
2005-03-01,15.0415
2005-03-02,14.825252
2005-03-03,14.625424
2005-03-04,14.622684
2005-03-07,14.866306
2005-03-08,14.641844
2005-03-09,14.551519
2005-03-10,14.743128
2005-03-11,14.414649
2005-03-14,14.436549
2005-03-15,14.184721
2005-03-16,14.045117
2005-03-17,14.075226
2005-03-18,13.894563
2005-03-21,13.938359
2005-03-22,13.806971
2005-03-23,13.965734
2005-03-24,13.984899
2005-03-28,13.952042
2005-03-29,13.722109
2005-03-30,14.06975
2005-03-31,13.952042
2005-04-01,13.771388
2005-04-04,13.719378
2005-04-05,13.708422
2005-04-06,13.719378
2005-04-07,13.952042
2005-04-08,13.910986
2005-04-11,13.796016
2005-04-12,13.763168
2005-04-13,13.440172
2005-04-14,13.240344
2005-04-15,12.824275
2005-04-18,12.887231
2005-04-19,13.17191
2005-04-20,12.985779
2005-04-21,13.456593
2005-04-22,13.248563
2005-04-25,13.297833
2005-04-26,13.254036
2005-04-27,13.160967
2005-04-28,13.002201
2005-04-29,13.147276
2005-05-02,13.139068
2005-05-03,13.106218
2005-05-04,13.401848
2005-05-05,13.434703
2005-05-06,13.533241
2005-05-09,13.585246
2005-05-10,13.440172
2005-05-11,13.462072
2005-05-12,13.514082
2005-05-13,13.943834
2005-05-16,13.995847
2005-05-17,14.105341
2005-05-18,14.275051
2005-05-19,14.302418
2005-05-20,14.409177
2005-05-23,14.442031
2005-05-24,14.614476
2005-05-25,14.491295
2005-05-26,14.737655
2005-05-27,14.674696
2005-05-31,14.644583
2005-06-01,14.754078
2005-06-02,14.970321
2005-06-03,14.841667
2005-06-06,14.740391
2005-06-07,14.622684
2005-06-08,14.734913
2005-06-09,15.014116
2005-06-10,14.78692
2005-06-13,14.762299
2005-06-14,14.663744
2005-06-15,14.696601
2005-06-16,14.808821
2005-06-17,14.808821
2005-06-20,14.740391
2005-06-21,14.836192
2005-06-22,14.951158
2005-06-23,14.956638
2005-06-24,14.671953
2005-06-27,14.442031
2005-06-28,14.611744
2005-06-29,14.548781
2005-06-30,14.431073
2005-07-01,14.469397
2005-07-05,14.674696
2005-07-06,14.803356
2005-07-07,14.863569
2005-07-08,15.181098
2005-07-11,15.526
2005-07-12,15.657397
2005-07-13,15.701181
2005-07-14,15.862687
2005-07-15,15.816152
2005-07-18,15.734028
2005-07-19,16.0543
2005-07-20,16.210323
2005-07-21,15.947545
2005-07-22,16.051563
2005-07-25,16.018707
2005-07-26,16.245918
2005-07-27,16.122728
2005-07-28,16.204845
2005-07-29,16.106302
2005-08-01,16.13368
2005-08-02,16.478571
2005-08-03,16.399195
2005-08-04,16.046097
2005-08-05,15.963969
2005-08-08,15.859945
2005-08-09,16.073458
2005-08-10,15.848993
2005-08-11,16.024191
2005-08-12,15.739511
2005-08-15,15.944802
2005-08-16,15.624545
2005-08-17,15.843524
2005-08-18,15.698456
2005-08-19,15.701181
2005-08-22,15.931117
2005-08-23,15.881845
2005-08-24,15.766881
2005-08-25,15.865429
2005-08-26,15.723086
2005-08-29,15.906486
2005-08-30,15.969441
2005-08-31,16.136425
2005-09-01,15.980386
2005-09-02,15.922908
2005-09-06,16.17749
2005-09-07,16.188423
2005-09-08,16.41836
2005-09-09,16.481321
2005-09-12,16.451197
2005-09-13,16.599024
2005-09-14,16.505951
2005-09-15,16.341713
2005-09-16,16.396461
2005-09-19,16.161055
2005-09-20,16.0543
2005-09-21,15.832582
2005-09-22,15.758667
2005-09-23,15.887318
2005-09-26,15.930867
2005-09-27,15.752851
2005-09-28,15.741894
2005-09-29,15.988376
2005-09-30,16.229385
2005-10-03,16.38275
2005-10-04,16.163656
2005-10-05,15.895259
2005-10-06,15.678905
2005-10-07,15.766544
2005-10-10,15.290022
2005-10-11,15.018887
2005-10-12,14.986031
2005-10-13,15.243459
2005-10-14,15.221554
2005-10-17,15.248935
2005-10-18,15.139391
2005-10-19,15.199641
2005-10-20,15.227032
2005-10-21,15.37492
2005-10-24,15.550194
2005-10-25,15.314661
2005-10-26,15.303704
2005-10-27,14.975075
2005-10-28,14.961375
2005-10-31,15.281799
2005-11-01,15.117482
2005-11-02,15.648782
2005-11-03,15.93908
2005-11-04,15.999339
2005-11-07,16.02124
2005-11-08,16.002077
2005-11-09,16.245806
2005-11-10,16.366314
2005-11-11,16.322495
2005-11-14,16.377266
2005-11-15,16.256769
2005-11-16,16.248552
2005-11-17,16.432037
2005-11-18,16.722347
2005-11-21,16.64566
2005-11-22,16.875719
2005-11-23,16.916796
2005-11-25,17.02634
2005-11-28,16.831886
2005-11-29,16.74699
2005-11-30,16.938698
2005-12-01,17.513817
2005-12-02,17.500122
2005-12-05,17.264612
2005-12-06,17.431662
2005-12-07,17.207079
2005-12-08,16.968824
2005-12-09,17.201622
2005-12-12,17.333076
2005-12-13,17.349508
2005-12-14,17.30294
2005-12-15,17.231741
2005-12-16,17.144104
2005-12-19,16.799034
2005-12-20,16.829151
2005-12-21,16.872972
2005-12-22,17.081112
2005-12-23,17.133146
2005-12-27,16.952389
2005-12-28,16.963346
2005-12-29,16.812723
2005-12-30,16.697697
2006-01-03,17.152313
2006-01-04,17.401533
2006-01-05,17.765776
2006-01-06,18.171099
2006-01-09,18.36829
2006-01-10,18.390198
2006-01-11,18.609295
2006-01-12,18.412111
2006-01-13,18.266956
2006-01-17,17.982136
2006-01-18,17.815077
2006-01-19,18.31352
2006-01-20,17.628839
2006-01-23,17.702789
2006-01-24,17.883547
2006-01-25,17.899977
2006-01-26,18.280649
2006-01-27,18.447714
2006-01-30,18.436752
2006-01-31,18.193012
2006-02-01,18.376509
2006-02-02,18.102638
2006-02-03,17.910925
2006-02-06,18.13002
2006-02-07,18.171099
2006-02-08,18.488791
2006-02-09,18.420326
2006-02-10,18.29434
2006-02-13,18.067038
2006-02-14,18.247784
2006-02-15,18.297089
2006-02-16,18.48604
2006-02-17,18.176584
2006-02-21,17.828766
2006-02-22,17.993086
2006-02-23,17.798643
2006-02-24,17.834248
2006-02-27,17.910925
2006-02-28,17.79043
2006-03-01,18.477829
2006-03-02,18.507957
2006-03-03,18.286131
2006-03-06,18.113588
2006-03-07,17.628839
2006-03-08,17.560375
2006-03-09,17.322109
2006-03-10,17.264612
2006-03-13,17.193386
2006-03-14,17.590506
2006-03-15,17.793163
2006-03-16,17.324852
2006-03-17,17.330332
2006-03-20,17.360453
2006-03-21,17.36319
2006-03-22,17.365931
2006-03-23,17.519293
2006-03-24,17.721954
2006-03-27,17.697315
2006-03-28,17.382359
2006-03-29,17.864367
2006-03-30,17.954742
2006-03-31,17.853424
2006-04-03,17.979395
2006-04-04,18.0369
2006-04-05,18.403898
2006-04-06,18.601067
2006-04-07,18.286131
2006-04-10,18.058815
2006-04-11,17.8808
2006-04-12,18.0369
2006-04-13,18.116329
2006-04-17,17.875324
2006-04-18,18.439497
2006-04-19,18.647631
2006-04-20,18.735268
2006-04-21,18.31078
2006-04-24,18.261482
2006-04-25,18.324469
2006-04-26,18.231354
2006-04-27,18.453186
2006-04-28,18.272429
2006-05-01,18.102638
2006-05-02,18.258736
2006-05-03,18.423063
2006-05-04,18.628454
2006-05-05,18.765406
2006-05-08,18.72431
2006-05-09,18.546299
2006-05-10,18.157412
2006-05-11,17.68362
2006-05-12,17.527519
2006-05-15,17.365931
2006-05-16,17.281036
2006-05-17,16.993469
2006-05-18,16.722347
2006-05-19,17.04277
2006-05-22,16.621016
2006-05-23,16.396437
2006-05-24,16.500509
2006-05-25,16.549805
2006-05-26,16.662092
2006-05-30,16.28142
2006-05-31,16.541592
2006-06-01,16.925009
2006-06-02,16.892145
2006-06-05,16.390955
2006-06-06,16.311541
2006-06-07,15.952774
2006-06-08,15.859654
2006-06-09,15.774762
2006-06-12,15.322873
2006-06-13,15.281799
2006-06-14,15.528289
2006-06-15,16.128042
2006-06-16,15.944559
2006-06-19,15.804887
2006-06-20,15.709031
2006-06-21,16.056847
2006-06-22,15.799402
2006-06-23,15.705412
2006-06-26,15.784879
2006-06-27,15.401228
2006-06-28,15.373819
2006-06-29,15.88628
2006-06-30,15.880803
2006-07-03,16.012341
2006-07-05,15.579353
2006-07-06,15.565657
2006-07-07,15.316274
2006-07-10,14.927135
2006-07-11,15.291609
2006-07-12,14.899727
2006-07-13,14.683237
2006-07-14,14.603756
2006-07-17,14.606503
2006-07-18,14.562654
2006-07-19,14.91343
2006-07-20,14.554432
2006-07-21,13.954279
2006-07-24,14.3626
2006-07-25,14.606503
2006-07-26,14.65309
2006-07-27,14.71612
2006-07-28,15.154586
2006-07-31,15.198434
2006-08-01,14.886026
2006-08-02,15.050449
2006-08-03,15.302567
2006-08-04,15.168285
2006-08-07,15.086079
2006-08-08,15.001128
2006-08-09,15.0669
2006-08-10,15.261459
2006-08-11,14.864098
2006-08-14,15.0669
2006-08-15,15.62594
2006-08-16,16.138399
2006-08-17,16.174026
2006-08-18,16.182245
2006-08-21,15.913683
2006-08-22,15.88628
2006-08-23,15.779402
2006-08-24,15.88628
2006-08-25,15.894495
2006-08-28,16.121956
2006-08-29,16.415194
2006-08-30,16.735813
2006-08-31,16.565908
2006-09-01,16.415194
2006-09-05,16.612495
2006-09-06,16.080853
2006-09-07,16.026047
2006-09-08,16.182245
2006-09-11,16.469995
2006-09-12,17.026302
2006-09-13,16.944092
2006-09-14,16.998898
2006-09-15,16.979715
2006-09-18,17.190725
2006-09-19,16.908463
2006-09-20,17.045492
2006-09-21,16.716629
2006-09-22,16.519321
2006-09-25,16.922169
2006-09-26,16.911205
2006-09-27,16.85635
2006-09-28,17.037363
2006-09-29,16.861839
2006-10-02,16.702759
2006-10-03,16.601294
2006-10-04,16.96331
2006-10-05,16.924917
2006-10-06,16.793274
2006-10-09,16.957825
2006-10-10,16.908466
2006-10-11,17.07851
2006-10-12,17.28969
2006-10-13,17.522814
2006-10-16,17.640747
2006-10-17,17.193695
2006-10-18,16.763109
2006-10-19,16.675335
2006-10-20,16.483349
2006-10-23,16.499804
2006-10-24,16.351709
2006-10-25,16.667109
2006-10-26,16.842642
2006-10-27,16.466896
2006-10-30,16.606768
2006-10-31,16.697279
2006-11-01,16.403809
2006-11-02,16.318789
2006-11-03,16.390102
2006-11-06,16.656132
2006-11-07,16.765842
2006-11-08,16.754866
2006-11-09,16.455929
2006-11-10,16.593058
2006-11-13,16.878298
2006-11-14,17.32535
2006-11-15,17.470705
2006-11-16,17.517342
2006-11-17,17.418598
2006-11-20,17.648977
2006-11-21,17.333576
2006-11-22,17.583157
2006-11-24,17.528305
2006-11-27,17.07576
2006-11-28,17.097704
2006-11-29,17.083984
2006-11-30,17.24581
2006-12-01,17.001709
2006-12-04,17.317118
2006-12-05,17.374714
2006-12-06,17.451508
2006-12-07,17.20192
2006-12-08,17.119644
2006-12-11,17.083984
2006-12-12,16.979773
2006-12-13,16.850866
2006-12-14,17.105934
2006-12-15,17.103191
2006-12-18,17.059313
2006-12-19,16.864576
2006-12-20,16.941378
2006-12-21,16.705462
2006-12-22,16.603977
2006-12-26,16.732895
2006-12-27,16.826162
2006-12-28,16.831644
2006-12-29,16.735641
2007-01-03,16.686264
2007-01-04,17.012695
2007-01-05,16.689001
2007-01-08,16.754845
2007-01-09,16.815187
2007-01-10,17.103214
2007-01-11,17.155329
2007-01-12,17.199223
2007-01-16,17.05933
2007-01-17,16.938629
2007-01-18,16.321428
2007-01-19,16.475054
2007-01-22,16.296745
2007-01-23,16.280294
2007-01-24,16.529911
2007-01-25,16.461332
2007-01-26,16.683519
2007-01-29,16.590254
2007-01-30,16.664318
2007-01-31,16.680779
2007-02-01,16.820677
2007-02-02,16.927658
2007-02-05,16.990751
2007-02-06,16.927658
2007-02-07,17.155329
2007-02-08,17.0895
2007-02-09,16.834387
2007-02-12,16.642372
2007-02-13,16.730162
2007-02-14,17.05933
2007-02-15,17.149849
2007-02-16,17.138874
2007-02-20,17.138874
2007-02-21,17.125162
2007-02-22,17.487251
2007-02-23,17.583265
2007-02-26,17.558565
2007-02-27,16.938629
2007-02-28,16.974295
2007-03-01,16.8536
2007-03-02,16.516186
2007-03-05,16.337891
2007-03-06,16.727413
2007-03-07,16.658831
2007-03-08,16.826162
2007-03-09,16.930405
2007-03-12,17.064814
2007-03-13,16.716434
2007-03-14,16.817934
2007-03-15,16.809706
2007-03-16,16.69998
2007-03-19,16.612192
2007-03-20,16.779535
2007-03-21,17.084015
2007-03-22,16.848104
2007-03-23,16.949598
2007-03-26,16.93725
2007-03-27,16.871346
2007-03-28,16.662655
2007-03-29,16.506128
2007-03-30,16.5583
2007-04-02,16.536324
2007-04-03,16.648912
2007-04-04,16.788958
2007-04-05,16.923517
2007-04-09,16.885077
2007-04-10,17.030605
2007-04-11,16.857615
2007-04-12,17.030605
2007-04-13,16.99766
2007-04-16,17.118483
2007-04-17,17.102003
2007-04-18,17.458981
2007-04-19,17.563326
2007-04-20,17.62924
2007-04-23,17.494677
2007-04-24,17.928551
2007-04-25,18.096054
2007-04-26,18.090557
2007-04-27,17.821457
2007-04-30,17.56608
2007-05-01,17.610012
2007-05-02,17.755545
2007-05-03,17.859903
2007-05-04,18.027407
2007-05-07,17.953262
2007-05-08,17.912069
2007-05-09,18.236099
2007-05-10,17.901079
2007-05-11,18.150967
2007-05-14,18.126266
2007-05-15,17.884605
2007-05-16,17.887358
2007-05-17,17.804976
2007-05-18,17.832439
2007-05-21,17.848913
2007-05-22,17.931295
2007-05-23,17.673172
2007-05-24,17.362871
2007-05-25,17.453491
2007-05-29,17.563326
2007-05-30,17.445255
2007-05-31,17.714357
2007-06-01,17.873629
2007-06-04,17.829689
2007-06-05,17.744572
2007-06-06,17.516647
2007-06-07,17.192617
2007-06-08,17.673172
2007-06-11,17.604519
2007-06-12,17.464474
2007-06-13,17.747314
2007-06-14,17.97798
2007-06-15,18.280035
2007-06-18,18.27454
2007-06-19,18.123512
2007-06-20,18.002689
2007-06-21,18.535406
2007-06-22,18.315731
2007-06-25,18.085062
2007-06-26,17.988949
2007-06-27,18.392622
2007-06-28,18.219616
2007-06-29,18.101929
2007-07-02,18.341164
2007-07-03,18.390659
2007-07-05,18.506151
2007-07-06,18.660139
2007-07-09,18.794886
2007-07-10,18.646383
2007-07-11,18.629896
2007-07-12,19.124847
2007-07-13,19.089111
2007-07-16,19.1936
2007-07-17,19.490578
2007-07-18,19.149611
2007-07-19,19.281588
2007-07-20,19.047855
2007-07-23,19.045118
2007-07-24,18.657391
2007-07-25,18.701389
2007-07-26,18.376902
2007-07-27,18.079929
2007-07-30,18.404411
2007-07-31,18.110178
2007-08-01,18.209177
2007-08-02,18.217422
2007-08-03,17.675707
2007-08-06,17.909443
2007-08-07,17.895687
2007-08-08,18.297173
2007-08-09,18.16519
2007-08-10,18.06068
2007-08-13,17.997442
2007-08-14,17.769209
2007-08-15,17.279743
2007-08-16,17.265991
2007-08-17,17.565714
2007-08-20,17.771955
2007-08-21,17.909443
2007-08-22,18.033182
2007-08-23,17.868193
2007-08-24,18.123932
2007-08-27,17.964432
2007-08-28,17.499725
2007-08-29,18.002941
2007-08-30,18.022186
2007-08-31,18.35766
2007-09-04,18.673891
2007-09-05,18.486893
2007-09-06,18.646383
2007-09-07,18.167927
2007-09-10,18.203667
2007-09-11,18.431902
2007-09-12,18.145933
2007-09-13,18.079929
2007-09-14,17.967188
2007-09-17,17.912201
2007-09-18,18.442909
2007-09-19,18.5254
2007-09-20,18.539145
2007-09-21,18.621645
2007-09-24,18.566645
2007-09-25,18.673891
2007-09-26,18.605341
2007-09-27,18.674166
2007-09-28,18.577812
2007-10-01,18.965986
2007-10-02,19.00178
2007-10-03,18.59156
2007-10-04,18.558538
2007-10-05,18.869635
2007-10-08,18.897163
2007-10-09,18.759508
2007-10-10,18.71546
2007-10-11,18.313515
2007-10-12,18.536512
2007-10-15,18.536512
2007-10-16,18.506227
2007-10-17,18.850351
2007-10-18,18.85862
2007-10-19,18.30525
2007-10-22,18.464937
2007-10-23,18.506227
2007-10-24,17.939091
2007-10-25,17.347178
2007-10-26,17.404997
2007-10-29,17.567421
2007-10-30,17.633495
2007-10-31,17.798679
2007-11-01,17.504107
2007-11-02,17.625231
2007-11-05,17.53989
2007-11-06,17.79318
2007-11-07,17.316893
2007-11-08,17.071871
2007-11-09,16.923199
2007-11-12,16.485453
2007-11-13,16.859875
2007-11-14,16.730486
2007-11-15,16.63138
2007-11-16,16.518497
2007-11-19,16.218414
2007-11-20,16.020191
2007-11-21,15.703583
2007-11-23,15.932097
2007-11-26,15.524638
2007-11-27,15.855012
2007-11-28,16.52951
2007-11-29,16.515749
2007-11-30,16.281734
2007-12-03,16.265215
2007-12-04,16.138571
2007-12-05,16.598343
2007-12-06,16.879158
2007-12-07,16.854378
2007-12-10,17.000296
2007-12-11,16.664412
2007-12-12,16.870892
2007-12-13,16.71397
2007-12-14,16.537769
2007-12-17,16.171614
2007-12-18,16.245934
2007-12-19,16.284491
2007-12-20,16.504736
2007-12-21,16.716719
2007-12-24,16.890171
2007-12-26,16.920443
2007-12-27,16.571768
2007-12-28,16.516624
2007-12-31,16.376053
2008-01-02,15.937772
2008-01-03,15.747581
2008-01-04,14.989561
2008-01-07,14.63122
2008-01-08,14.286662
2008-01-09,14.377626
2008-01-10,14.435508
2008-01-11,13.986207
2008-01-14,14.410704
2008-01-15,13.87044
2008-01-16,13.694024
2008-01-17,13.440431
2008-01-18,13.793255
2008-01-22,13.534155
2008-01-23,13.853905
2008-01-24,14.248075
2008-01-25,13.961406
2008-01-28,14.143327
2008-01-29,14.168139
2008-01-30,14.15711
2008-01-31,14.11576
2008-02-01,14.868278
2008-02-04,14.603657
2008-02-05,13.966913
2008-02-06,13.614085
2008-02-07,13.740885
2008-02-08,13.90076
2008-02-11,14.223265
2008-02-12,14.154354
2008-02-13,14.678082
2008-02-14,14.181919
2008-02-15,13.922815
2008-02-19,13.820825
2008-02-20,14.090957
2008-02-21,14.052361
2008-02-22,14.099224
2008-02-25,14.234294
2008-02-26,14.463078
2008-02-27,14.589874
2008-02-28,14.245317
2008-02-29,13.834606
2008-03-03,13.751912
2008-03-04,13.826334
2008-03-05,13.964161
2008-03-06,13.561718
2008-03-07,13.578256
2008-03-10,13.366011
2008-03-11,13.834606
2008-03-12,13.73262
2008-03-13,13.975188
2008-03-14,13.575503
2008-03-17,13.523129
2008-03-18,14.063399
2008-03-19,13.487295
2008-03-20,13.751912
2008-03-24,14.187432
2008-03-25,14.228778
2008-03-26,14.077168
2008-03-27,13.713324
2008-03-28,13.514856
2008-03-31,13.66095
2008-04-01,14.231537
2008-04-02,14.333526
2008-04-03,14.537501
2008-04-04,14.556796
2008-04-07,14.446537
2008-04-08,14.140573
2008-04-09,14.283904
2008-04-10,14.617439
2008-04-11,14.082689
2008-04-14,13.829091
2008-04-15,13.864931
2008-04-16,14.427239
2008-04-17,14.328014
2008-04-18,14.636735
2008-04-21,14.796608
2008-04-22,14.407948
2008-04-23,14.826925
2008-04-24,15.091542
2008-04-25,15.03642
2008-04-28,14.928916
2008-04-29,15.000586
2008-04-30,14.716669
2008-05-01,15.267958
2008-05-02,15.276232
2008-05-05,15.165972
2008-05-06,15.422318
2008-05-07,15.234882
2008-05-08,15.298281
2008-05-09,15.295517
2008-05-12,15.48296
2008-05-13,15.549116
2008-05-14,15.747581
2008-05-15,16.114193
2008-05-16,16.202393
2008-05-19,16.125214
2008-05-20,15.728281
2008-05-21,15.477448
2008-05-22,15.565656
2008-05-23,15.447126
2008-05-27,15.728281
2008-05-28,15.788934
2008-05-29,15.733798
2008-05-30,15.965349
2008-06-02,15.805458
2008-06-03,15.582196
2008-06-04,15.827518
2008-06-05,16.0315
2008-06-06,15.81098
2008-06-09,15.48296
2008-06-10,15.171487
2008-06-11,14.686349
2008-06-12,14.746984
2008-06-13,15.127383
2008-06-16,15.430582
2008-06-17,15.221102
2008-06-18,14.884811
2008-06-19,15.273474
2008-06-20,14.928916
2008-06-23,14.729941
2008-06-24,14.804557
2008-06-25,15.064332
2008-06-26,14.387249
2008-06-27,14.29329
2008-06-30,14.149582
2008-07-01,14.099845
2008-07-02,13.762682
2008-07-03,13.367486
2008-07-07,13.44763
2008-07-08,13.525012
2008-07-09,12.977821
2008-07-10,13.168507
2008-07-11,13.121527
2008-07-14,12.961239
2008-07-15,13.088364
2008-07-16,13.511197
2008-07-17,13.80137
2008-07-18,13.735043
2008-07-21,13.618974
2008-07-22,13.198905
2008-07-23,13.323267
2008-07-24,12.687643
2008-07-25,12.812012
2008-07-28,12.604736
2008-07-29,12.928078
2008-07-30,13.033092
2008-07-31,12.986115
2008-08-01,12.87004
2008-08-04,12.894914
2008-08-05,13.212724
2008-08-06,13.378543
2008-08-07,13.508431
2008-08-08,13.790318
2008-08-11,14.080492
2008-08-12,14.052864
2008-08-13,14.121949
2008-08-14,14.265653
2008-08-15,14.331984
2008-08-18,14.149582
2008-08-19,13.884277
2008-08-20,13.845589
2008-08-21,13.76821
2008-08-22,13.939553
2008-08-25,13.721227
2008-08-26,13.602389
2008-08-27,13.737811
2008-08-28,13.867699
2008-08-29,13.558178
2008-09-02,13.345374
2008-09-03,12.740151
2008-09-04,12.347723
2008-09-05,12.510775
2008-09-08,12.436158
2008-09-09,11.952528
2008-09-10,12.027148
2008-09-11,12.029912
2008-09-12,12.046493
2008-09-15,11.576681
2008-09-16,11.698278
2008-09-17,11.30585
2008-09-18,11.87515
2008-09-19,12.162564
2008-09-22,11.609844
2008-09-23,11.432973
2008-09-24,11.549044
2008-09-25,11.714864
2008-09-26,11.778425
2008-09-29,10.778004
2008-09-30,11.203599
2008-10-01,11.142798
2008-10-02,10.468483
2008-10-03,10.349645
2008-10-06,9.99867
2008-10-07,9.346459
2008-10-08,9.324357
2008-10-09,9.164063
2008-10-10,9.047996
2008-10-13,9.877073
2008-10-14,9.468064
2008-10-15,8.592003
2008-10-16,9.009309
2008-10-17,8.868363
2008-10-20,9.133667
2008-10-21,8.699784
2008-10-22,8.346045
2008-10-23,8.171938
2008-10-24,8.163646
2008-10-27,8.147066
2008-10-28,8.879417
2008-10-29,8.732946
2008-10-30,9.111558
2008-10-31,9.22763
2008-11-03,9.205517
2008-11-04,9.548204
2008-11-05,9.053523
2008-11-06,8.365388
2008-11-07,8.550548
2008-11-10,8.30183
2008-11-11,8.124956
2008-11-12,7.715945
2008-11-13,8.224443
2008-11-14,7.652382
2008-11-17,7.453404
2008-11-18,7.284823
2008-11-19,6.740397
2008-11-20,6.461274
2008-11-21,6.756978
2008-11-24,7.174282
2008-11-25,7.094138
2008-11-26,7.572238
2008-11-28,7.481039
2008-12-01,6.914501
2008-12-02,7.030572
2008-12-03,7.370496
2008-12-04,6.955959
2008-12-05,7.207443
2008-12-08,7.317989
2008-12-09,7.649621
2008-12-10,7.793324
2008-12-11,7.613689
2008-12-12,7.995069
2008-12-15,7.873468
2008-12-16,8.290771
2008-12-17,8.373681
2008-12-18,7.856889
2008-12-19,8.036522
2008-12-22,7.729621
2008-12-23,7.50105
2008-12-24,7.587461
2008-12-26,7.537288
2008-12-29,7.50105
2008-12-30,7.83554
2008-12-31,7.90802
2009-01-02,8.275964
2009-01-05,8.273172
2009-01-06,8.719172
2009-01-07,8.309412
2009-01-08,8.301056
2009-01-09,8.008365
2009-01-12,7.763075
2009-01-13,7.774222
2009-01-14,7.462025
2009-01-15,7.595823
2009-01-16,7.90802
2009-01-20,7.375613
2009-01-21,7.556799
2009-01-22,7.370041
2009-01-23,7.685021
2009-01-26,7.749135
2009-01-27,7.997219
2009-01-28,8.275964
2009-01-29,7.860631
2009-01-30,7.701751
2009-02-02,7.790946
2009-02-03,7.916383
2009-02-04,8.016731
2009-02-05,8.345649
2009-02-06,8.655058
2009-02-09,8.610462
2009-02-10,8.214634
2009-02-11,8.064119
2009-02-12,8.167255
2009-02-13,8.301056
2009-02-17,7.735195
2009-02-18,7.746345
2009-02-19,7.381189
2009-02-20,7.425786
2009-02-23,7.113594
2009-02-24,7.475965
2009-02-25,7.687809
2009-02-26,7.618121
2009-02-27,7.576315
2009-03-02,7.177706
2009-03-03,7.280842
2009-03-04,7.604184
2009-03-05,7.50105
2009-03-06,7.406278
2009-03-09,7.264119
2009-03-10,7.827185
2009-03-11,8.025092
2009-03-12,8.373527
2009-03-13,8.457152
2009-03-16,8.200702
2009-03-17,8.521265
2009-03-18,8.797221
2009-03-19,8.777706
2009-03-20,8.429274
2009-03-23,8.970046
2009-03-24,8.70523
2009-03-25,8.769342
2009-03-26,9.195826
2009-03-27,9.039727
2009-03-30,8.657847
2009-03-31,8.680143
2009-04-01,8.830668
2009-04-02,9.190253
2009-04-03,9.466208
2009-04-06,9.296172
2009-04-07,8.958892
2009-04-08,9.162376
2009-04-09,9.549835
2009-04-13,9.446695
2009-04-14,9.477357
2009-04-15,9.30175
2009-04-16,9.68363
2009-04-17,9.694781
2009-04-20,9.243214
2009-04-21,9.223704
2009-04-22,9.502443
2009-04-23,9.435547
2009-04-24,9.569345
2009-04-27,9.510805
2009-04-28,9.354712
2009-04-29,9.519173
2009-04-30,9.75889
2009-05-01,9.786767
2009-05-04,10.246695
2009-05-05,10.149137
2009-05-06,10.218823
2009-05-07,9.669693
2009-05-08,9.371434
2009-05-11,9.41046
2009-05-12,9.176315
2009-05-13,8.925438
2009-05-14,9.148438
2009-05-15,9.039727
2009-05-18,9.351924
2009-05-19,9.560985
2009-05-20,9.661335
2009-05-21,9.468995
2009-05-22,9.471787
2009-05-26,9.792339
2009-05-27,9.92893
2009-05-28,10.110111
2009-05-29,10.151919
2009-06-01,10.689901
2009-06-02,10.40558
2009-06-03,10.224399
2009-06-04,10.44182
2009-06-05,10.274572
2009-06-08,10.280144
2009-06-09,10.745648
2009-06-10,10.784674
2009-06-11,10.720566
2009-06-12,10.572832
2009-06-15,10.458544
2009-06-16,10.243905
2009-06-17,10.380492
2009-06-18,10.185374
2009-06-19,10.299659
2009-06-22,9.929601
2009-06-23,9.845691
2009-06-24,10.063869
2009-06-25,10.26805
2009-06-26,10.251271
2009-06-29,10.24847
2009-06-30,10.254065
2009-07-01,10.419091
2009-07-02,10.321197
2009-07-06,10.164561
2009-07-07,9.893245
2009-07-08,9.803738
2009-07-09,10.007921
2009-07-10,10.063869
2009-07-13,10.312805
2009-07-14,10.477832
2009-07-15,10.950539
2009-07-16,11.168708
2009-07-17,11.302966
2009-07-20,11.423245
2009-07-21,11.384082
2009-07-22,11.658197
2009-07-23,11.89315
2009-07-24,11.756097
2009-07-27,11.795252
2009-07-28,11.81763
2009-07-29,11.795252
2009-07-30,11.761683
2009-07-31,11.840006
2009-08-03,12.005032
2009-08-04,11.988251
2009-08-05,11.879167
2009-08-06,11.686167
2009-08-07,11.708544
2009-08-10,11.613442
2009-08-11,11.484781
2009-08-12,11.711342
2009-08-13,11.960282
2009-08-14,11.719735
2009-08-17,11.384082
2009-08-18,11.627429
2009-08-19,11.683367
2009-08-20,11.775674
2009-08-21,11.996643
2009-08-24,11.881961
2009-08-25,11.937906
2009-08-26,12.049788
2009-08-27,12.074961
2009-08-28,12.329494
2009-08-31,12.150483
2009-09-01,11.840006
2009-09-02,11.812036
2009-09-03,11.993847
2009-09-04,12.304319
2009-09-08,12.553258
2009-09-09,12.693114
2009-09-10,12.888909
2009-09-11,12.651157
2009-09-14,12.653955
2009-09-15,12.757447
2009-09-16,12.709895
2009-09-17,12.460958
2009-09-18,12.556057
2009-09-21,12.542069
2009-09-22,12.651157
2009-09-23,12.698705
2009-09-24,12.39383
2009-09-25,12.360261
2009-09-28,12.60081
2009-09-29,12.424595
2009-09-30,12.528086
2009-10-01,11.929515
2009-10-02,11.786863
2009-10-05,12.016217
2009-10-06,12.251178
2009-10-07,12.226001
2009-10-08,12.139291
2009-10-09,12.556057
2009-10-12,12.743465
2009-10-13,12.695914
2009-10-14,12.8945
2009-10-15,12.667938
2009-10-16,12.396621
2009-10-19,12.584023
2009-10-20,12.536474
2009-10-21,12.321101
2009-10-22,12.452561
2009-10-23,12.125307
2009-10-26,12.080551
2009-10-27,11.800844
2009-10-28,11.462403
2009-10-29,11.744905
2009-10-30,11.356112
2009-11-02,11.358912
2009-11-03,11.247028
2009-11-04,11.336535
2009-11-05,11.677779
2009-11-06,11.702952
2009-11-09,12.060973
2009-11-10,12.083347
2009-11-11,12.256767
2009-11-12,12.198032
2009-11-13,12.293125
2009-11-16,12.584023
2009-11-17,12.611996
2009-11-18,12.511302
2009-11-19,12.100132
2009-11-20,12.005032
2009-11-23,12.130902
2009-11-24,12.228799
2009-11-25,12.27635
2009-11-27,12.105729
2009-11-30,12.128106
2009-12-01,12.519694
2009-12-02,12.7071
2009-12-03,12.863733
2009-12-04,13.067918
2009-12-07,13.174212
2009-12-08,13.101486
2009-12-09,13.163021
2009-12-10,13.123863
2009-12-11,13.025964
2009-12-14,13.22176
2009-12-15,13.157427
2009-12-16,13.350422
2009-12-17,13.151834
2009-12-18,13.308468
2009-12-21,13.623775
2009-12-22,13.699648
2009-12-23,13.719318
2009-12-24,13.882308
2009-12-28,13.747422
2009-12-29,13.727746
2009-12-30,13.921653
2009-12-31,13.834535
2010-01-04,14.003147
2010-01-05,13.980667
2010-01-06,13.938513
2010-01-07,13.828918
2010-01-08,14.036867
2010-01-11,13.99472
2010-01-12,13.505745
2010-01-13,13.663115
2010-01-14,13.637822
2010-01-15,13.19381
2010-01-19,13.345562
2010-01-20,13.345562
2010-01-21,13.261261
2010-01-22,12.637399
2010-01-25,12.811628
2010-01-26,12.696411
2010-01-27,12.873456
2010-01-28,12.494078
2010-01-29,12.078167
2010-02-01,12.488456
2010-02-02,12.617728
2010-02-03,12.614917
2010-02-04,12.069745
2010-02-05,12.345137
2010-02-08,12.294555
2010-02-09,12.440684
2010-02-10,12.51656
2010-02-11,12.775096
2010-02-12,12.890309
2010-02-16,13.171329
2010-02-17,13.160092
2010-02-18,13.20505
2010-02-19,13.24159
2010-02-22,13.216297
2010-02-23,12.876264
2010-02-24,13.117936
2010-02-25,13.064543
2010-02-26,13.042063
2010-03-01,13.351183
2010-03-02,13.351183
2010-03-03,13.286548
2010-03-04,13.275311
2010-03-05,13.424248
2010-03-08,13.418626
2010-03-09,13.382095
2010-03-10,13.643447
2010-03-11,13.556327
2010-03-12,13.531031
2010-03-15,13.384907
2010-03-16,13.755853
2010-03-17,13.977853
2010-03-18,13.848585
2010-03-19,13.65749
2010-03-22,13.927272
2010-03-23,14.208286
2010-03-24,13.873878
2010-03-25,13.865447
2010-03-26,13.812051
2010-03-29,13.901978
2010-03-30,13.986285
2010-03-31,13.887928
2010-04-01,13.882308
2010-04-05,14.281359
2010-04-06,14.191422
2010-04-07,14.244821
2010-04-08,14.05092
2010-04-09,14.205484
2010-04-12,14.326312
2010-04-13,14.461206
2010-04-14,15.048538
2010-04-15,15.113166
2010-04-16,14.893973
2010-04-19,14.761889
2010-04-20,14.955799
2010-04-21,14.761889
2010-04-22,14.967042
2010-04-23,14.975468
2010-04-26,15.042913
2010-04-27,14.55675
2010-04-28,14.627013
2010-04-29,14.812475
2010-04-30,14.168946
2010-05-03,14.464021
2010-05-04,13.910413
2010-05-05,13.769902
2010-05-06,13.269687
2010-05-07,13.101075
2010-05-10,13.783957
2010-05-11,13.705271
2010-05-12,14.081835
2010-05-13,13.747422
2010-05-14,13.331511
2010-05-17,13.502934
2010-05-18,13.131989
2010-05-19,13.210673
2010-05-20,12.81725
2010-05-21,13.011153
2010-05-24,12.81725
2010-05-25,12.856587
2010-05-26,12.879075
2010-05-27,13.457967
2010-05-28,13.24159
2010-06-01,12.960566
2010-06-02,13.379285
2010-06-03,13.539467
2010-06-04,12.935276
2010-06-07,12.460351
2010-06-08,12.457546
2010-06-09,12.314225
2010-06-10,12.749803
2010-06-11,12.932464
2010-06-14,12.963378
2010-06-15,13.609718
2010-06-16,13.660304
2010-06-17,13.677166
2010-06-18,13.646252
2010-06-21,13.543227
2010-06-22,13.277893
2010-06-23,13.331528
2010-06-24,12.978688
2010-06-25,13.015384
2010-06-28,13.105712
2010-06-29,12.549641
2010-06-30,12.337939
2010-07-01,12.315362
2010-07-02,12.250437
2010-07-06,12.216566
2010-07-07,12.868604
2010-07-08,12.851669
2010-07-09,13.035145
2010-07-12,13.114177
2010-07-13,13.407736
2010-07-14,13.385155
2010-07-15,13.365396
2010-07-16,12.970222
2010-07-19,13.320236
2010-07-20,13.303295
2010-07-21,13.035145
2010-07-22,13.472656
2010-07-23,13.577102
2010-07-26,13.794447
2010-07-27,13.675891
2010-07-28,13.450075
2010-07-29,13.119823
2010-07-30,12.978688
2010-08-02,13.179098
2010-08-03,13.060547
2010-08-04,13.181922
2010-08-05,13.148052
2010-08-06,13.150871
2010-08-09,13.235551
2010-08-10,12.91659
2010-08-11,12.408504
2010-08-12,12.216566
2010-08-13,12.134706
2010-08-16,12.168583
2010-08-17,12.337939
2010-08-18,12.484719
2010-08-19,12.304068
2010-08-20,12.30689
2010-08-23,12.174227
2010-08-24,11.987929
2010-08-25,12.086722
2010-08-26,11.903247
2010-08-27,12.165755
2010-08-30,11.841147
2010-08-31,11.62098
2010-09-01,11.954053
2010-09-02,12.19681
2010-09-03,12.431088
2010-09-07,12.140351
2010-09-08,12.086722
2010-09-09,12.109308
2010-09-10,11.959702
2010-09-13,12.340763
2010-09-14,12.5694
2010-09-15,12.549641
2010-09-16,12.651257
2010-09-17,12.659726
2010-09-20,12.766989
2010-09-21,12.795216
2010-09-22,12.594801
2010-09-23,12.671017
2010-09-24,13.235551
2010-09-27,13.167809
2010-09-28,13.399267
2010-09-29,13.433144
2010-09-30,13.354109
2010-10-01,13.339992
2010-10-04,13.156518
2010-10-05,13.492418
2010-10-06,13.286361
2010-10-07,13.337171
2010-10-08,13.464189
2010-10-11,13.568629
2010-10-12,13.664601
2010-10-13,13.639197
2010-10-14,13.605327
2010-10-15,13.661778
2010-10-18,13.568629
2010-10-19,13.379507
2010-10-20,13.469836
2010-10-21,13.3908
2010-10-22,13.650489
2010-10-25,13.808559
2010-10-26,13.749281
2010-10-27,14.183978
2010-10-28,14.189622
2010-10-29,14.277127
2010-11-01,14.231959
2010-11-02,14.327933
2010-11-03,14.474708
2010-11-04,14.92634
2010-11-05,15.022313
2010-11-08,15.019486
2010-11-09,14.85859
2010-11-10,14.844485
2010-11-11,14.680772
2010-11-12,14.675113
2010-11-15,14.565042
2010-11-16,14.356157
2010-11-17,14.34487
2010-11-18,14.604557
2010-11-19,14.83037
2010-11-22,15.019486
2010-11-23,14.909403
2010-11-24,15.28482
2010-11-26,15.18885
2010-11-29,15.166262
2010-11-30,14.974326
2010-12-01,15.42595
2010-12-02,15.730808
2010-12-03,15.809842
2010-12-06,15.801362
2010-12-07,15.784431
2010-12-08,15.919927
2010-12-09,15.967912
2010-12-10,15.97073
2010-12-13,15.863472
2010-12-14,15.759036
2010-12-15,15.589671
2010-12-16,15.674356
2010-12-17,15.77597
2010-12-20,15.643299
2010-12-21,15.742093
2010-12-22,15.759036
2010-12-23,15.713865
2010-12-27,15.733631
2010-12-28,15.668702
2010-12-29,15.671528
2010-12-30,15.719513
2010-12-31,15.722339
2011-01-03,15.80702
2011-01-04,15.846533
2011-01-05,15.897345
2011-01-06,16.182426
2011-01-07,16.227592
2011-01-10,16.402605
2011-01-11,16.444939
2011-01-12,16.766722
2011-01-13,16.778023
2011-01-14,17.224001
2011-01-18,17.176018
2011-01-19,16.761082
2011-01-20,16.5889
2011-01-21,16.470345
2011-01-24,16.851416
2011-01-25,16.732853
2011-01-26,16.868345
2011-01-27,17.198605
2011-01-28,16.727209
2011-01-31,16.792133
2011-02-01,17.20989
2011-02-02,17.300217
2011-02-03,17.314325
2011-02-04,17.678463
2011-02-07,17.607882
2011-02-08,17.607882
2011-02-09,17.483685
2011-02-10,17.506277
2011-02-11,17.647406
2011-02-14,17.791365
2011-02-15,17.610712
2011-02-16,17.794182
2011-02-17,18.062344
2011-02-18,18.020002
2011-02-22,17.314325
2011-02-23,16.981258
2011-02-24,17.246582
2011-02-25,17.692568
2011-02-28,17.523193
2011-03-01,17.181662
2011-03-02,17.399008
2011-03-03,17.734909
2011-03-04,17.588137
2011-03-07,17.10545
2011-03-08,17.122387
2011-03-09,16.591717
2011-03-10,16.171143
2011-03-11,16.354618
2011-03-14,16.317924
2011-03-15,16.103394
2011-03-16,15.764682
2011-03-17,15.953805
2011-03-18,16.021542
2011-03-21,16.309444
2011-03-22,16.154209
2011-03-23,16.309444
2011-03-24,16.707453
2011-03-25,16.673244
2011-03-28,16.676073
2011-03-29,16.842865
2011-03-30,16.862652
2011-03-31,16.70434
2011-04-01,16.520597
2011-04-04,16.373594
2011-04-05,16.741095
2011-04-06,16.998343
2011-04-07,16.941807
2011-04-08,16.800463
2011-04-11,16.659113
2011-04-12,16.30574
2011-04-13,16.345324
2011-04-14,16.370764
2011-04-15,16.455574
2011-04-18,16.161566
2011-04-19,16.229424
2011-04-20,16.916361
2011-04-21,16.933327
2011-04-25,16.944628
2011-04-26,17.221676
2011-04-27,17.21036
2011-04-28,17.122732
2011-04-29,17.182091
2011-05-02,17.026609
2011-05-03,16.817421
2011-05-04,16.811771
2011-05-05,16.856998
2011-05-06,16.989855
2011-05-09,16.919182
2011-05-10,17.001177
2011-05-11,16.876793
2011-05-12,17.097292
2011-05-13,16.88809
2011-05-16,16.650631
2011-05-17,16.444265
2011-05-18,16.743921
2011-05-19,16.602575
2011-05-20,16.568651
2011-05-23,16.229424
2011-05-24,16.088064
2011-05-25,16.232248
2011-05-26,16.384897
2011-05-27,16.579956
2011-05-31,16.831554
2011-06-01,16.342499
2011-06-02,16.322708
2011-06-03,16.037188
2011-06-06,15.921285
2011-06-07,15.986301
2011-06-08,15.675344
2011-06-09,15.686647
2011-06-10,15.435046
2011-06-13,15.299355
2011-06-14,15.567924
2011-06-15,15.282394
2011-06-16,15.107121
2011-06-17,14.883794
2011-06-20,14.903586
2011-06-21,15.254129
2011-06-22,15.194758
2011-06-23,15.414854
2011-06-24,15.06078
2011-06-27,15.137259
2011-06-28,15.341204
2011-06-29,15.361039
2011-06-30,15.720768
2011-07-01,16.057837
2011-07-05,15.930383
2011-07-06,15.802908
2011-07-07,16.103161
2011-07-08,15.882228
2011-07-11,15.607458
2011-07-12,15.159921
2011-07-13,15.111764
2011-07-14,14.887993
2011-07-15,14.947479
2011-07-18,14.766197
2011-07-19,15.22791
2011-07-20,15.168422
2011-07-21,15.281718
2011-07-22,15.652787
2011-07-25,15.468674
2011-07-26,15.573481
2011-07-27,15.018292
2011-07-28,14.987138
2011-07-29,14.862505
2011-08-01,14.845504
2011-08-02,14.414956
2011-08-03,14.584909
2011-08-04,13.743634
2011-08-05,13.466043
2011-08-08,12.746569
2011-08-09,13.315916
2011-08-10,13.060988
2011-08-11,13.70681
2011-08-12,13.650158
2011-08-15,13.913586
2011-08-16,13.664326
2011-08-17,13.573684
2011-08-18,12.789061
2011-08-19,12.553956
2011-08-22,12.630436
2011-08-23,13.279097
2011-08-24,13.290425
2011-08-25,12.942014
2011-08-26,13.301758
2011-08-29,13.766294
2011-08-30,13.763465
2011-08-31,13.692644
2011-09-01,13.468877
2011-09-02,13.148797
2011-09-06,13.060988
2011-09-07,13.616165
2011-09-08,13.556684
2011-09-09,13.412226
2011-09-12,13.800285
2011-09-13,14.072212
2011-09-14,14.434782
2011-09-15,14.667048
2011-09-16,14.686883
2011-09-19,14.531086
2011-09-20,14.344142
2011-09-21,14.055222
2011-09-22,13.582176
2011-09-23,13.828609
2011-09-26,13.818954
2011-09-27,14.071704
2011-09-28,13.679802
2011-09-29,13.503727
2011-09-30,13.040826
2011-10-03,12.558041
2011-10-04,13.057858
2011-10-05,13.472488
2011-10-06,13.637199
2011-10-07,13.699679
2011-10-10,14.085906
2011-10-11,14.071704
2011-10-12,14.176783
2011-10-13,14.463615
2011-10-14,14.628329
2011-10-17,14.247781
2011-10-18,14.534615
2011-10-19,14.242103
2011-10-20,13.995028
2011-10-21,14.293221
2011-10-24,14.77032
2011-10-25,14.526092
2011-10-26,14.574368
2011-10-27,15.190635
2011-10-28,15.250264
2011-10-31,14.881075
2011-11-01,14.406823
2011-11-02,14.460768
2011-11-03,14.892437
2011-11-04,15.062834
2011-11-07,15.054308
2011-11-08,15.122466
2011-11-09,14.455091
2011-11-10,14.55165
2011-11-11,15.062834
2011-11-14,14.898117
2011-11-15,15.085554
2011-11-16,15.03443
2011-11-17,14.452253
2011-11-18,14.315938
2011-11-21,14.048987
2011-11-22,13.870078
2011-11-23,13.432731
2011-11-25,13.268014
2011-11-28,13.671283
2011-11-29,13.586084
2011-11-30,14.350015
2011-12-01,14.446571
2011-12-02,14.449415
2011-12-05,14.568688
2011-12-06,14.531768
2011-12-07,14.724884
2011-12-08,14.290378
2011-12-09,14.480654
2011-12-12,14.094424
2011-12-13,13.759316
2011-12-14,13.543488
2011-12-15,13.509406
2011-12-16,13.640045
2011-12-19,13.245296
2011-12-20,13.833155
2011-12-21,13.694001
2011-12-22,14.150412
2011-12-23,14.213014
2011-12-27,14.195938
2011-12-28,13.985373
2011-12-29,14.107727
2011-12-30,14.056512
2012-01-03,14.232929
2012-01-04,14.232929
2012-01-05,14.426416
2012-01-06,14.463408
2012-01-09,14.756488
2012-01-10,14.904455
2012-01-11,14.955678
2012-01-12,15.115019
2012-01-13,14.80771
2012-01-17,14.850395
2012-01-18,15.604434
2012-01-19,15.914593
2012-01-20,15.991406
2012-01-23,15.940189
2012-01-24,15.997107
2012-01-25,16.06539
2012-01-26,15.897516
2012-01-27,15.948735
2012-01-30,15.7837
2012-01-31,15.795079
2012-02-01,16.147913
2012-02-02,16.236116
2012-02-03,16.489367
2012-02-06,16.301571
2012-02-07,16.310106
2012-02-08,16.506439
2012-02-09,16.560503
2012-02-10,16.238962
2012-02-13,16.287342
2012-02-14,16.347095
2012-02-15,16.432457
2012-02-16,16.845049
2012-02-17,16.688547
2012-02-21,16.460915
2012-02-22,16.401154
2012-02-23,16.429613
2012-02-24,16.378401
2012-02-27,16.395477
2012-02-28,16.660093
2012-02-29,16.412542
2012-03-01,16.423923
2012-03-02,16.238962
2012-03-05,15.851987
2012-03-06,15.704022
2012-03-07,15.934505
2012-03-08,16.170683
2012-03-09,16.347095
2012-03-12,16.190592
2012-03-13,16.543436
2012-03-14,16.489367
2012-03-15,16.816601
2012-03-16,16.845049
2012-03-19,16.96456
2012-03-20,16.830824
2012-03-21,16.899109
2012-03-22,16.80806
2012-03-23,16.842203
2012-03-26,17.074518
2012-03-27,17.068817
2012-03-28,16.872139
2012-03-29,16.874979
2012-03-30,16.946245
2012-04-02,16.960505
2012-04-03,16.689709
2012-04-04,16.321981
2012-04-05,16.347645
2012-04-09,16.131001
2012-04-10,15.825998
2012-04-11,16.091097
2012-04-12,16.396101
2012-04-13,16.105345
2012-04-16,16.099648
2012-04-17,16.350491
2012-04-18,16.230778
2012-04-19,16.031233
2012-04-20,15.660674
2012-04-23,15.469684
2012-04-24,15.355667
2012-04-25,15.697727
2012-04-26,16.05974
2012-04-27,16.062588
2012-04-30,15.994173
2012-05-01,16.042637
2012-05-02,16.1196
2012-05-03,15.717686
2012-05-04,15.401268
2012-05-07,15.355667
2012-05-08,15.267298
2012-05-09,15.21314
2012-05-10,15.156134
2012-05-11,15.261607
2012-05-14,15.113374
2012-05-15,14.953752
2012-05-16,14.722854
2012-05-17,14.397894
2012-05-18,14.121397
2012-05-21,14.474857
2012-05-22,14.369388
2012-05-23,14.426397
2012-05-24,14.22116
2012-05-25,14.363691
2012-05-29,14.671542
2012-05-30,14.466311
2012-05-31,14.315232
2012-06-01,13.702374
2012-06-04,13.679568
2012-06-05,13.941816
2012-06-06,14.380793
2012-06-07,14.252522
2012-06-08,14.400739
2012-06-11,14.198363
2012-06-12,14.452055
2012-06-13,14.338035
2012-06-14,14.306679
2012-06-15,14.531868
2012-06-18,14.734255
2012-06-19,14.927964
2012-06-20,15.059387
2012-06-21,14.44512
2012-06-22,14.653688
2012-06-25,14.17942
2012-06-26,14.233704
2012-06-27,14.416553
2012-06-28,14.325131
2012-06-29,14.947961
2012-07-02,14.925109
2012-07-03,15.107953
2012-07-05,14.993676
2012-07-06,14.616547
2012-07-09,14.422271
2012-07-10,14.125137
2012-07-11,13.968002
2012-07-12,13.748009
2012-07-13,13.845149
2012-07-16,13.716579
2012-07-17,13.659444
2012-07-18,14.125137
2012-07-19,14.407984
2012-07-20,14.167991
2012-07-23,14.050857
2012-07-24,13.985147
2012-07-25,14.265134
2012-07-26,14.579404
2012-07-27,14.936532
2012-07-30,14.80225
2012-07-31,14.910821
2012-08-01,14.907963
2012-08-02,14.819399
2012-08-03,15.150808
2012-08-06,15.20224
2012-08-07,15.553648
2012-08-08,15.590794
2012-08-09,15.713646
2012-08-10,15.79363
2012-08-13,15.656502
2012-08-14,15.536506
2012-08-15,15.62507
2012-08-16,15.870781
2012-08-17,15.756491
2012-08-20,15.650788
2012-08-21,15.659358
2012-08-22,15.545085
2012-08-23,15.456507
2012-08-24,15.533649
2012-08-27,15.473653
2012-08-28,15.450797
2012-08-29,15.467939
2012-08-30,15.230811
2012-08-31,15.413649
2012-09-04,15.293656
2012-09-05,15.210809
2012-09-06,15.673646
2012-09-07,15.630793
2012-09-10,15.359368
2012-09-11,15.459369
2012-09-12,15.493655
2012-09-13,15.630793
2012-09-14,15.836493
2012-09-17,15.673646
2012-09-18,15.607941
2012-09-19,15.513656
2012-09-20,15.36223
2012-09-21,15.379371
2012-09-24,15.159379
2012-09-25,14.782008
2012-09-26,14.675829
2012-09-27,15.008717
2012-09-28,14.888193
2012-10-01,14.830799
2012-10-02,14.902542
2012-10-03,14.856624
2012-10-04,14.934108
2012-10-05,14.916884
2012-10-08,14.753317
2012-10-09,14.526604
2012-10-10,14.325723
2012-10-11,14.368766
2012-10-12,14.285547
2012-10-15,14.477818
2012-10-16,14.807839
2012-10-17,14.779141
2012-10-18,14.635655
2012-10-19,14.196582
2012-10-22,14.233889
2012-10-23,14.268328
2012-10-24,14.038745
2012-10-25,14.24537
2012-10-26,14.291286
2012-10-31,14.317112
2012-11-01,14.76766
2012-11-02,14.492167
2012-11-05,14.744702
2012-11-06,14.965674
2012-11-07,14.561039
2012-11-08,14.394592
2012-11-09,14.411818
2012-11-12,14.420424
2012-11-13,14.311372
2012-11-14,14.078921
2012-11-15,13.903868
2012-11-16,13.906738
2012-11-19,14.187977
2012-11-20,14.124841
2012-11-21,14.176492
2012-11-23,14.411818
2012-11-26,14.472079
2012-11-27,14.440511
2012-11-28,14.592605
2012-11-29,14.635655
2012-11-30,14.615566
2012-12-03,14.546689
2012-12-04,14.635655
2012-12-05,14.638521
2012-12-06,14.782008
2012-12-07,14.813577
2012-12-10,14.911155
2012-12-11,15.195247
2012-12-12,15.137859
2012-12-13,14.994372
2012-12-14,14.879581
2012-12-17,14.942712
2012-12-18,15.223948
2012-12-19,15.243534
2012-12-20,15.214734
2012-12-21,15.073616
2012-12-24,15.004491
2012-12-26,14.906582
2012-12-27,14.828826
2012-12-28,14.733787
2012-12-31,14.987219
2013-01-02,15.640962
2013-01-03,15.534412
2013-01-04,15.525761
2013-01-07,15.47105
2013-01-08,15.292493
2013-01-09,15.439368
2013-01-10,15.664012
2013-01-11,15.73889
2013-01-14,15.71297
2013-01-15,15.626567
2013-01-16,15.813761
2013-01-17,16.113279
2013-01-18,16.044149
2013-01-22,15.989439
2013-01-23,16.167997
2013-01-24,16.015362
2013-01-25,16.219835
2013-01-28,16.260153
2013-01-29,16.156477
2013-01-30,16.17375
2013-01-31,16.133438
2013-02-01,16.447351
2013-02-04,16.193913
2013-02-05,16.447351
2013-02-06,16.487663
2013-02-07,16.398392
2013-02-08,16.599981
2013-02-11,16.640308
2013-02-12,16.669102
2013-02-13,16.703667
2013-02-14,16.876459
2013-02-15,16.7843
2013-02-19,16.977261
2013-02-20,16.614384
2013-02-21,16.303356
2013-02-22,16.646069
2013-02-25,16.329273
2013-02-26,16.438709
2013-02-27,16.709421
2013-02-28,16.720943
2013-03-01,16.651821
2013-03-04,16.605745
2013-03-05,16.931181
2013-03-06,16.951334
2013-03-07,17.0291
2013-03-08,17.052135
2013-03-11,17.069416
2013-03-12,17.141415
2013-03-13,17.193256
2013-03-14,17.282534
2013-03-15,17.000299
2013-03-18,16.7843
2013-03-19,16.715181
2013-03-20,16.936941
2013-03-21,16.663351
2013-03-22,16.847654
2013-03-25,16.830036
2013-03-26,16.960073
2013-03-27,16.994751
2013-03-28,17.110338
2013-04-01,16.760681
2013-04-02,16.6133
2013-04-03,16.278084
2013-04-04,16.491934
2013-04-05,16.405237
2013-04-08,16.604624
2013-04-09,16.763569
2013-04-10,17.13924
2013-04-11,17.058323
2013-04-12,16.988972
2013-04-15,16.575731
2013-04-16,16.916727
2013-04-17,16.350328
2013-04-18,16.21162
2013-04-19,16.332994
2013-04-22,16.509262
2013-04-23,16.850258
2013-04-24,17.066994
2013-04-25,17.234596
2013-04-26,17.066994
2013-04-29,17.277943
2013-04-30,17.410873
2013-05-01,17.275055
2013-05-02,17.503345
2013-05-03,17.63917
2013-05-06,17.777874
2013-05-07,17.792332
2013-05-08,17.983047
2013-05-09,18.115982
2013-05-10,18.274914
2013-05-13,18.098644
2013-05-14,18.182449
2013-05-15,18.358725
2013-05-16,18.228693
2013-05-17,18.462751
2013-05-20,18.428074
2013-05-21,18.425184
2013-05-22,18.133326
2013-05-23,18.136209
2013-05-24,18.130432
2013-05-28,18.295153
2013-05-29,18.364496
2013-05-30,18.647697
2013-05-31,18.402063
2013-06-03,18.468536
2013-06-04,18.552343
2013-06-05,18.26914
2013-06-06,18.243128
2013-06-07,18.514771
2013-06-10,18.62747
2013-06-11,18.208454
2013-06-12,17.997503
2013-06-13,18.364496
2013-06-14,18.289371
2013-06-17,18.55522
2013-06-18,18.861534
2013-06-19,18.639032
2013-06-20,18.049511
2013-06-21,18.127539
2013-06-24,17.740309
2013-06-25,18.173779
2013-06-26,18.266735
2013-06-27,18.330437
2013-06-28,18.394144
2013-07-01,18.370981
2013-07-02,18.397045
2013-07-03,18.481024
2013-07-05,18.721371
2013-07-08,18.347811
2013-07-09,18.544724
2013-07-10,18.735851
2013-07-11,19.144159
2013-07-12,19.248411
2013-07-15,19.248411
2013-07-16,19.32369
2013-07-17,19.329494
2013-07-18,19.167332
2013-07-19,19.118101
2013-07-22,19.080458
2013-07-23,19.025429
2013-07-24,18.66925
2013-07-25,18.764803
2013-07-26,18.617126
2013-07-29,18.498398
2013-07-30,18.721371
2013-07-31,18.814043
2013-08-01,19.141266
2013-08-02,19.037025
2013-08-05,18.996471
2013-08-06,18.880646
2013-08-07,18.675041
2013-08-08,18.683727
2013-08-09,18.588167
2013-08-12,18.657669
2013-08-13,18.877747
2013-08-14,18.591064
2013-08-15,18.171175
2013-08-16,18.234875
2013-08-19,18.104567
2013-08-20,18.231979
2013-08-21,18.092981
2013-08-22,18.292793
2013-08-23,18.292793
2013-08-26,18.258051
2013-08-27,17.809195
2013-08-28,18.040852
2013-08-29,18.22908
2013-08-30,18.072712
2013-09-03,18.223297
2013-09-04,18.683727
2013-09-05,18.825624
2013-09-06,18.73875
2013-09-09,18.987785
2013-09-10,19.358454
2013-09-11,19.306332
2013-09-12,19.178909
2013-09-13,19.268681
2013-09-16,19.332386
2013-09-17,19.465591
2013-09-18,19.639341
2013-09-19,19.581429
2013-09-20,19.474291
2013-09-23,19.393206
2013-09-24,19.515665
2013-09-25,19.536026
2013-09-26,19.524397
2013-09-27,19.367304
2013-09-30,19.387672
2013-10-01,19.573833
2013-10-02,19.538937
2013-10-03,19.489487
2013-10-04,19.637833
2013-10-07,19.538937
2013-10-08,19.227688
2013-10-09,19.157866
2013-10-10,19.585472
2013-10-11,19.623299
2013-10-14,19.777466
2013-10-15,19.600023
2013-10-16,19.786186
2013-10-17,19.931641
2013-10-18,19.986904
2013-10-21,20.036356
2013-10-22,19.989817
2013-10-23,19.329496
2013-10-24,19.50112
2013-10-25,19.562212
2013-10-28,19.696018
2013-10-29,20.013075
2013-10-30,19.902546
2013-10-31,20.033443
2013-11-01,19.946171
2013-11-04,19.931641
2013-11-05,19.885092
2013-11-06,19.925814
2013-11-07,19.573833
2013-11-08,19.786186
2013-11-11,19.786186
2013-11-12,19.90836
2013-11-13,20.06835
2013-11-14,19.983994
2013-11-15,20.111979
2013-11-18,19.931641
2013-11-19,19.701824
2013-11-20,19.597109
2013-11-21,19.951988
2013-11-22,19.978172
2013-11-25,19.951988
2013-11-26,20.12071
2013-11-27,20.175982
2013-11-29,20.207977
2013-12-02,20.158524
2013-12-03,20.228336
2013-12-04,20.135258
2013-12-05,20.175982
2013-12-06,20.411604
2013-12-09,20.458141
2013-12-10,20.402868
2013-12-11,20.225422
2013-12-12,20.059622
2013-12-13,20.018898
2013-12-16,20.266151
2013-12-17,20.4785
2013-12-18,20.586132
2013-12-19,20.501778
2013-12-20,20.68503
2013-12-23,20.839405
2013-12-24,20.886099
2013-12-26,20.967813
2013-12-27,20.985321
2013-12-30,21.020342
2013-12-31,21.218784
2014-01-02,20.926956
2014-01-03,20.865671
2014-01-06,20.763542
2014-01-07,20.90653
2014-01-08,21.218784
2014-01-09,21.061201
2014-01-10,21.157503
2014-01-13,20.918205
2014-01-14,21.367613
2014-01-15,21.557306
2014-01-16,21.446411
2014-01-17,21.329687
2014-01-21,21.446411
2014-01-22,21.67695
2014-01-23,21.461006
2014-01-24,20.961973
2014-01-27,20.816063
2014-01-28,20.900684
2014-01-29,20.821898
2014-01-30,21.084543
2014-01-31,20.988245
2014-02-03,20.518402
2014-02-04,20.553415
2014-02-05,20.579678
2014-02-06,20.90653
2014-02-07,21.236292
2014-02-10,21.344269
2014-02-11,21.624426
2014-02-12,21.81411
2014-02-13,22.062176
2014-02-14,22.205166
2014-02-18,22.263529
2014-02-19,22.243099
2014-02-20,22.394861
2014-02-21,22.29855
2014-02-24,22.386093
2014-02-25,22.266445
2014-02-26,22.418198
2014-02-27,22.415277
2014-02-28,22.397764
2014-03-03,22.257685
2014-03-04,22.651653
2014-03-05,22.695425
2014-03-06,22.853016
2014-03-07,22.826759
2014-03-10,22.788816
2014-03-11,22.663334
2014-03-12,22.844267
2014-03-13,22.473642
2014-03-14,22.345238
2014-03-17,22.622473
2014-03-18,22.94932
2014-03-19,22.928898
2014-03-20,23.352045
2014-03-21,23.147766
2014-03-24,23.054382
2014-03-25,23.226725
2014-03-26,22.963381
2014-03-27,22.793678
2014-03-28,22.942904
2014-03-31,23.31743
2014-04-01,23.689039
2014-04-02,23.653929
2014-04-03,23.689039
2014-04-04,23.018986
2014-04-07,22.81123
2014-04-08,23.109688
2014-04-09,23.352539
2014-04-10,22.629818
2014-04-11,22.27577
2014-04-14,22.454268
2014-04-15,22.600552
2014-04-16,22.562515
2014-04-17,22.98679
2014-04-21,23.19453
2014-04-22,23.402277
2014-04-23,23.381804
2014-04-24,23.513479
2014-04-25,22.743927
2014-04-28,22.615179
2014-04-29,22.770267
2014-04-30,22.884377
2014-05-01,22.81123
2014-05-02,22.890232
2014-05-05,22.910713
2014-05-06,22.822939
2014-05-07,22.831711
2014-05-08,22.989719
2014-05-09,22.916567
2014-05-12,23.33498
2014-05-13,23.150642
2014-05-14,22.957533
2014-05-15,22.688334
2014-05-16,22.939972
2014-05-19,23.171124
2014-05-20,23.059935
2014-05-21,23.171124
2014-05-22,23.276463
2014-05-23,23.498844
2014-05-27,23.788517
2014-05-28,23.823631
2014-05-29,23.867519
2014-05-30,23.896782
2014-06-02,24.028454
2014-06-03,24.253754
2014-06-04,24.362011
2014-06-05,24.481991
2014-06-06,24.62536
2014-06-09,24.648769
2014-06-10,24.72192
2014-06-11,24.850658
2014-06-12,24.765808
2014-06-13,25.008667
2014-06-16,25.157894
2014-06-17,25.342232
2014-06-18,25.236898
2014-06-19,25.272009
2014-06-20,25.348085
2014-06-23,25.254454
2014-06-24,25.049643
2014-06-25,25.155275
2014-06-26,25.043777
2014-06-27,25.076048
2014-06-30,25.351871
2014-07-01,25.698105
2014-07-02,25.765598
2014-07-03,25.926981
2014-07-07,25.753862
2014-07-08,25.615957
2014-07-09,25.771469
2014-07-10,25.654097
2014-07-11,25.651169
2014-07-14,25.777336
2014-07-15,25.701046
2014-07-16,26.000336
2014-07-17,25.32839
2014-07-18,25.659966
2014-07-21,25.736259
2014-07-22,25.903505
2014-07-23,25.310787
2014-07-24,25.076048
2014-07-25,24.580166
2014-07-28,24.556698
2014-07-29,24.512671
2014-07-30,24.750347
2014-07-31,24.248596
2014-08-01,24.327816
2014-08-04,24.433451
2014-08-05,24.175243
2014-08-06,24.254467
2014-08-07,23.92877
2014-08-08,24.225115
2014-08-11,24.445189
2014-08-12,24.427578
2014-08-13,24.659389
2014-08-14,24.706339
2014-08-15,24.967484
2014-08-18,25.064316
2014-08-19,25.243307
2014-08-20,25.454575
2014-08-21,25.551405
2014-08-22,25.569006
2014-08-25,25.478048
2014-08-26,25.48098
2014-08-27,25.527931
2014-08-28,25.610079
2014-08-29,25.803747
2014-09-02,25.686377
2014-09-03,25.756794
2014-09-04,25.830151
2014-09-05,26.044348
2014-09-08,26.10891
2014-09-09,25.868294
2014-09-10,25.859491
2014-09-11,25.926981
2014-09-12,25.604208
2014-09-15,25.290257
2014-09-16,25.730385
2014-09-17,25.915249
2014-09-18,26.311365
2014-09-19,25.982733
2014-09-22,25.668764
2014-09-23,25.586611
2014-09-24,25.907326
2014-09-25,25.433613
2014-09-26,25.733725
2014-09-29,25.766088
2014-09-30,25.554251
2014-10-01,24.930468
2014-10-02,24.777468
2014-10-03,24.933403
2014-10-06,24.71567
2014-10-07,24.244904
2014-10-08,24.792179
2014-10-09,24.121326
2014-10-10,22.458897
2014-10-13,21.982241
2014-10-14,22.379454
2014-10-15,22.485384
2014-10-16,22.832577
2014-10-17,23.000292
2014-10-20,23.365141
2014-10-21,24.227242
2014-10-22,23.880053
2014-10-23,24.2243
2014-10-24,24.465578
2014-10-27,24.580326
2014-10-28,24.930468
2014-10-29,24.980486
2014-10-30,24.677425
2014-10-31,25.642513
2014-11-03,25.819061
2014-11-04,25.724901
2014-11-05,25.983829
2014-11-06,25.760206
2014-11-07,25.527761
2014-11-10,25.716066
2014-11-11,25.666054
2014-11-12,25.6278
2014-11-13,25.630747
2014-11-14,25.854368
2014-11-17,25.736668
2014-11-18,26.23982
2014-11-19,26.060318
2014-11-20,26.29866
2014-11-21,26.587006
2014-11-24,26.842991
2014-11-25,26.848875
2014-11-26,27.416748
2014-11-28,27.493244
2014-12-01,27.146049
2014-12-02,27.316708
2014-12-03,27.890467
2014-12-04,27.914005
2014-12-05,28.193527
2014-12-08,27.796305
2014-12-09,27.793367
2014-12-10,27.263748
2014-12-11,27.393209
2014-12-12,26.940086
2014-12-15,26.689987
2014-12-16,26.50757
2014-12-17,27.078373
2014-12-18,27.593283
2014-12-19,27.596235
2014-12-22,27.934599
2014-12-23,27.872812
2014-12-24,27.914637
2014-12-26,27.950226
2014-12-29,27.870144
2014-12-30,27.695135
2014-12-31,27.552759
2015-01-02,27.529036
2015-01-05,27.009954
2015-01-06,26.407822
2015-01-07,26.66884
2015-01-08,27.460808
2015-01-09,27.475643
2015-01-12,26.947668
2015-01-13,26.68368
2015-01-14,26.532402
2015-01-15,26.321793
2015-01-16,26.609526
2015-01-20,26.885374
2015-01-21,27.190887
2015-01-22,27.354025
2015-01-23,27.282841
2015-01-26,27.333265
2015-01-27,26.846811
2015-01-28,26.719267
2015-01-29,26.737066
2015-01-30,26.212046
2015-02-02,26.280277
2015-02-03,26.745962
2015-02-04,26.846811
2015-02-05,27.107836
2015-02-06,26.959534
2015-02-09,26.674774
2015-02-10,27.576498
2015-02-11,27.665478
2015-02-12,28.107431
2015-02-13,28.306171
2015-02-17,28.395153
2015-02-18,28.320999
2015-02-19,28.398121
2015-02-20,28.567192
2015-02-23,28.389221
2015-02-24,28.76889
2015-02-25,28.62059
2015-02-26,28.816343
2015-02-27,28.730333
2015-03-02,29.519335
2015-03-03,28.973557
2015-03-04,28.934998
2015-03-05,28.952791
2015-03-06,28.653214
2015-03-09,28.742191
2015-03-10,28.211254
2015-03-11,28.273539
2015-03-12,28.264645
2015-03-13,28.454485
2015-03-16,28.887539
2015-03-17,28.676937
2015-03-18,28.890511
2015-03-19,28.95575
2015-03-20,29.365093
2015-03-23,29.121861
2015-03-24,28.872704
2015-03-25,27.531096
2015-03-26,27.153389
2015-03-27,27.923681
2015-03-30,28.280567
2015-03-31,27.962339
2015-04-01,27.780926
2015-04-02,27.718468
2015-04-06,27.840401
2015-04-07,27.852293
2015-04-08,28.015873
2015-04-09,28.381687
2015-04-10,28.497681
2015-04-13,28.328154
2015-04-14,28.039665
2015-04-15,28.506603
2015-04-16,28.384659
2015-04-17,27.980192
2015-04-20,28.218111
2015-04-21,28.411423
2015-04-22,28.81292
2015-04-23,28.36681
2015-04-24,27.899889
2015-04-27,27.971266
2015-04-28,27.998028
2015-04-29,27.843376
2015-04-30,27.60248
2015-05-01,28.369791
2015-05-04,28.313278
2015-05-05,27.697647
2015-05-06,27.66493
2015-05-07,27.968288
2015-05-08,28.247852
2015-05-11,28.265697
2015-05-12,28.009928
2015-05-13,28.182419
2015-05-14,28.518496
2015-05-15,28.566078
2015-05-18,28.84564
2015-05-19,28.741549
2015-05-20,28.804007
2015-05-21,28.949732
2015-05-22,29.009218
2015-05-26,28.78616
2015-05-27,29.9163
2015-05-28,29.946045
2015-05-29,30.059065
2015-06-01,30.076921
2015-06-02,29.740839
2015-06-03,29.538601
2015-06-04,29.270933
2015-06-05,29.273912
2015-06-08,28.723707
2015-06-09,28.705868
2015-06-10,29.062757
2015-06-11,29.053833
2015-06-12,28.792114
2015-06-15,28.73263
2015-06-16,28.81292
2015-06-17,28.836716
2015-06-18,29.244171
2015-06-19,29.098429
2015-06-22,29.345285
2015-06-23,29.199553
2015-06-24,28.890942
2015-06-25,28.870071
2015-06-26,28.151447
2015-06-29,27.361261
2015-06-30,27.45966
2015-07-01,27.525257
2015-07-02,27.653481
2015-07-06,27.250937
2015-07-07,27.164457
2015-07-08,26.430931
2015-07-09,26.093983
2015-07-10,26.577036
2015-07-13,26.800678
2015-07-14,27.080973
2015-07-15,26.919945
2015-07-16,26.970638
2015-07-17,26.91399
2015-07-20,26.72912
2015-07-21,26.735075
2015-07-22,26.070129
2015-07-23,26.457766
2015-07-24,25.926998
2015-07-27,25.736164
2015-07-28,26.27289
2015-07-29,26.305683
2015-07-30,26.410048
2015-07-31,26.102932
2015-08-03,26.019438
2015-08-04,25.730206
2015-08-05,26.05522
2015-08-06,25.590054
2015-08-07,25.736164
2015-08-10,26.374275
2015-08-11,25.78089
2015-08-12,25.929991
2015-08-13,25.721256
2015-08-14,25.509539
2015-08-17,25.727217
2015-08-18,25.241179
2015-08-19,25.014563
2015-08-20,24.075291
2015-08-21,23.416302
2015-08-24,22.891502
2015-08-25,22.664873
2015-08-26,23.794994
2015-08-27,24.680593
2015-08-28,24.823729
2015-08-31,24.755138
2015-09-01,23.881468
2015-09-02,24.450993
2015-09-03,24.641838
2015-09-04,24.215431
2015-09-08,25.288889
2015-09-09,24.823729
2015-09-10,24.93405
2015-09-11,24.948967
2015-09-14,25.005617
2015-09-15,25.324671
2015-09-16,25.378342
2015-09-17,25.175583
2015-09-18,24.737247
2015-09-21,24.662706
2015-09-22,24.120012
2015-09-23,23.941101
2015-09-24,23.893393
2015-09-25,24.024734
2015-09-28,23.359049
2015-09-29,23.514973
2015-09-30,24.426544
2015-10-01,24.135679
2015-10-02,24.639441
2015-10-05,25.119223
2015-10-06,25.200182
2015-10-07,25.533026
2015-10-08,25.700947
2015-10-09,25.542025
2015-10-12,25.542025
2015-10-13,25.227171
2015-10-14,26.144739
2015-10-15,26.390627
2015-10-16,26.450596
2015-10-19,26.441591
2015-10-20,26.417606
2015-10-21,26.456593
2015-10-22,27.374166
2015-10-23,27.707012
2015-10-26,27.209246
2015-10-27,26.972349
2015-10-28,27.371159
2015-10-29,26.636511
2015-10-30,26.849407
2015-11-02,27.086294
2015-11-03,27.227226
2015-11-04,27.305197
2015-11-05,26.732464
2015-11-06,27.44013
2015-11-09,27.173262
2015-11-10,26.678488
2015-11-11,26.699469
2015-11-12,26.354635
2015-11-13,26.117746
2015-11-16,26.438595
2015-11-17,26.615513
2015-11-18,26.8794
2015-11-19,26.942371
2015-11-20,27.029324
2015-11-23,26.705471
2015-11-24,27.020336
2015-11-25,27.059309
2015-11-27,27.176252
2015-11-30,27.470114
2015-12-01,27.89592
2015-12-02,27.763975
2015-12-03,27.59606
2015-12-04,28.072838
2015-12-07,27.844942
2015-12-08,27.608053
2015-12-09,27.248222
2015-12-10,27.38015
2015-12-11,26.867397
2015-12-14,26.69347
2015-12-15,27.095299
2015-12-16,27.299192
2015-12-17,26.924376
2015-12-18,26.612528
2015-12-21,27.068306
2015-12-22,27.110289
2015-12-23,27.299192
2015-12-24,27.408276
2015-12-28,27.3001
2015-12-29,27.618628
2015-12-30,27.369211
2015-12-31,26.996592
2016-01-04,26.684092
2016-01-05,26.43166
2016-01-06,25.518158
2016-01-07,24.802971
2016-01-08,24.445381
2016-01-11,24.529526
2016-01-12,24.733858
2016-01-13,23.946564
2016-01-14,24.439367
2016-01-15,23.336554
2016-01-19,23.375616
2016-01-20,23.528864
2016-01-21,23.877445
2016-01-22,24.313166
2016-01-25,23.976608
2016-01-26,24.198971
2016-01-27,23.922527
2016-01-28,23.868433
2016-01-29,24.950211
2016-02-01,25.061398
2016-02-02,24.235041
2016-02-03,24.292128
2016-02-04,24.71282
2016-02-05,23.865427
2016-02-08,23.264427
2016-02-09,23.132215
2016-02-10,22.951916
2016-02-11,22.774628
2016-02-12,23.273445
2016-02-16,24.090801
2016-02-17,24.664745
2016-02-18,24.547544
2016-02-19,24.655735
2016-02-22,25.043367
2016-02-23,24.649723
2016-02-24,24.977261
2016-02-25,25.28076
2016-02-26,25.443029
2016-02-29,25.382935
2016-03-01,26.068068
2016-03-02,26.230335
2016-03-03,26.260382
2016-03-04,26.530828
2016-03-07,26.651031
2016-03-08,26.047031
2016-03-09,26.230335
2016-03-10,26.362553
2016-03-11,26.86438
2016-03-14,26.801273
2016-03-15,26.732161
2016-03-16,26.972559
2016-03-17,27.158865
2016-03-18,27.516455
2016-03-21,27.552513
2016-03-22,27.546505
2016-03-23,27.186632
2016-03-24,27.168547
2016-03-28,27.153481
2016-03-29,27.527218
2016-03-30,27.768335
2016-03-31,27.614622
2016-04-01,27.804512
2016-04-04,27.557362
2016-04-05,27.403639
2016-04-06,27.665861
2016-04-07,27.243893
2016-04-08,27.370487
2016-04-11,27.36446
2016-04-12,27.325275
2016-04-13,27.937126
2016-04-14,27.723129
2016-04-15,27.485016
2016-04-18,27.488031
2016-04-19,27.153481
2016-04-20,27.412685
2016-04-21,27.249926
2016-04-22,27.298147
2016-04-25,27.135393
2016-04-26,27.497076
2016-04-27,27.777382
2016-04-28,27.050999
2016-04-29,26.336672
2016-05-02,26.535597
2016-05-03,26.234194
2016-05-04,25.935801
2016-05-05,25.999098
2016-05-06,26.035265
2016-05-09,26.002106
2016-05-10,26.309544
2016-05-11,26.246246
2016-05-12,25.776052
2016-05-13,25.86949
2016-05-16,26.285433
2016-05-17,26.11363
2016-05-18,26.520529
2016-05-19,26.372843
2016-05-20,27.171564
2016-05-23,27.361443
2016-05-24,28.021523
2016-05-25,28.187286
2016-05-26,28.280729
2016-05-27,28.458557
2016-05-31,28.624329
2016-06-01,28.77503
2016-06-02,28.781055
2016-06-03,28.865448
2016-06-06,28.799143
2016-06-07,29.073414
2016-06-08,29.061356
2016-06-09,29.094513
2016-06-10,28.618294
2016-06-13,28.470608
2016-06-14,28.461569
2016-06-15,28.458557
2016-06-16,28.455545
2016-06-17,28.21442
2016-06-20,28.527874
2016-06-21,28.61828
2016-06-22,28.591068
2016-06-23,29.30464
2016-06-24,27.714226
2016-06-27,26.58946
2016-06-28,27.28488
2016-06-29,27.835175
2016-06-30,28.312897
2016-07-01,28.080084
2016-07-05,27.566076
2016-07-06,27.60236
2016-07-07,27.937975
2016-07-08,28.715036
2016-07-11,29.038565
2016-07-12,29.416517
2016-07-13,29.452795
2016-07-14,29.667471
2016-07-15,29.658396
2016-07-18,30.093792
2016-07-19,29.991001
2016-07-20,30.4657
2016-07-21,30.25103
2016-07-22,30.402195
2016-07-25,30.57757
2016-07-26,31.762815
2016-07-27,31.759792
2016-07-28,31.584425
2016-07-29,31.445343
2016-08-01,31.46953
2016-08-02,30.985756
2016-08-03,31.025063
2016-08-04,31.315331
2016-08-05,31.714437
2016-08-08,31.678167
2016-08-09,31.935173
2016-08-10,31.717466
2016-08-11,31.838408
2016-08-12,31.986561
2016-08-15,32.421951
2016-08-16,32.195187
2016-08-17,32.189148
2016-08-18,32.421951
2016-08-19,32.700127
2016-08-22,32.715252
2016-08-23,32.875504
2016-08-24,32.603382
2016-08-25,32.736416
2016-08-26,32.881538
2016-08-29,33.011559
2016-08-30,32.948063
2016-08-31,32.926899
2016-09-01,33.186928
2016-09-02,33.153667
2016-09-06,33.078091
2016-09-07,32.827122
2016-09-08,32.769676
2016-09-09,31.605589
2016-09-12,32.195187
2016-09-13,31.910975
2016-09-14,32.192165
2016-09-15,32.935978
2016-09-16,32.945042
2016-09-19,32.984337
2016-09-20,32.836182
2016-09-21,33.28973
2016-09-22,33.398579
2016-09-23,33.056915
2016-09-26,32.731121
2016-09-27,33.295872
2016-09-28,33.362675
2016-09-29,33.772575
2016-09-30,34.306953
2016-10-03,34.076187
2016-10-04,33.988144
2016-10-05,34.23711
2016-10-06,34.437504
2016-10-07,34.385891
2016-10-10,34.212826
2016-10-11,33.496273
2016-10-12,33.38393
2016-10-13,32.989204
2016-10-14,33.238182
2016-10-17,33.065117
2016-10-18,33.447689
2016-10-19,33.308014
2016-10-20,33.541809
2016-10-21,33.456799
2016-10-24,34.070118
2016-10-25,34.039761
2016-10-26,33.991169
2016-10-27,33.83329
2016-10-28,33.629864
2016-10-31,33.812042
2016-11-01,33.511448
2016-11-02,33.289799
2016-11-03,33.232105
2016-11-04,33.022606
2016-11-07,33.951717
2016-11-08,34.021538
2016-11-09,33.860622
2016-11-10,33.128872
2016-11-11,34.398045
2016-11-14,34.218899
2016-11-15,34.859554
2016-11-16,35.26033
2016-11-17,35.63987
2016-11-18,35.897968
2016-11-21,36.137829
2016-11-22,36.523441
2016-11-23,36.568989
2016-11-25,36.632748
2016-11-28,36.523441
2016-11-29,36.456635
2016-11-30,36.247135
2016-12-01,34.476982
2016-12-02,34.902061
2016-12-05,35.327152
2016-12-06,35.815983
2016-12-07,36.553802
2016-12-08,36.872601
2016-12-09,36.748119
2016-12-12,36.459679
2016-12-13,36.884743
2016-12-14,36.851357
2016-12-15,37.479866
2016-12-16,37.10033
2016-12-19,37.46772
2016-12-20,37.826015
2016-12-21,37.826
2016-12-22,38.008598
2016-12-23,38.203377
2016-12-27,38.675095
2016-12-28,37.941647
2016-12-29,37.935562
2016-12-30,37.348198
2017-01-03,37.348198
2017-01-04,37.451679
2017-01-05,37.132118
2017-01-06,37.427319
2017-01-09,37.822948
2017-01-10,38.005558
2017-01-11,38.136417
2017-01-12,37.816875
2017-01-13,38.063385
2017-01-17,37.451679
2017-01-18,37.962948
2017-01-19,37.792526
2017-01-20,38.279461
2017-01-23,38.04512
2017-01-24,38.78162
2017-01-25,39.356827
2017-01-26,39.134659
2017-01-27,39.621578
2017-01-30,39.423767
2017-01-31,38.912479
2017-02-01,39.530281
2017-02-02,39.512016
2017-02-03,39.715931
2017-02-06,39.855915
2017-02-07,40.002007
2017-02-08,40.078098
2017-02-09,39.728111
2017-02-10,39.703751
2017-02-13,39.785938
2017-02-14,39.676357
2017-02-15,39.983757
2017-02-16,40.047661
2017-02-17,40.25462
2017-02-21,40.823723
2017-02-22,40.832851
2017-02-23,40.169384
2017-02-24,40.14201
2017-02-27,40.525467
2017-02-28,40.008087
2017-03-01,40.631989
2017-03-02,40.215046
2017-03-03,40.193745
2017-03-06,40.215046
2017-03-07,40.303299
2017-03-08,40.397648
2017-03-09,40.476772
2017-03-10,40.939365
2017-03-13,41.24675
2017-03-14,41.125015
2017-03-15,41.450657
2017-03-16,41.408051
2017-03-17,41.493263
2017-03-20,41.800632
2017-03-21,40.820667
2017-03-22,41.252827
2017-03-23,41.161522
2017-03-24,41.461475
2017-03-27,41.522499
2017-03-28,41.653717
2017-03-29,41.553009
2017-03-30,41.766605
2017-03-31,41.769661
2017-04-03,41.504204
2017-04-04,41.296707
2017-04-05,41.009884
2017-04-06,41.073959
2017-04-07,41.250935
2017-04-10,40.933601
2017-04-11,40.60405
2017-04-12,39.905293
2017-04-13,39.639832
2017-04-17,40.134144
2017-04-18,40.320274
2017-04-19,40.530811
2017-04-20,41.1716
2017-04-21,40.997673
2017-04-24,41.586586
2017-04-25,42.010708
2017-04-26,41.665909
2017-04-27,42.251766
2017-04-28,41.531666
2017-05-01,41.943577
2017-05-02,41.501137
2017-05-03,41.644562
2017-05-04,41.614044
2017-05-05,41.778831
2017-05-08,41.614044
2017-05-09,42.02597
2017-05-10,42.916965
2017-05-11,43.072578
2017-05-12,43.194626
2017-05-15,43.862865
2017-05-16,44.491451
2017-05-17,42.572151
2017-05-18,43.365505
2017-05-19,43.844555
2017-05-22,44.323624
2017-05-23,44.146641
2017-05-24,44.433483
2017-05-25,44.659264
2017-05-26,44.863705
2017-05-30,45.162735
2017-05-31,45.156643
2017-06-01,45.202408
2017-06-02,45.663166
2017-06-05,45.77301
2017-06-06,45.92252
2017-06-07,46.264271
2017-06-08,47.109489
2017-06-09,45.129177
2017-06-12,44.869808
2017-06-13,45.174942
2017-06-14,44.701992
2017-06-15,44.34803
2017-06-16,44.171055
2017-06-19,45.010178
2017-06-20,44.503643
2017-06-21,45.019325
2017-06-22,44.915573
2017-06-23,45.049847
2017-06-26,44.662319
2017-06-27,43.469376
2017-06-28,44.221844
2017-06-29,43.120659
2017-06-30,42.885128
2017-07-03,42.29784
2017-07-05,43.163475
2017-07-06,42.973846
2017-07-07,43.69878
2017-07-10,44.203499
2017-07-11,44.57056
2017-07-12,45.283272
2017-07-13,45.142544
2017-07-14,45.748234
2017-07-17,45.561623
2017-07-18,45.702328
2017-07-19,46.124458
2017-07-20,46.259041
2017-07-21,45.864449
2017-07-24,45.726795
2017-07-25,45.687038
2017-07-26,46.18869
2017-07-27,45.485146
2017-07-28,45.310802
2017-07-31,44.95903
2017-08-01,45.237392
2017-08-02,44.910091
2017-08-03,44.741856
2017-08-04,44.760208
2017-08-07,45.531033
2017-08-08,45.399517
2017-08-09,45.246559
2017-08-10,43.983257
2017-08-11,44.231018
2017-08-14,45.356682
2017-08-15,45.469852
2017-08-16,45.54327
2017-08-17,44.393143
2017-08-18,44.460445
2017-08-21,44.130085
2017-08-22,44.858089
2017-08-23,45.047752
2017-08-24,45.053871
2017-08-25,44.836678
2017-08-28,44.971275
2017-08-29,45.04163
2017-08-30,45.812454
2017-08-31,46.265156
2017-09-01,46.467041
2017-09-05,45.830807
2017-09-06,45.904213
2017-09-07,45.983749
2017-09-08,45.442337
2017-09-11,46.307983
2017-09-12,46.515984
2017-09-13,46.607754
2017-09-14,46.79129
2017-09-15,47.608006
2017-09-18,48.232002
2017-09-19,48.384956
2017-09-20,47.718128
2017-09-21,47.513176
2017-09-22,47.754826
2017-09-25,46.834103
2017-09-26,46.760147
2017-09-27,47.892559
2017-09-28,48.245472
2017-09-29,48.662834
2017-10-02,48.988148
2017-10-03,49.123173
2017-10-04,49.236713
2017-10-05,49.279678
2017-10-06,49.473019
2017-10-09,49.850483
2017-10-10,50.129745
2017-10-11,50.473465
2017-10-12,50.313889
2017-10-13,50.636112
2017-10-16,50.875477
2017-10-17,50.832516
2017-10-18,51.004368
2017-10-19,50.875477
2017-10-20,51.13633
2017-10-23,51.38797
2017-10-24,51.747032
2017-10-25,51.068813
2017-10-26,51.36956
2017-10-27,52.443653
2017-10-30,52.584831
2017-10-31,53.005276
2017-11-01,52.811939
2017-11-02,53.072792
2017-11-03,54.011856
2017-11-06,54.776005
2017-11-07,54.726898
2017-11-08,54.901821
2017-11-09,53.803173
2017-11-10,54.159161
2017-11-13,54.315666
2017-11-14,54.266567
2017-11-15,53.778625
2017-11-16,54.57959
2017-11-17,54.340225
2017-11-20,54.987751
2017-11-21,55.616863
2017-11-22,55.279278
2017-11-24,55.776459
2017-11-27,55.076744
2017-11-28,55.101299
2017-11-29,52.67384
2017-11-30,52.956169
2017-12-01,52.382298
2017-12-04,51.124054
2017-12-05,51.16396
2017-12-06,51.329678
2017-12-07,51.829891
2017-12-08,51.562916
2017-12-11,51.872868
2017-12-12,51.366505
2017-12-13,51.357281
2017-12-14,51.305119
2017-12-15,52.109154
2017-12-18,53.226223
2017-12-19,53.169971
2017-12-20,53.557354
2017-12-21,52.991646
2017-12-22,52.960892
2017-12-26,52.432095
2017-12-27,52.601185
2017-12-28,52.748753
2017-12-29,52.207661
2018-01-02,53.624985
2018-01-03,54.562695
2018-01-04,54.87014
2018-01-05,55.18375
2018-01-08,55.617241
2018-01-09,55.069996
2018-01-10,54.408981
2018-01-11,54.734867
2018-01-12,55.030018
2018-01-16,55.211403
2018-01-17,56.813213
2018-01-18,57.068398
2018-01-19,57.126804
2018-01-22,57.551086
2018-01-23,58.01226
2018-01-24,56.684101
2018-01-25,55.700253
2018-01-26,57.480373
2018-01-29,57.397369
2018-01-30,56.256733
2018-01-31,56.714832
2018-02-01,56.435051
2018-02-02,54.916271
2018-02-05,52.330627
2018-02-06,54.224499
2018-02-07,53.062355
2018-02-08,50.833355
2018-02-09,52.296818
2018-02-12,53.30217
2018-02-13,53.240681
2018-02-14,54.488911
2018-02-15,55.13763
2018-02-16,54.940861
2018-02-20,55.912384
2018-02-21,55.269829
2018-02-22,55.146839
2018-02-23,56.327438
2018-02-26,57.541866
2018-02-27,57.351246
2018-02-28,56.840885
2018-03-01,55.943146
2018-03-02,56.893166
2018-03-05,57.403519
2018-03-06,58.267445
2018-03-07,58.454987
2018-03-08,58.507252
2018-03-09,59.721661
2018-03-12,60.355015
2018-03-13,59.423439
2018-03-14,59.417282
2018-03-15,59.371181
2018-03-16,59.346584
2018-03-19,58.215183
2018-03-20,58.642532
2018-03-21,58.753212
2018-03-22,57.205254
2018-03-23,55.301483
2018-03-26,57.608788
2018-03-27,55.489391
2018-03-28,54.287991
2018-03-29,55.464756
2018-04-02,53.34536
2018-04-03,54.355778
2018-04-04,55.055046
2018-04-05,54.49131
2018-04-06,52.843227
2018-04-09,53.17593
2018-04-10,54.876366
2018-04-11,54.897942
2018-04-12,55.933002
2018-04-13,55.520199
2018-04-16,55.618782
2018-04-17,56.672321
2018-04-18,56.114738
2018-04-19,53.687286
2018-04-20,53.052708
2018-04-23,52.347263
2018-04-24,51.92524
2018-04-25,51.86055
2018-04-26,52.920246
2018-04-27,52.550575
2018-04-30,51.974525
2018-05-01,52.827839
2018-05-02,52.593712
2018-05-03,52.907921
2018-05-04,54.149368
2018-05-07,54.673061
2018-05-08,54.996513
2018-05-09,55.834431
2018-05-10,56.850986
2018-05-11,56.43512
2018-05-14,57.125145
2018-05-15,56.505959
2018-05-16,57.232983
2018-05-17,57.06662
2018-05-18,56.25029
2018-05-21,56.81403
2018-05-22,57.131302
2018-05-23,57.439373
2018-05-24,57.670403
2018-05-25,58.135559
2018-05-29,57.784389
2018-05-30,58.16021
2018-05-31,57.738171
2018-06-01,59.053566
2018-06-04,59.521801
2018-06-05,59.805195
2018-06-06,60.184113
2018-06-07,59.648102
2018-06-08,59.115162
2018-06-11,59.001179
2018-06-12,59.306164
2018-06-13,59.216824
2018-06-14,59.571075
2018-06-15,59.518726
2018-06-18,58.945747
2018-06-19,58.298836
2018-06-20,58.579159
2018-06-21,57.852154
2018-06-22,57.39315
2018-06-25,55.70504
2018-06-26,55.902855
2018-06-27,54.567509
2018-06-28,54.981716
2018-06-29,55.096085
2018-07-02,55.442295
2018-07-03,54.43148
2018-07-05,55.887417
2018-07-06,56.573639
2018-07-09,56.935299
2018-07-10,57.538063
2018-07-11,56.060516
2018-07-12,56.437641
2018-07-13,56.233601
2018-07-16,56.156326
2018-07-17,56.963123
2018-07-18,57.402069
2018-07-19,57.275333
2018-07-20,57.00639
2018-07-23,57.083675
2018-07-24,56.462353
2018-07-25,56.675648
2018-07-26,57.782272
2018-07-27,57.525703
2018-07-30,56.963123
2018-07-31,57.340233
2018-08-01,57.256767
2018-08-02,57.819359
2018-08-03,57.939915
2018-08-06,58.289211
2018-08-07,58.752872
2018-08-08,58.888885
2018-08-09,58.307758
2018-08-10,56.861111
2018-08-13,56.944565
2018-08-14,56.830193
2018-08-15,56.041965
2018-08-16,55.970871
2018-08-17,55.553566
2018-08-20,55.504116
2018-08-21,56.58601
2018-08-22,56.85183
2018-08-23,56.916756
2018-08-24,57.742077
2018-08-27,58.660149
2018-08-28,58.885788
2018-08-29,59.040352
2018-08-30,58.511776
2018-08-31,58.830154
2018-09-04,59.303093
2018-09-05,59.015621
2018-09-06,57.451515
2018-09-07,57.213509
2018-09-10,57.819359
2018-09-11,57.259861
2018-09-12,56.598373
2018-09-13,57.244404
2018-09-14,57.887356
2018-09-17,57.080585
2018-09-18,57.572075
2018-09-19,57.661713
2018-09-20,58.36031
2018-09-21,58.20266
2018-09-24,58.40358
2018-09-25,57.473156
2018-09-26,56.879219
2018-09-27,57.093433
2018-09-28,57.453598
2018-10-01,57.652294
2018-10-02,57.652294
2018-10-03,57.705082
2018-10-04,56.683609
2018-10-05,55.342358
2018-10-08,54.724506
2018-10-09,54.662415
2018-10-10,52.250023
2018-10-11,51.72842
2018-10-12,52.669163
2018-10-15,52.237595
2018-10-16,53.939003
2018-10-17,53.724773
2018-10-18,52.380417
2018-10-19,51.594906
2018-10-22,51.911587
2018-10-23,51.641479
2018-10-24,48.254185
2018-10-25,49.331539
2018-10-26,48.474613
2018-10-29,47.968552
2018-10-30,49.961811
2018-10-31,50.595173
2018-11-01,52.970314
2018-11-02,52.172394
2018-11-05,51.69738
2018-11-06,52.299694
2018-11-07,52.892708
2018-11-08,52.749874
2018-11-09,51.743935
2018-11-12,49.433998
2018-11-13,50.113945
2018-11-14,50.334377
2018-11-15,52.035778
2018-11-16,51.408627
2018-11-19,49.443302
2018-11-20,49.505417
2018-11-21,49.71032
2018-11-23,49.738258
2018-11-26,50.638653
2018-11-27,50.713165
2018-11-28,51.899178
2018-11-29,51.520401
2018-11-30,52.237595
2018-12-03,53.609909
2018-12-04,51.045372
2018-12-06,50.784576
2018-12-07,48.890675
2018-12-10,49.517826
2018-12-11,49.834522
2018-12-12,50.542389
2018-12-13,50.436832
2018-12-14,49.722736
2018-12-17,49.078377
2018-12-18,49.725544
2018-12-19,47.609818
2018-12-20,47.280033
2018-12-21,46.477291
2018-12-24,45.114525
2018-12-26,47.821396
2018-12-27,48.135632
2018-12-28,48.480991
2018-12-31,48.820129
2019-01-02,49.134388
2019-01-03,46.268848
2019-01-04,48.356548
2019-01-07,49.249493
2019-01-08,49.034817
2019-01-09,50.294918
2019-01-10,50.739834
2019-01-11,51.284309
2019-01-14,50.450481
2019-01-15,50.596722
2019-01-16,50.133129
2019-01-17,50.596722
2019-01-18,51.912804
2019-01-22,50.41938
2019-01-23,50.064674
2019-01-24,52.973785
2019-01-25,54.072086
2019-01-28,53.004898
2019-01-29,52.239506
2019-01-30,53.754719
2019-01-31,53.729843
2019-02-01,54.37389
2019-02-04,54.64769
2019-02-05,54.896591
2019-02-06,56.374481
2019-02-07,55.151722
2019-02-08,55.055283
2019-02-11,55.325966
2019-02-12,56.495838
2019-02-13,56.676285
2019-02-14,56.828739
2019-02-15,57.121197
2019-02-19,57.043427
2019-02-20,57.528801
2019-02-21,57.102547
2019-02-22,57.715477
2019-02-25,58.191513
2019-02-26,57.827484
2019-02-27,57.133656
2019-02-28,57.16787
2019-03-01,57.675034
2019-03-04,57.681255
2019-03-05,57.460346
2019-03-06,56.511379
2019-03-07,55.901554
2019-03-08,55.851776
2019-03-11,57.152317
2019-03-12,57.367001
2019-03-13,57.597244
2019-03-14,57.282997
2019-03-15,58.944458
2019-03-18,58.854233
2019-03-19,59.616497
2019-03-20,59.058064
2019-03-21,61.098404
2019-03-22,59.376286
2019-03-25,58.63377
2019-03-26,59.195339
2019-03-27,58.365463
2019-03-28,58.268753
2019-03-29,59.132946
2019-04-01,60.608604
2019-04-02,60.699089
2019-04-03,62.040623
2019-04-04,62.174759
2019-04-05,62.624023
2019-04-08,62.770618
2019-04-09,62.11861
2019-04-10,62.599049
2019-04-11,62.546001
2019-04-12,63.413319
2019-04-15,62.942223
2019-04-16,64.957634
2019-04-17,66.033981
2019-04-18,66.043327
2019-04-22,65.993393
2019-04-23,66.673531
2019-04-24,67.29126
2019-04-25,66.108856
2019-04-26,65.562889
2019-04-29,65.484886
2019-04-30,66.002777
2019-05-01,65.47551
2019-05-02,66.105705
2019-05-03,66.623611
2019-05-06,65.537903
2019-05-07,63.924961
2019-05-08,63.379002
2019-05-09,62.680157
2019-05-10,62.770618
2019-05-13,59.834892
2019-05-14,61.213848
2019-05-15,61.684937
2019-05-16,60.711559
2019-05-17,59.529156
2019-05-20,57.154984
2019-05-21,58.324902
2019-05-22,57.092575
2019-05-23,56.203438
2019-05-24,55.713638
2019-05-28,55.236279
2019-05-29,55.435959
2019-05-30,55.903942
2019-05-31,55.07093
2019-06-03,55.201981
2019-06-04,57.616707
2019-06-05,57.201771
2019-06-06,57.994202
2019-06-07,58.649364
2019-06-10,60.078247
2019-06-11,60.31847
2019-06-12,58.917671
2019-06-13,59.201576
2019-06-14,57.7103
2019-06-17,57.283321
2019-06-18,59.761238
2019-06-19,59.880283
2019-06-20,60.384636
2019-06-21,60.040039
2019-06-24,60.102695
2019-06-25,59.272545
2019-06-26,61.1866
2019-06-27,62.076241
2019-06-28,62.154575
2019-07-01,63.72089
2019-07-02,62.92519
2019-07-03,62.636993
2019-07-05,62.279861
2019-07-08,61.797451
2019-07-09,62.182755
2019-07-10,62.68399
2019-07-11,62.859417
2019-07-12,64.002853
2019-07-15,64.563545
2019-07-16,63.877537
2019-07-17,64.068619
2019-07-18,64.99588
2019-07-19,64.920692
2019-07-22,66.161201
2019-07-23,67.010132
2019-07-24,69.052628
2019-07-25,67.89357
2019-07-26,67.874748
2019-07-29,68.059608
2019-07-30,67.90609
2019-07-31,65.653694
2019-08-01,64.356804
2019-08-02,63.407619
2019-08-05,60.669697
2019-08-06,61.443462
2019-08-07,61.831913
2019-08-08,63.54546
2019-08-09,62.436497
2019-08-12,61.618896
2019-08-13,63.438957
2019-08-14,61.487316
2019-08-15,61.374554
2019-08-16,63.009785
2019-08-19,64.168846
2019-08-20,63.930782
2019-08-21,64.453918
2019-08-22,64.453918
2019-08-23,61.653362
2019-08-26,62.176506
2019-08-27,61.944668
2019-08-28,62.336262
2019-08-29,63.833649
2019-08-30,64.134392
2019-09-03,63.07869
2019-09-04,64.773453
2019-09-05,66.765808
2019-09-06,66.944374
2019-09-09,67.188698
2019-09-10,67.489441
2019-09-11,68.501297
2019-09-12,68.654793
2019-09-13,68.516975
2019-09-16,68.075233
2019-09-17,68.225601
2019-09-18,68.350922
2019-09-19,67.902939
2019-09-20,66.653023
2019-09-23,67.439323
2019-09-24,66.325394
2019-09-25,67.436195
2019-09-26,67.521156
2019-09-27,65.941513
2019-09-30,66.523659
2019-10-01,65.900635
2019-10-02,64.937729
2019-10-03,66.079964
2019-10-04,67.178123
2019-10-07,66.784813
2019-10-08,64.717476
2019-10-09,65.774734
2019-10-10,66.416649
2019-10-11,67.983704
2019-10-14,67.974236
2019-10-15,69.468903
2019-10-16,68.484001
2019-10-17,68.600433
2019-10-18,67.873566
2019-10-21,69.210884
2019-10-22,68.606728
2019-10-23,67.285141
2019-10-24,68.94973
2019-10-25,70.3909
2019-10-28,71.671608
2019-10-29,70.928978
2019-10-30,70.954132
2019-10-31,70.595436
2019-11-01,72.21595
2019-11-04,73.823906
2019-11-05,73.864822
2019-11-06,73.370796
2019-11-07,73.814445
2019-11-08,74.185768
2019-11-11,73.880539
2019-11-12,74.031601
2019-11-13,74.110245
2019-11-14,73.864822
2019-11-15,74.541336
2019-11-18,74.371429
2019-11-19,74.000122
2019-11-20,73.128494
2019-11-21,72.348114
2019-11-22,72.272598
2019-11-25,74.006409
2019-11-26,73.729515
2019-11-27,74.261284
2019-11-29,73.465195
2019-12-02,72.335518
2019-12-03,71.21534
2019-12-04,72.341827
2019-12-05,72.703697
2019-12-06,73.754677
2019-12-09,73.417984
2019-12-10,73.729515
2019-12-11,75.239891
2019-12-12,77.278938
2019-12-13,76.939102
2019-12-16,77.675499
2019-12-17,78.026024
2019-12-18,77.984947
2019-12-19,78.613342
2019-12-20,79.361778
2019-12-23,79.614403
2019-12-24,79.743866
2019-12-26,79.835442
2019-12-27,79.677551
2019-12-30,79.077568
2019-12-31,79.292274
2020-01-02,80.931198
2020-01-03,79.421768
2020-01-06,78.594421
2020-01-07,80.040665
2020-01-08,79.968071
2020-01-09,80.47332
2020-01-10,80.005951
2020-01-13,80.940666
2020-01-14,81.117485
2020-01-15,80.258583
2020-01-16,81.528015
2020-01-17,82.140648
2020-01-21,82.093285
2020-01-22,82.645859
2020-01-23,83.271133
2020-01-24,82.38694
2020-01-27,79.241783
2020-01-28,81.079605
2020-01-29,79.589142
2020-01-30,79.592308
2020-01-31,76.753456
2020-02-03,77.61235
2020-02-04,80.037544
2020-02-05,81.881683
2020-02-06,81.929047
2020-02-07,79.996498
2020-02-10,81.117485
2020-02-11,82.756393
2020-02-12,84.032135
2020-02-13,84.12056
2020-02-14,83.839516
2020-02-18,82.762703
2020-02-19,84.850021
2020-02-20,83.618469
2020-02-21,81.133293
2020-02-24,77.246048
2020-02-25,74.944016
2020-02-26,75.04509
2020-02-27,71.58094
2020-02-28,73.194603
2020-03-02,75.787155
2020-03-03,73.118805
2020-03-04,76.854469
2020-03-05,74.539825
2020-03-06,72.910378
2020-03-09,66.683205
2020-03-10,71.059921
2020-03-11,67.077911
2020-03-12,59.723431
2020-03-13,66.130592
2020-03-16,56.060368
2020-03-17,60.992863
2020-03-18,55.98143
2020-03-19,57.421387
2020-03-20,55.785645
2020-03-23,57.778217
2020-03-24,64.027512
2020-03-25,63.192867
2020-03-26,67.44207
2020-03-27,64.095932
2020-03-30,66.326675
2020-03-31,65.024368
2020-04-01,61.465946
2020-04-02,63.297421
2020-04-03,62.099693
2020-04-06,68.433868
2020-04-07,68.189865
2020-04-08,70.471298
2020-04-09,68.947182
2020-04-13,69.726685
2020-04-14,72.942871
2020-04-15,70.772331
2020-04-16,72.759094
2020-04-17,73.323143
2020-04-20,71.729279
2020-04-21,68.215225
2020-04-22,72.344009
2020-04-23,71.621544
2020-04-24,73.110817
2020-04-27,74.086761
2020-04-28,73.703362
2020-04-29,77.201599
2020-04-30,74.476509
2020-05-01,70.845222
2020-05-04,71.434593
2020-05-05,72.635551
2020-05-06,73.525932
2020-05-07,74.188164
2020-05-08,76.377708
2020-05-11,76.304832
2020-05-12,74.280067
2020-05-13,72.847832
2020-05-14,74.796585
2020-05-15,73.250259
2020-05-18,76.615372
2020-05-19,76.365059
2020-05-20,79.178841
2020-05-21,77.185738
2020-05-22,77.527946
2020-05-26,78.342308
2020-05-27,79.549576
2020-05-28,77.813133
2020-05-29,79.806213
2020-06-01,79.375298
2020-06-02,81.089554
2020-06-03,83.431213
2020-06-04,84.191681
2020-06-05,86.254494
2020-06-08,86.077011
2020-06-09,86.143578
2020-06-10,86.447769
2020-06-11,80.956436
2020-06-12,82.059158
2020-06-15,83.16523
2020-06-16,84.787941
2020-06-17,85.448456
2020-06-18,85.289673
2020-06-19,84.876846
2020-06-22,85.502426
2020-06-23,85.807297
2020-06-24,83.924187
2020-06-25,84.524376
2020-06-26,82.939735
2020-06-29,83.844803
2020-06-30,86.016891
2020-07-01,84.914978
2020-07-02,85.953384
2020-07-06,88.223938
2020-07-07,87.18232
2020-07-08,88.363663
2020-07-09,89.535416
2020-07-10,89.233757
2020-07-13,87.76664
2020-07-14,89.217873
2020-07-15,89.062256
2020-07-16,88.728844
2020-07-17,89.17659
2020-07-20,90.939041
2020-07-21,90.475403
2020-07-22,90.773926
2020-07-23,89.386177
2020-07-24,87.982552
2020-07-27,90.723091
2020-07-28,88.970184
2020-07-29,90.802498
2020-07-30,92.59034
2020-07-31,92.215622
2020-08-03,93.889153
2020-08-04,95.267357
2020-08-05,95.1689
2020-08-06,95.11808
2020-08-07,94.060623
2020-08-10,94.057457
2020-08-11,93.076218
2020-08-12,96.083481
2020-08-13,95.127625
2020-08-14,95.070473
2020-08-17,96.140625
2020-08-18,95.63253
2020-08-19,95.089508
2020-08-20,94.244812
2020-08-21,94.88311
2020-08-24,95.87072
2020-08-25,96.801163
2020-08-26,97.112366
2020-08-27,96.007278
2020-08-28,97.779236
2020-08-31,97.560112
2020-09-01,99.497231
2020-09-02,102.380638
2020-09-03,96.670929
2020-09-04,95.66748
2020-09-08,91.196266
2020-09-09,93.67955
2020-09-10,92.409309
2020-09-11,92.383934
2020-09-14,94.232101
2020-09-15,95.858025
2020-09-16,94.959335
2020-09-17,94.911682
2020-09-18,93.425507
2020-09-21,93.25721
2020-09-22,94.219398
2020-09-23,92.045517
2020-09-24,92.823143
2020-09-25,94.097969
2020-09-28,96.689056
2020-09-29,96.915344
2020-09-30,97.081062
2020-10-01,99.159035
2020-10-02,96.185501
2020-10-05,99.19091
2020-10-06,98.719231
2020-10-07,100.609146
2020-10-08,101.85527
2020-10-09,103.6464
2020-10-12,105.185783
2020-10-13,104.997734
2020-10-14,104.573837
2020-10-15,104.293373
2020-10-16,103.796196
2020-10-19,103.273521
2020-10-20,103.10463
2020-10-21,102.413025
2020-10-22,102.454445
2020-10-23,102.094307
2020-10-26,99.882492
2020-10-27,99.490471
2020-10-28,96.233322
2020-10-29,98.674583
2020-10-30,97.358345
2020-11-02,97.705734
2020-11-03,99.547867
2020-11-04,103.028122
2020-11-05,107.655746
2020-11-06,109.411812
2020-11-09,108.136986
2020-11-10,104.892548
2020-11-11,108.672417
2020-11-12,107.330658
2020-11-13,108.646919
2020-11-16,111.349533
2020-11-17,110.431679
2020-11-18,109.609398
2020-11-19,111.228439
2020-11-20,110.708961
2020-11-23,112.286537
2020-11-24,112.898453
2020-11-25,112.649864
2020-11-27,113.991623
2020-11-30,115.311081
2020-12-01,117.213737
2020-12-02,117.557922
2020-12-03,117.710915
2020-12-04,120.92028
2020-12-07,121.532204
2020-12-08,121.924194
2020-12-09,118.488541
2020-12-10,118.322838
2020-12-11,117.172302
2020-12-14,118.48069
2020-12-15,120.13176
2020-12-16,120.202003
2020-12-17,120.422371
2020-12-18,119.707031
2020-12-21,119.173714
2020-12-22,118.998047
2020-12-23,118.103851
2020-12-24,119.157715
2020-12-28,119.026787
2020-12-29,118.720215
2020-12-30,120.709801
2020-12-31,121.093018
2021-01-04,120.585266
2021-01-05,123.050652
2021-01-06,122.651474
2021-01-07,127.278931
2021-01-08,127.345985
2021-01-11,128.636215
2021-01-12,129.415451
2021-01-13,129.62619
2021-01-14,132.37265
2021-01-15,129.680481
2021-01-19,134.12912
2021-01-20,133.65004
2021-01-21,135.582169
2021-01-22,133.282776
2021-01-25,133.474426
2021-01-26,131.305969
2021-01-27,124.490952
2021-01-28,127.221443
2021-01-29,125.001938
2021-02-01,129.939163
2021-02-02,132.046875
2021-02-03,129.364304
2021-02-04,130.424591
2021-02-05,129.533615
2021-02-08,133.420074
2021-02-09,133.027328
2021-02-10,133.289185
2021-02-11,137.903885
2021-02-12,139.609222
2021-02-16,140.311798
2021-02-17,137.907043
2021-02-18,136.489151
2021-02-19,139.778503
2021-02-22,134.71347
2021-02-23,133.701172
2021-02-24,138.03801
2021-02-25,130.175461
2021-02-26,133.142288
2021-03-01,137.386475
2021-03-02,133.266815
2021-03-03,129.188675
2021-03-04,122.970833
2021-03-05,126.659355
2021-03-08,119.82518
2021-03-09,127.269371
2021-03-10,124.867805
2021-03-11,130.124359
2021-03-12,128.751175
2021-03-15,131.465668
2021-03-16,133.164642
2021-03-17,134.841263
2021-03-18,129.262115
2021-03-19,130.858917
2021-03-22,133.627701
2021-03-23,130.114807
2021-03-24,128.329605
2021-03-25,128.465897
2021-03-26,134.807434
2021-03-29,132.74054
2021-03-30,132.423813
2021-03-31,135.658569
2021-04-01,140.646667
2021-04-05,143.484711
2021-04-06,141.881744
2021-04-07,141.788925
2021-04-08,143.404709
2021-04-09,142.956757
2021-04-12,141.420959
2021-04-13,141.197021
2021-04-14,139.645187
2021-04-15,141.98407
2021-04-16,141.318573
2021-04-19,137.603882
2021-04-20,135.642532
2021-04-21,139.20047
2021-04-22,136.170471
2021-04-23,138.653351
2021-04-26,141.193802
2021-04-27,140.134766
2021-04-28,138.007019
2021-04-29,138.902893
2021-04-30,135.031418
2021-05-03,133.626816
2021-05-04,131.374313
2021-05-05,132.196579
2021-05-06,133.281235
2021-05-07,135.111389
2021-05-10,129.102615
2021-05-11,129.275391
2021-05-12,124.008919
2021-05-13,125.58947
2021-05-14,129.476959
2021-05-17,128.347504
2021-05-18,127.314056
2021-05-19,129.796906
2021-05-20,133.210831
2021-05-21,132.474991
2021-05-24,135.821716
2021-05-25,136.224869
2021-05-26,136.5896
2021-05-27,137.165482
2021-05-28,138.43898
2021-06-01,138.051788
2021-06-02,138.89328
2021-06-03,136.506409
2021-06-04,139.821182
2021-06-07,138.733322
2021-06-08,137.939819
2021-06-09,137.261551
2021-06-10,138.838211
2021-06-11,139.53978
2021-06-14,141.522644
2021-06-15,140.363068
2021-06-16,139.043259
2021-06-17,140.542419
2021-06-18,137.178864
2021-06-21,137.685013
2021-06-22,138.335327
2021-06-23,138.911911
2021-06-24,141.272781
2021-06-25,140.888382
2021-06-28,144.251968
2021-06-29,145.382736
2021-06-30,145.504456
2021-07-01,143.419067
2021-07-02,144.293564
2021-07-06,144.046951
2021-07-07,141.865387
2021-07-08,140.042694
2021-07-09,142.326767
2021-07-12,144.152679
2021-07-13,143.576035
2021-07-14,142.912979
2021-07-15,139.741592
2021-07-16,136.704773
2021-07-19,136.567001
2021-07-20,138.428207
2021-07-21,142.679077
2021-07-22,141.836609
2021-07-23,142.560562
2021-07-26,142.605438
2021-07-27,139.988281
2021-07-28,142.275436
2021-07-29,145.17778
2021-07-30,146.36618
2021-08-02,147.291992
2021-08-03,148.413177
2021-08-04,149.925171
2021-08-05,149.950806
2021-08-06,149.204407
2021-08-09,148.698288
2021-08-10,146.971634
2021-08-11,146.468719
2021-08-12,144.895813
2021-08-13,145.805603
2021-08-16,145.264221
2021-08-17,142.45166
2021-08-18,140.568069
2021-08-19,141.721283
2021-08-20,142.78479
2021-08-23,146.805069
2021-08-24,146.805069
2021-08-25,147.923065
2021-08-26,148.060776
2021-08-27,150.886215
2021-08-30,151.187317
2021-08-31,149.97963
2021-09-01,149.162735
2021-09-02,149.720169
2021-09-03,150.841339
2021-09-07,150.28717
2021-09-08,148.361923
2021-09-09,148.884064
2021-09-10,150.066132
2021-09-13,151.504425
2021-09-14,151.510849
2021-09-15,152.382172
2021-09-16,152.673691
2021-09-17,150.23912
2021-09-20,146.519974
2021-09-21,146.952393
2021-09-22,150.00206
2021-09-23,152.000961
2021-09-24,151.82663
2021-09-27,151.457306
2021-09-28,145.532639
2021-09-29,143.236572
2021-09-30,143.178787
2021-10-01,143.271912
2021-10-04,139.582214
2021-10-05,141.695221
2021-10-06,142.247513
2021-10-07,143.910934
2021-10-08,142.436981
2021-10-11,141.483246
2021-10-12,139.717133
2021-10-13,140.523117
2021-10-14,144.883926
2021-10-15,145.85051
2021-10-18,147.025833
2021-10-19,148.827332
2021-10-20,148.519073
2021-10-21,150.015472
2021-10-22,148.332779
2021-10-25,149.350739
2021-10-26,149.463135
2021-10-27,148.390594
2021-10-28,151.736649
2021-10-29,152.414307
2021-11-01,154.89975
2021-11-02,156.826492
2021-11-03,158.63446
2021-11-04,163.971481
2021-11-05,165.792221
2021-11-08,168.033661
2021-11-09,168.033661
2021-11-10,163.07872
2021-11-11,166.527573
2021-11-12,168.15564
2021-11-15,168.030396
2021-11-16,170.54805
2021-11-17,169.359879
2021-11-18,172.1922
2021-11-19,172.670654
2021-11-22,170.169098
2021-11-23,169.485123
2021-11-24,171.34761
2021-11-26,166.578949
2021-11-29,172.982132
2021-11-30,169.950729
2021-12-01,168.592407
2021-12-02,168.836411
2021-12-03,168.409332
2021-12-06,168.194168
2021-12-07,176.681458
2021-12-08,175.531845
2021-12-09,171.495331
2021-12-10,173.113815
2021-12-13,168.502411
2021-12-14,167.691849
2021-12-15,173.848145
2021-12-16,166.263763
2021-12-17,165.871368
2021-12-20,164.571915
2021-12-21,170.509491
2021-12-22,172.281662
2021-12-23,173.947784
2021-12-27,178.7146
2021-12-28,176.742905
2021-12-29,177.013092
2021-12-30,175.010284
2021-12-31,174.482651
2022-01-03,177.950928
2022-01-04,177.403992
2022-01-05,171.37793
2022-01-06,172.709869
2022-01-07,167.700516
2022-01-10,167.761612
2022-01-11,170.917847
2022-01-12,172.172592
2022-01-13,168.154144
2022-01-14,172.179016
2022-01-18,164.48317
2022-01-19,159.644257
2022-01-20,154.638077
2022-01-21,152.06424
2022-01-24,153.80159
2022-01-25,148.061859
2022-01-26,150.336517
2022-01-27,143.644455
2022-01-28,146.398529
2022-01-31,154.261658
2022-02-01,155.54538
2022-02-02,159.473755
2022-02-03,152.533997
2022-02-04,153.409088
2022-02-07,153.32222
2022-02-08,157.199112
2022-02-09,162.356522
2022-02-10,157.295609
2022-02-11,149.290894
2022-02-14,149.432449
2022-02-15,157.678497
2022-02-16,157.729965
2022-02-17,151.806854
2022-02-18,150.111298
2022-02-22,149.197571
2022-02-23,145.642441
2022-02-24,150.970337
2022-02-25,153.486298
2022-02-28,152.553268
2022-03-01,147.022675
2022-03-02,151.697449
2022-03-03,148.515488
2022-03-04,144.574249
2022-03-07,137.322388
2022-03-08,139.954193
2022-03-09,145.819366
2022-03-10,142.827271
2022-03-11,139.761124
2022-03-14,135.237534
2022-03-15,141.453461
2022-03-16,148.737549
2022-03-17,149.654449
2022-03-18,152.575806
2022-03-21,152.273376
2022-03-22,153.116287
2022-03-23,149.258713
2022-03-24,156.793457
2022-03-25,156.438889
2022-03-28,157.654114
2022-03-29,161.267563
2022-03-30,156.110123
2022-03-31,152.557877
2022-04-01,149.602036
2022-04-04,152.03244
2022-04-05,145.034454
2022-04-06,141.427399
2022-04-07,141.736862
2022-04-08,138.220154
2022-04-11,135.380295
2022-04-12,134.967712
2022-04-13,137.871994
2022-04-14,134.058701
2022-04-18,136.379547
2022-04-19,139.367645
2022-04-20,139.058212
2022-04-21,135.348053
2022-04-22,132.337418
2022-04-25,134.574417
2022-04-26,128.607895
2022-04-27,127.905182
2022-04-28,134.954803
2022-04-29,129.18811
2022-05-02,133.501038
2022-05-03,134.606659
2022-05-04,139.828613
2022-05-05,133.056198
2022-05-06,131.87001
2022-05-09,125.155609
2022-05-10,128.001907
2022-05-11,124.220825
2022-05-12,124.97509
2022-05-13,131.354248
2022-05-16,129.355728
2022-05-17,135.638199
2022-05-18,128.801285
2022-05-19,128.021225
2022-05-20,127.953552
2022-05-23,128.504745
2022-05-24,125.374802
2022-05-25,127.631203
2022-05-26,132.617783
2022-05-27,138.071838
2022-05-31,137.362701
2022-06-01,135.18364
2022-06-02,139.893036
2022-06-03,135.709122
2022-06-06,135.944382
2022-06-07,137.030685
2022-06-08,134.113495
2022-06-09,130.306671
2022-06-10,125.67733
2022-06-13,118.426598
2022-06-14,119.085167
2022-06-15,121.131889
2022-06-16,113.832748
2022-06-17,114.294373
2022-06-21,117.287003
2022-06-22,116.063484
2022-06-23,115.275772
2022-06-24,120.382942
2022-06-27,120.053627
2022-06-28,117.125587
2022-06-29,114.362167
2022-06-30,112.864235
2022-07-01,108.870834
2022-07-05,109.729576
2022-07-06,110.265472
2022-07-07,115.20153
2022-07-08,115.750343
2022-07-11,113.083771
2022-07-12,113.400131
2022-07-13,114.039345
2022-07-14,116.457336
2022-07-15,119.236885
2022-07-18,118.855965
2022-07-19,124.095459
2022-07-20,127.259178
2022-07-21,129.338211
2022-07-22,126.151886
2022-07-25,125.3545
2022-07-26,123.265778
2022-07-27,128.905609
2022-07-28,130.493912
2022-07-29,131.497955
2022-08-01,132.004776
2022-08-02,131.752975
2022-08-03,135.413864
2022-08-04,136.392029
2022-08-05,135.329941
2022-08-08,133.283173
2022-08-09,127.175262
2022-08-10,132.453506
2022-08-11,132.28241
2022-08-12,136.153122
2022-08-15,136.659973
2022-08-16,135.2621
2022-08-17,131.995087
2022-08-18,135.00386
2022-08-19,131.359116
2022-08-22,126.416603
2022-08-23,127.046097
2022-08-24,127.365715
2022-08-25,132.033813
2022-08-26,124.544197
2022-08-29,122.02935
2022-08-30,120.60891
2022-08-31,119.346649
2022-09-01,117.13205
2022-09-02,115.847191
2022-09-06,114.510658
2022-09-07,116.447639
2022-09-08,118.410454
2022-09-09,121.251328
2022-09-12,121.84211
2022-09-13,114.275009
2022-09-14,115.572784
2022-09-15,113.655159
2022-09-16,114.336334
2022-09-19,114.936806
2022-09-20,113.409821
2022-09-21,112.263786
2022-09-22,109.209816
2022-09-23,107.747406
2022-09-26,106.13163
2022-09-27,107.118355
2022-09-28,108.63739
2022-09-29,105.258514
2022-09-30,103.45385
2022-10-03,107.030716
2022-10-04,112.052017
2022-10-05,112.967323
2022-10-06,112.516159
2022-10-07,105.764854
2022-10-10,102.16851
2022-10-11,99.295952
2022-10-12,98.331947
2022-10-13,101.162292
2022-10-14,96.945984
2022-10-17,99.000587
2022-10-18,99.34137
2022-10-19,99.97757
2022-10-20,100.597527
2022-10-21,104.336708
2022-10-24,104.787872
2022-10-25,107.180031
2022-10-26,106.125145
2022-10-27,104.242561
2022-10-28,108.329048
2022-10-31,105.969353
2022-11-01,106.822998
2022-11-02,103.4506
2022-11-03,102.064621
2022-11-04,106.787292
2022-11-07,109.095055
2022-11-08,111.496986
2022-11-09,107.933067
2022-11-10,119.101906
2022-11-11,122.746956
2022-11-14,121.403198
2022-11-15,124.921646
2022-11-16,119.764069
2022-11-17,120.702087
2022-11-18,120.971489
2022-11-21,118.965569
2022-11-22,122.51001
2022-11-23,123.990097
2022-11-25,122.337975
2022-11-28,119.280426
2022-11-29,118.819519
2022-11-30,125.947342
2022-12-01,125.04174
2022-12-02,123.629822
2022-12-05,122.065338
2022-12-06,119.497902
2022-12-07,119.241463
2022-12-08,122.688538
2022-12-09,121.552521
2022-12-12,123.704475
2022-12-13,125.830566
2022-12-14,123.942734
2022-12-15,118.699104
2022-12-16,117.800766
2022-12-19,116.342583
2022-12-20,115.633003
2022-12-21,118.236916
2022-12-22,113.458748
2022-12-23,113.556396
2022-12-27,111.505806
2022-12-28,109.862106
2022-12-29,113.367607
2022-12-30,113.263458
2023-01-03,112.160049
2023-01-04,115.047127
2023-01-05,113.107231
2023-01-06,118.370369
2023-01-09,120.55114
2023-01-10,122.110229
2023-01-11,123.685593
2023-01-12,125.189354
2023-01-13,125.706886
2023-01-17,125.850105
2023-01-18,125.189354
2023-01-19,121.67733
2023-01-20,125.485542
2023-01-23,131.787003
2023-01-24,130.790985
2023-01-25,131.145813
2023-01-26,133.35585
2023-01-27,132.506332
2023-01-30,128.987808
2023-01-31,131.393158
2023-02-01,138.244675
2023-02-02,141.44751
2023-02-03,138.687363
2023-02-06,136.434937
2023-02-07,140.773743
2023-02-08,137.746689
2023-02-09,138.098221
2023-02-10,135.901184
2023-02-13,137.899658
2023-02-14,140.402695
2023-02-15,140.975555
2023-02-16,137.518845
2023-02-17,135.377121
2023-02-21,130.992828
2023-02-22,130.364624
2023-02-23,134.651306
2023-02-24,132.239441
2023-02-27,132.939194
2023-02-28,133.394913
2023-03-01,133.43071
2023-03-02,134.498322
2023-03-03,136.571671
2023-03-06,134.983292
2023-03-07,133.560913
2023-03-08,137.111984
2023-03-09,134.387634
2023-03-10,131.790237
2023-03-13,131.829315
2023-03-14,135.68309
2023-03-15,134.101212
2023-03-16,139.338318
2023-03-17,138.4758
2023-03-20,139.940475
2023-03-21,140.217133
2023-03-22,138.824036
2023-03-23,142.606644
2023-03-24,140.133194
2023-03-27,138.488617
2023-03-28,137.450958
2023-03-29,141.869171
2023-03-30,144.205551
2023-03-31,145.099625
2023-04-03,143.846603
2023-04-04,141.164352
2023-04-05,138.71701
2023-04-06,138.002411
2023-04-10,140.439941
2023-04-11,139.702499
2023-04-12,137.147461
2023-04-13,138.276505
2023-04-14,138.061157
2023-04-17,138.061157
2023-04-18,138.658295
2023-04-19,137.140945
2023-04-20,137.013718
2023-04-21,136.008652
2023-04-24,135.398468
2023-04-25,130.849747
2023-04-26,131.54805
2023-04-27,132.102737
2023-04-28,134.484833
2023-05-01,135.701965
2023-05-02,134.732773
2023-05-03,133.186081
2023-05-04,132.438858
2023-05-05,135.385422
2023-05-08,135.956451
2023-05-09,133.642914
2023-05-10,135.003647
2023-05-11,134.119339
2023-05-12,133.995346
2023-05-15,137.633667
2023-05-16,137.375916
2023-05-17,140.769516
2023-05-18,145.217087
2023-05-19,144.469849
2023-05-22,144.969086
2023-05-23,143.177643
2023-05-24,140.616119
2023-05-25,149.981216
2023-05-26,159.783493
2023-05-30,159.649719
2023-05-31,155.55127
2023-06-01,158.227051
2023-06-02,157.855011
2023-06-05,155.410965
2023-06-06,157.287262
2023-06-07,157.055557
2023-06-08,158.663208
2023-06-09,159.081451
2023-06-12,164.204895
2023-06-13,166.403915
2023-06-14,168.766312
2023-06-15,167.371094
2023-06-16,165.825546
2023-06-20,164.48262
2023-06-21,160.473373
2023-06-22,161.221649
2023-06-23,158.382187
2023-06-26,158.895172
2023-06-27,164.446671
2023-06-28,163.178879
2023-06-29,163.224609
2023-06-30,165.747131
2023-07-03,167.220779
2023-07-05,163.525223
2023-07-06,161.463409
2023-07-07,161.532028
2023-07-10,164.894302
2023-07-11,164.900848
2023-07-12,167.97229
2023-07-13,171.442383
2023-07-14,169.298904
2023-07-17,173.350601
2023-07-18,173.670807
2023-07-19,171.609009
2023-07-20,165.368103
2023-07-21,166.861343
2023-07-24,166.854828
2023-07-25,169.661621
2023-07-26,167.318817
2023-07-27,170.465393
2023-07-28,174.187073
2023-07-31,174.909225
2023-08-01,175.020294
2023-08-02,168.32193
2023-08-03,167.890594
2023-08-04,167.625961
2023-08-07,169.390381
2023-08-08,166.694702
2023-08-09,163.636337
2023-08-10,162.976288
2023-08-11,159.025894
2023-08-14,163.613434
2023-08-15,160.881851
2023-08-16,157.767899
2023-08-17,156.225647
2023-08-18,157.065384
2023-08-21,161.577789
2023-08-22,160.153168
2023-08-23,163.427216
2023-08-24,158.026031
2023-08-25,158.705673
2023-08-28,160.715179
2023-08-29,164.936798
2023-08-30,165.714447
2023-08-31,166.861343
2023-09-01,167.295944
2023-09-05,167.240372
2023-09-06,166.031403
2023-09-07,162.231308
2023-09-08,161.391571
2023-09-11,161.300079
2023-09-12,159.930984
2023-09-13,160.751114
2023-09-14,161.901276
2023-09-15,157.228775
2023-09-18,157.764618
2023-09-19,156.434784
2023-09-20,153.866501
2023-09-21,151.027054
2023-09-22,152.285034
2023-09-25,153.399277
2023-09-26,150.613968
2023-09-27,151.942001
2023-09-28,154.755493
2023-09-29,155.316223
2023-10-02,156.099945
2023-10-03,152.87001
2023-10-04,154.899811
2023-10-05,154.14888
2023-10-06,157.460815
2023-10-09,157.067307
2023-10-10,159.080704
2023-10-11,160.277573
2023-10-12,160.687454
2023-10-13,156.313095
2023-10-16,158.526489
2023-10-17,157.368973
2023-10-18,154.532562
2023-10-19,152.151855
2023-10-20,149.951569
2023-10-23,149.098999
2023-10-24,151.122208
2023-10-25,145.013199
2023-10-26,144.150772
2023-10-27,145.701813
2023-10-30,143.750732
2023-10-31,145.065643
2023-11-01,148.479233
2023-11-02,151.853439
2023-11-03,155.844147
2023-11-06,155.555618
2023-11-07,156.545898
2023-11-08,156.703308
2023-11-09,155.952377
2023-11-10,162.241776
2023-11-13,160.66124
2023-11-14,166.603043
2023-11-15,167.813019
2023-11-16,167.895004
2023-11-17,169.075485
2023-11-20,171.567627
2023-11-21,168.360641
2023-11-22,168.898422
2023-11-24,169.019745
2023-11-27,168.783646
2023-11-28,167.796631
2023-11-29,169.616547
2023-11-30,168.432785
2023-12-01,169.223053
2023-12-04,167.327728
2023-12-05,166.376755
2023-12-06,165.350388
2023-12-07,169.783768
2023-12-08,171.124939
2023-12-11,176.961807
2023-12-12,178.237396
2023-12-13,180.98204
2023-12-14,185.9991
2023-12-15,186.690994
2023-12-18,186.172913
2023-12-19,187.166458
2023-12-20,181.618088
2023-12-21,186.645065
2023-12-22,187.243011
2023-12-26,190.551682
2023-12-27,191.041214
2023-12-28,190.68309
2023-12-29,189.283417
2024-01-02,182.46579
2024-01-03,178.546066
2024-01-04,177.044525
2024-01-05,178.026917
2024-01-08,183.826004
2024-01-09,183.888428
2024-01-10,183.270767
2024-01-11,183.947571
2024-01-12,183.136017
2024-01-16,185.731659
2024-01-17,184.029739
2024-01-18,190.104813
2024-01-19,197.540085
2024-01-22,198.187378
2024-01-23,199.501602
2024-01-24,202.406067
2024-01-25,201.844223
2024-01-26,196.40329
2024-01-29,198.44693
2024-01-30,195.381485
2024-01-31,192.552567
2024-02-01,193.505402
2024-02-02,195.976166
2024-02-05,198.653915
2024-02-06,196.337585
2024-02-07,199.340607
2024-02-08,202.767502
2024-02-09,206.805527
2024-02-12,206.430923
2024-02-13,202.189224
2024-02-14,206.75621
2024-02-15,206.559082
2024-02-16,205.389404
2024-02-20,201.932968
2024-02-21,201.469666
2024-02-22,211.398743
2024-02-23,209.118561
2024-02-26,211.181915
2024-02-27,210.971649
2024-02-28,208.599457
2024-02-29,214.250656
2024-03-01,223.368179
2024-03-04,225.562988
2024-03-05,221.140533
2024-03-06,226.574936
2024-03-07,234.345398
2024-03-08,224.863159
2024-03-11,221.876526
2024-03-12,226.47966
2024-03-13,220.959854
2024-03-14,217.184692
2024-03-15,215.62735
2024-03-18,215.459763
2024-03-19,213.65596
2024-03-20,217.293106
2024-03-21,222.182159
2024-03-22,222.448547
2024-03-25,221.580276
2024-03-26,219.912781
2024-03-27,222.675491
2024-03-28,222.912323
2024-04-01,225.26062
2024-04-02,221.787506
2024-04-03,222.409134
2024-04-04,216.114044
2024-04-05,218.679398
2024-04-08,219.241837
2024-04-09,221.599991
2024-04-10,217.554596
2024-04-11,222.468292
2024-04-12,215.166809
2024-04-15,212.443558
2024-04-16,214.051849
2024-04-17,207.559448
2024-04-18,203.87912
2024-04-19,195.74881
2024-04-22,198.975311
2024-04-23,203.129227
2024-04-24,205.763672
2024-04-25,209.582169
2024-04-26,214.012375
2024-04-29,215.640442
2024-04-30,211.141113
2024-05-01,204.00737
2024-05-02,208.595474
2024-05-03,213.292099
2024-05-06,217.722336
2024-05-07,215.798309
2024-05-08,216.005493
2024-05-09,215.196411
2024-05-10,217.307938
2024-05-13,217.761765
2024-05-14,221.382965
2024-05-15,227.599075
2024-05-16,226.4841
2024-05-17,225.201416
2024-05-20,230.154587
2024-05-21,229.414566
2024-05-22,232.108231
2024-05-23,230.805801
2024-05-24,235.384018
2024-05-28,239.360382
2024-05-29,234.417084
2024-05-30,232.789047
2024-05-31,230.894608
2024-06-03,231.269531
2024-06-04,229.463898
2024-06-05,239.49852
2024-06-06,237.535019
2024-06-07,236.824585
2024-06-10,240.238525
2024-06-11,240.436111
2024-06-12,247.213409
2024-06-13,249.900635
2024-06-14,249.001602
2024-06-17,252.933609
2024-06-18,256.154297
2024-06-20,249.199188
2024-06-21,246.768845
2024-06-24,239.724792
2024-06-25,243.409821
2024-06-26,242.461395
2024-06-27,241.216583
2024-06-28,243.656845
2024-07-01,243.646942
2024-07-02,247.075089
2024-07-03,251.194824
2024-07-05,251.688797
2024-07-08,256.460571
2024-07-09,256.34201
2024-07-10,262.289429
2024-07-11,253.664719
2024-07-12,256.756927
2024-07-15,257.043427
2024-07-16,258.634033
2024-07-17,240.23851
2024-07-18,240.959732
2024-07-19,233.589676
2024-07-22,243.27153
2024-07-23,239.645767
2024-07-24,226.90126
2024-07-25,221.842987
2024-07-26,226.604874
2024-07-29,226.130676
2024-07-30,217.920853
2024-07-31,232.542435
2024-08-01,215.786896
2024-08-02,204.316849
2024-08-05,200.710861
2024-08-06,202.528671
2024-08-07,196.887512
2024-08-08,210.471756
2024-08-09,209.226944
2024-08-12,210.432251
2024-08-13,218.977951
2024-08-14,218.424683
2024-08-15,228.926575
2024-08-16,228.442459
2024-08-19,232.325104
2024-08-20,229.252579
2024-08-21,232.502914
2024-08-22,224.55986
2024-08-23,230.576431
2024-08-26,224.787064
2024-08-27,227.276703
2024-08-28,223.176712
2024-08-29,222.534561
2024-08-30,228.353561
2024-09-03,210.926193
2024-09-04,211.617767
2024-09-05,210.481644
2024-09-06,201.471558
2024-09-09,205.453018
2024-09-10,207.616592
2024-09-11,217.258942
2024-09-12,216.300629
2024-09-13,220.163498
2024-09-16,217.229294
2024-09-17,217.496033
2024-09-18,215.095337
2024-09-19,224.253601
2024-09-20,220.973633
2024-09-23,221.833115
2024-09-24,224.520325
2024-09-25,226.067261
2024-09-26,234.148514
2024-09-27,230.434692
2024-09-30,228.364868
2024-10-01,221.967224
2024-10-02,224.958054
2024-10-03,225.760269
2024-10-04,228.850143
2024-10-07,228.226227
2024-10-08,230.474319
2024-10-09,232.880875
2024-10-10,231.246796
2024-10-11,233.187897
2024-10-14,237.485992
2024-10-15,225.166031
2024-10-16,225.166031
2024-10-17,226.938751
2024-10-18,227.146729
2024-10-21,226.720871
2024-10-22,225.879089
2024-10-23,223.85878
2024-10-24,225.106628
2024-10-25,227.364624
2024-10-28,227.50325
2024-10-29,233.09874
2024-10-30,224.87883
2024-10-31,216.153854
2024-11-01,218.451447
2024-11-04,217.19371
2024-11-05,219.729004
2024-11-06,226.136566
2024-11-07,230.850662
2024-11-08,229.127441
2024-11-11,223.393326
2024-11-12,220.957031
2024-11-13,216.262787
2024-11-14,216.134048
2024-11-15,209.171875
2024-11-18,211.875534
2024-11-19,212.28157
2024-11-20,210.657425
2024-11-21,213.994888
2024-11-22,214.08403
2024-11-25,216.17366
2024-11-26,213.370987
2024-11-27,210.50885
2024-11-29,213.321442
2024-12-02,218.926819
2024-12-03,217.688889
2024-12-04,220.570831
2024-12-05,216.401428
2024-12-06,217.708679
2024-12-09,216.658936
2024-12-10,211.509109
2024-12-11,216.827286
2024-12-12,215.143677
2024-12-13,221.145218
2024-12-16,225.24527
2024-12-17,222.05925
2024-12-18,213.846222
2024-12-19,210.255508
2024-12-20,213.082458
2024-12-23,219.529861
2024-12-24,221.791428
2024-12-26,221.72197
2024-12-27,219.84729
2024-12-30,215.522583
2024-12-31,213.74704
2025-01-02,215.066284
2025-01-03,220.670563
2025-01-06,227.058472
2025-01-07,223.963699
2025-01-08,221.731903
2025-01-10,216.435089
2025-01-13,215.770538
2025-01-14,217.188965
2025-01-15,221.404587
2025-01-16,221.731903
2025-01-17,227.88179
2025-01-21,230.569855
2025-01-22,233.902679
2025-01-23,233.466217
2025-01-24,228.774475
2025-01-27,210.830811
2025-01-28,211.773148
2025-01-29,212.646011
2025-01-30,216.970734
2025-01-31,216.365662
2025-02-03,212.467468
2025-02-04,214.649673
2025-02-05,218.805786
2025-02-06,218.518127
2025-02-07,215.11586
2025-02-10,217.922974
2025-02-11,218.121338
2025-02-12,218.359421
2025-02-13,221.037567
2025-02-14,221.265717
2025-02-18,224.925873
2025-02-19,228.665375
2025-02-20,229.201004
2025-02-21,222.16835
2025-02-24,216.950912
2025-02-25,212.477386
2025-02-26,216.1772
2025-02-27,203.589844
2025-02-28,206.833435
2025-03-03,199.52301
2025-03-04,200.633972
2025-03-05,204.958694
2025-03-06,196.438156
2025-03-07,202.201202
2025-03-10,192.847443
2025-03-11,190.56604
2025-03-12,194.494003
2025-03-13,193.521957
2025-03-14,199.49324
2025-03-17,202.786407
2025-03-18,200.095871
2025-03-19,201.724701
2025-03-20,200.115753
2025-03-21,198.020142
2025-03-24,203.899765
2025-03-25,202.797333
2025-03-26,197.116348
2025-03-27,193.233002
2025-03-28,187.393127
2025-03-31,186.886581
2025-04-01,186.985916
2025-04-02,188.187653
2025-04-03,169.198059
2025-04-04,156.554886
2025-04-07,160.170074
2025-04-08,153.803787
2025-04-09,182.367615
2025-04-10,167.459991
2025-04-11,171.085098
2025-04-14,172.217331
2025-04-15,172.922485
2025-04-16,166.248322
2025-04-17,165.414047
2025-04-21,162.523895
2025-04-22,165.682236
2025-04-23,171.889603
2025-04-24,181.781662
2025-04-25,183.5495
2025-04-28,183.221771
2025-04-29,181.265198
2025-04-30,182.586121
2025-05-01,182.337814
2025-05-02,188.733902
2025-05-05,187.283859
2025-05-06,185.496155
2025-05-07,188.743835
2025-05-08,190.432251
2025-05-09,192.617249
2025-05-12,206.452225
2025-05-13,212.302048
2025-05-14,213.325043
2025-05-15,211.954437
2025-05-16,211.676346
2025-05-19,210.40509
2025-05-20,210.097183
2025-05-21,206.253586
2025-05-22,204.346695
2025-05-23,201.178436
2025-05-27,207.862549
2025-05-28,206.819717
2025-05-29,207.663895
2025-05-30,203.542221
2025-06-02,206.61113
2025-06-03,212.16301
2025-06-04,215.321335
2025-06-05,214.417557
2025-06-06,215.857651
2025-06-09,220.942719
2025-06-10,225.769592
2025-06-11,225.01474
2025-06-12,225.322647
2025-06-13,219.452972
2025-06-16,226.383621
2025-06-17,224.59198
2025-06-18,225.50769
2025-06-20,224.064453
2025-06-23,225.457932
2025-06-24,234.008057
2025-06-25,236.108246
2025-06-26,237.959595
2025-06-27,237.750565
2025-06-30,237.591309
2025-07-01,236.516342
2025-07-02,241.01535
2025-07-03,242.209763
2025-07-07,237.670944
2025-07-08,242.209763
2025-07-09,242.98613
2025-07-10,245.404861
2025-07-11,245.026627
2025-07-14,242.697495
2025-07-15,245.116196
2025-07-16,244.44931
2025-07-17,245.384964
2025-07-18,245.584015
2025-07-21,245.803009
2025-07-22,242.408844
2025-07-23,240.935715
2025-07-24,240.438034
2025-07-25,240.418106
2025-07-28,244.608582
2025-07-29,245.046539
2025-07-30,246.798355
2025-07-31,238.915146
2025-08-01,236.138107
2025-08-04,239.283417
2025-08-05,237.62117
2025-08-06,235.829529
2025-08-07,239.721375
2025-08-08,241.741959
2025-08-11,241.284088
2025-08-12,248.998093
2025-08-13,252.700821
2025-08-14,252.95961
2025-08-15,247.166641
2025-08-18,247.89325
2025-08-19,244.011337
2025-08-20,242.607925
2025-08-21,241.234329
2025-08-22,247.93306
2025-08-25,247.355743
2025-08-26,249.684906
2025-08-27,250.172607
2025-08-28,251.376984
2025-08-29,244.180573
2025-09-02,241.702133
2025-09-03,240.55748
2025-09-04,243.035904
2025-09-05,245.902542
2025-09-08,247.694183
2025-09-09,247.903198
2025-09-10,252.272812
2025-09-11,254.00473
2025-09-12,254.452637
2025-09-15,256.6026
2025-09-16,257.920227
2025-09-17,257.870392
2025-09-18,266.887268
2025-09-19,265.181641
2025-09-22,269.14151
2025-09-23,268.822327
2025-09-24,268.413391
2025-09-25,267.555573
2025-09-26,268.144073
2025-09-29,268.243805
2025-09-30,270.428223
2025-10-01,275.634918
2025-10-02,280.971252
2025-10-03,279.245667
2025-10-06,287.624268
2025-10-07,281.190735
2025-10-08,290.796143
2025-10-09,289.449585
2025-10-10,271.29599
2025-10-13,284.143158
2025-10-14,278.318054
2025-10-15,286.906097
2025-10-16,288.242676
2025-10-17,287.434723
2025-10-20,292.222504
2025-10-21,290.586639
2025-10-22,283.405029
2025-10-23,290.317352
2025-10-24,295.105103
2025-10-27,303.304138
2025-10-28,303.673187
2025-10-29,308.810059
2025-10-30,304.630737
2025-10-31,305.767822
2025-11-03,307.59317
2025-11-04,295.504089
2025-11-05,304.690582
2025-11-06,296.740906
2025-11-07,293.628876
2025-11-10,301.229462
2025-11-11,294.396912
2025-11-12,298.905396
2025-11-13,288.641663
2025-11-14,287.783813
2025-11-17,282.836487
2025-11-18,276.273285
2025-11-19,280.891449
2025-11-20,267.415955
2025-11-21,270.138977
2025-11-24,281.978699
2025-11-25,282.856445
2025-11-26,290.646545
2025-11-28,295.982849
2025-12-01,296.162415
2025-12-02,302.067291
2025-12-03,308.570679
2025-12-04,305.498535
2025-12-05,308.610565
2025-12-08,311.962006
2025-12-09,311.383484
2025-12-10,315.522858
2025-12-11,313.717499
2025-12-12,298.715912
2025-12-15,297.249634
2025-12-16,295.877136
2025-12-17,284.919098
2025-12-18,291.72168
2025-12-19,299.483185
2025-12-22,303.508789
2025-12-23,304.627563
2025-12-24,305.806305
2025-12-26,305.70639
2025-12-29,304.987183
2025-12-30,304.587646
2025-12-31,300.821716
2026-01-02,313.348053
2026-01-05,317.713287
2026-01-06,327.992065
2026-01-07,324.535858
2026-01-08,319.231628
2026-01-09,328.421631
2026-01-12,329.989899
2026-01-13,332.936646
2026-01-14,331.538208
2026-01-15,336.852417
2026-01-16,342.09668
2026-01-20,336.9823
2026-01-21,347.760529
2026-01-22,348.289948
2026-01-23,344.334229
2026-01-26,342.696045
2026-01-27,350.697296
2026-01-28,360.067047
2026-01-29,360.736359
2026-01-30,345.922485
2026-02-02,352.305542
2026-02-03,345.263245
2026-02-04,330.019867
2026-02-05,330.46936
2026-02-06,348.130127
2026-02-09,352.385468
2026-02-10,351.046936
2026-02-11,359.807373
2026-02-12,351.116852
2026-02-13,354.273376
2026-02-17,353.71402
2026-02-18,357.529877
2026-02-19,355.452118
2026-02-20,359.038177
2026-02-23,356.431061
2026-02-24,361.645386
2026-02-25,367.598846
2026-02-26,356.411041
2026-02-27,351.905975
2026-03-02,351.666229
2026-03-03,334.41507
2026-03-04,341.167694
2026-03-05,337.391815
2026-03-06,323.157379
2026-03-09,336.003326
2026-03-10,338.440674
2026-03-11,341.717102
2026-03-12,329.830078
2026-03-13,330.958832
2026-03-16,337.461731
2026-03-17,340.088501
2026-03-18,338.129456
2026-03-19,340.038544
2026-03-20,332.352203
2026-03-23,336.430237
2026-03-24,340.858124
2026-03-25,345.086121
2026-03-26,328.693909
2026-03-27,323.326477
2026-03-30,309.642975
2026-03-31,328.503998
2026-04-01,338.379333
2026-04-02,339.448792
2026-04-06,343.936676
2026-04-07,347.59494
2026-04-08,370.224182
2026-04-09,378.450287
2026-04-10,386.416504
2026-04-13,393.15329
2026-04-14,401.049561
2026-04-15,401.66925
2026-04-16,405.757324
2026-04-17,415.512695
2026-04-20,417.351807
2026-04-21,420.500336
2026-04-22,431.565063
2026-04-23,440.79068
2026-04-24,461.38092
2026-04-27,455.193848
2026-04-28,438.50177
2026-04-29,449.776398
2026-04-30,461.220978
2026-05-01,465.528931
2026-05-04,461.840698
2026-05-05,482.500885
2026-05-06,506.629425
2026-05-07,492.126282
2026-05-08,520.05304
2026-05-11,532.507141
2026-05-12,515.745056
2026-05-13,528.039246
2026-05-14,529.778442
2026-05-15,508.278625
2026-05-18,495.634644
2026-05-19,496.504211
2026-05-20,520.063049
2026-05-21,524.460999
2026-05-22,537.075012
2026-05-26,569.819458
2026-05-27,563.71228
2026-05-28,569.199707
2026-05-29,568.809937
2026-06-01,571.658508
2026-06-02,604.732849
2026-06-03,615.387756
2026-06-04,602.433899
2026-06-05,539.513855
2026-06-08,571.178772
2026-06-09,561.87323
2026-06-10,541.252991
2026-06-11,586.651428
2026-06-12,595.96698
2026-06-15,628.450012
2026-06-16,591.23999
2026-06-17,599.72998
2026-06-18,639.450012
2026-06-22,655.01001
2026-06-23,603.390015
2026-06-24,601.5
2026-06-25,625.200012
2026-06-26,589.940002
2026-06-29,614.349976
2026-06-30,640.76001
2026-07-01,599.700012
2026-07-02,566.320007
2026-07-06,581.51001
2026-07-07,551.690002
2026-07-08,562.030029
2026-07-09,581.700012
2026-07-10,581.340027
2026-07-13,553.609985
2026-07-14,567.919983
2026-07-15,555.27002
2026-07-16,530.5
2026-07-17,521.809998
2026-07-20,524.140015
2026-07-21,551.47998
