date,adj_close
2003-01-02,59.328991
2003-01-03,59.511387
2003-01-06,60.560253
2003-01-07,60.410454
2003-01-08,59.537464
2003-01-09,60.46254
2003-01-10,60.625381
2003-01-13,60.605892
2003-01-14,60.801281
2003-01-15,60.195454
2003-01-16,59.947857
2003-01-17,59.061886
2003-01-21,58.143341
2003-01-22,57.43972
2003-01-23,57.791553
2003-01-24,56.273628
2003-01-27,55.504887
2003-01-28,55.915318
2003-01-29,56.338749
2003-01-30,55.003254
2003-01-31,56.065128
2003-02-03,56.175907
2003-02-04,55.622185
2003-02-05,55.276901
2003-02-06,55.016277
2003-02-07,54.345284
2003-02-10,54.729645
2003-02-11,54.351803
2003-02-12,53.485352
2003-02-13,53.648209
2003-02-14,54.820869
2003-02-18,55.785019
2003-02-19,55.491863
2003-02-20,54.938103
2003-02-21,55.491863
2003-02-24,54.59285
2003-02-25,55.029312
2003-02-26,54.228012
2003-02-27,54.944618
2003-02-28,55.309444
2003-03-03,54.781742
2003-03-04,53.908794
2003-03-05,54.364788
2003-03-06,53.908794
2003-03-07,54.280144
2003-03-10,52.977203
2003-03-11,52.45602
2003-03-12,52.807816
2003-03-13,54.631916
2003-03-14,54.807831
2003-03-17,56.534203
2003-03-18,56.86647
2003-03-19,57.30291
2003-03-20,57.426701
2003-03-21,58.652477
2003-03-24,56.703285
2003-03-25,57.246181
2003-03-26,56.958397
2003-03-27,57.004173
2003-03-28,56.71637
2003-03-31,55.427818
2003-04-01,56.278149
2003-04-02,57.638657
2003-04-03,57.363914
2003-04-04,57.704048
2003-04-07,57.592846
2003-04-08,57.684425
2003-04-09,56.925697
2003-04-10,57.239655
2003-04-11,57.004173
2003-04-14,58.181557
2003-04-15,58.724415
2003-04-16,57.723648
2003-04-17,58.580517
2003-04-21,58.639423
2003-04-22,59.744823
2003-04-23,60.294285
2003-04-24,59.757896
2003-04-25,59.018753
2003-04-28,60.039165
2003-04-29,60.248489
2003-04-30,60.117672
2003-05-01,60.111134
2003-05-02,60.967976
2003-05-05,60.850254
2003-05-06,61.425842
2003-05-07,61.085716
2003-05-08,60.470852
2003-05-09,61.30809
2003-05-12,62.060329
2003-05-13,61.949066
2003-05-14,61.818295
2003-05-15,62.210762
2003-05-16,62.053753
2003-05-19,60.601658
2003-05-20,60.477421
2003-05-21,60.601658
2003-05-22,61.20343
2003-05-23,61.327728
2003-05-27,62.400455
2003-05-28,62.577019
2003-05-29,62.41354
2003-05-30,63.41431
2003-06-02,63.675941
2003-06-03,63.93755
2003-06-04,64.85981
2003-06-05,65.18029
2003-06-06,64.925224
2003-06-09,64.264618
2003-06-10,64.918671
2003-06-11,65.605476
2003-06-12,65.808235
2003-06-13,65.121483
2003-06-16,66.495064
2003-06-17,66.495064
2003-06-18,66.436172
2003-06-19,65.422325
2003-06-20,65.277885
2003-06-23,64.60833
2003-06-24,64.673988
2003-06-25,64.024086
2003-06-26,64.857803
2003-06-27,64.109444
2003-06-30,64.089745
2003-07-01,64.680542
2003-07-02,65.49453
2003-07-03,64.81842
2003-07-07,66.105057
2003-07-08,66.400444
2003-07-09,66.02626
2003-07-10,65.186035
2003-07-11,65.803093
2003-07-14,66.124748
2003-07-15,65.980354
2003-07-16,65.593025
2003-07-17,64.660873
2003-07-18,65.323883
2003-07-21,64.516441
2003-07-22,65.100677
2003-07-23,65.146645
2003-07-24,64.654297
2003-07-25,65.796486
2003-07-28,65.553627
2003-07-29,65.251663
2003-07-30,65.094124
2003-07-31,65.245132
2003-08-01,64.667427
2003-08-04,64.667427
2003-08-05,63.295422
2003-08-06,63.66301
2003-08-07,64.332642
2003-08-08,64.516441
2003-08-11,64.759315
2003-08-12,65.350159
2003-08-13,65.015335
2003-08-14,65.192566
2003-08-15,65.396103
2003-08-18,65.960625
2003-08-19,66.210106
2003-08-20,65.940926
2003-08-21,66.150986
2003-08-22,65.49453
2003-08-25,65.599571
2003-08-26,65.717751
2003-08-27,65.737427
2003-08-28,66.144424
2003-08-29,66.590843
2003-09-02,67.483627
2003-09-03,67.851204
2003-09-04,67.884026
2003-09-05,67.503326
2003-09-08,68.061264
2003-09-09,67.614899
2003-09-10,66.932175
2003-09-11,67.129143
2003-09-12,67.253883
2003-09-15,67.017525
2003-09-16,67.995644
2003-09-17,67.864326
2003-09-18,68.665245
2003-09-19,68.315987
2003-09-22,67.577919
2003-09-23,67.834938
2003-09-24,66.628998
2003-09-25,66.082047
2003-09-26,65.864616
2003-09-29,66.510406
2003-09-30,65.864616
2003-10-01,67.268188
2003-10-02,67.512039
2003-10-03,68.131447
2003-10-06,68.44117
2003-10-07,68.704758
2003-10-08,68.533432
2003-10-09,68.717941
2003-10-10,68.909027
2003-10-13,69.126526
2003-10-14,69.370331
2003-10-15,69.185844
2003-10-16,69.462601
2003-10-17,68.704758
2003-10-20,69.218742
2003-10-21,69.100151
2003-10-22,68.230293
2003-10-23,68.10508
2003-10-24,68.256691
2003-10-27,68.289612
2003-10-28,69.218742
2003-10-29,69.31102
2003-10-30,69.455978
2003-10-31,69.390114
2003-11-03,69.844803
2003-11-04,69.69323
2003-11-05,69.745903
2003-11-06,70.114983
2003-11-07,69.594406
2003-11-10,69.31102
2003-11-11,69.291252
2003-11-12,70.06884
2003-11-13,70.088615
2003-11-14,69.495506
2003-11-17,69.146271
2003-11-18,68.428009
2003-11-19,69.007927
2003-11-20,68.388451
2003-11-21,68.671852
2003-11-24,69.581215
2003-11-25,69.844803
2003-11-26,70.095184
2003-11-28,70.147926
2003-12-01,70.905746
2003-12-02,70.727844
2003-12-03,70.615822
2003-12-04,70.905746
2003-12-05,70.411514
2003-12-08,70.885994
2003-12-09,70.33905
2003-12-10,70.332466
2003-12-11,71.123215
2003-12-12,71.261604
2003-12-15,70.905746
2003-12-16,71.274803
2003-12-17,71.49881
2003-12-18,72.302757
2003-12-19,72.101479
2003-12-22,72.604698
2003-12-23,72.651039
2003-12-24,72.578186
2003-12-26,72.631134
2003-12-29,73.597824
2003-12-30,73.611099
2003-12-31,73.677299
2004-01-02,73.64418
2004-01-05,74.44532
2004-01-06,74.518105
2004-01-07,74.769722
2004-01-08,75.067657
2004-01-09,74.412209
2004-01-12,74.961739
2004-01-13,74.524773
2004-01-14,75.147095
2004-01-15,75.332497
2004-01-16,75.630409
2004-01-20,75.610535
2004-01-21,76.206474
2004-01-22,76.007851
2004-01-23,75.762856
2004-01-26,76.716263
2004-01-27,75.928383
2004-01-28,75.06102
2004-01-29,75.133873
2004-01-30,75.133873
2004-02-02,75.458313
2004-02-03,75.332497
2004-02-04,74.716759
2004-02-05,74.935265
2004-02-06,75.776115
2004-02-09,75.79599
2004-02-10,76.04097
2004-02-11,76.848656
2004-02-12,76.57061
2004-02-13,76.226326
2004-02-17,76.914871
2004-02-18,76.577202
2004-02-19,76.292526
2004-02-20,76.060783
2004-02-23,75.868774
2004-02-24,75.736366
2004-02-25,76.054153
2004-02-26,76.100533
2004-02-27,76.153473
2004-03-01,76.908257
2004-03-02,76.458046
2004-03-03,76.597092
2004-03-04,76.795715
2004-03-05,77.053902
2004-03-08,76.113777
2004-03-09,75.809204
2004-03-10,74.537971
2004-03-11,73.571335
2004-03-12,74.537971
2004-03-15,73.624306
2004-03-16,74.014923
2004-03-17,74.842567
2004-03-18,74.862419
2004-03-19,73.789383
2004-03-22,72.852554
2004-03-23,72.726334
2004-03-24,72.786118
2004-03-25,73.749527
2004-03-26,73.769447
2004-03-29,74.805946
2004-03-30,75.058418
2004-03-31,75.144798
2004-04-01,75.596573
2004-04-02,76.167969
2004-04-05,76.586533
2004-04-06,76.340736
2004-04-07,76.161346
2004-04-08,75.988594
2004-04-12,76.28759
2004-04-13,75.217873
2004-04-14,75.337463
2004-04-15,75.051743
2004-04-16,75.629829
2004-04-19,75.629829
2004-04-20,74.360817
2004-04-21,74.859077
2004-04-22,75.908875
2004-04-23,75.981949
2004-04-26,75.875641
2004-04-27,75.942078
2004-04-28,74.958748
2004-04-29,74.300995
2004-04-30,73.722946
2004-05-03,74.513611
2004-05-04,74.453819
2004-05-05,74.932175
2004-05-06,74.287689
2004-05-07,73.058533
2004-05-10,72.307762
2004-05-11,72.919029
2004-05-12,73.384094
2004-05-13,73.078438
2004-05-14,73.111702
2004-05-17,72.487152
2004-05-18,72.852554
2004-05-19,72.600098
2004-05-20,72.832657
2004-05-21,72.95887
2004-05-24,73.264503
2004-05-25,74.31427
2004-05-26,74.573364
2004-05-27,74.991959
2004-05-28,74.985344
2004-06-01,74.885674
2004-06-02,75.164719
2004-06-03,74.47374
2004-06-04,75.065056
2004-06-07,76.207817
2004-06-08,76.314148
2004-06-09,75.603241
2004-06-10,75.975288
2004-06-14,75.224533
2004-06-15,75.75605
2004-06-16,75.742752
2004-06-17,75.629829
2004-06-18,75.772514
2004-06-21,75.485756
2004-06-22,75.86586
2004-06-23,76.519363
2004-06-24,76.279327
2004-06-25,75.912521
2004-06-28,75.652489
2004-06-29,75.965881
2004-06-30,76.37265
2004-07-01,75.312401
2004-07-02,75.272362
2004-07-06,74.612228
2004-07-07,74.832268
2004-07-08,74.312141
2004-07-09,74.505524
2004-07-12,74.538872
2004-07-13,74.592239
2004-07-14,74.365501
2004-07-15,73.885368
2004-07-16,73.82534
2004-07-19,73.511948
2004-07-20,74.445526
2004-07-21,73.071838
2004-07-22,73.271889
2004-07-23,72.658417
2004-07-26,72.518349
2004-07-27,73.198532
2004-07-28,73.418556
2004-07-29,73.731972
2004-07-30,73.912033
2004-08-02,74.065422
2004-08-03,73.491936
2004-08-04,73.48526
2004-08-05,72.284966
2004-08-06,71.251411
2004-08-09,71.351395
2004-08-10,72.271637
2004-08-11,72.124901
2004-08-12,71.338074
2004-08-13,71.478104
2004-08-16,72.218254
2004-08-17,72.625038
2004-08-18,73.371925
2004-08-19,73.158508
2004-08-20,73.671982
2004-08-23,73.48526
2004-08-24,73.585304
2004-08-25,74.085426
2004-08-26,74.085426
2004-08-27,74.318817
2004-08-30,73.705345
2004-08-31,74.092094
2004-09-01,74.232109
2004-09-02,75.072334
2004-09-03,74.765617
2004-09-07,75.259048
2004-09-08,75.072334
2004-09-09,75.005615
2004-09-10,75.392387
2004-09-13,75.639145
2004-09-14,75.792519
2004-09-15,75.219025
2004-09-16,75.44577
2004-09-17,75.76651
2004-09-20,75.311165
2004-09-21,75.639282
2004-09-22,74.695137
2004-09-23,74.29335
2004-09-24,74.634865
2004-09-27,74.159386
2004-09-28,74.514336
2004-09-29,74.88932
2004-09-30,74.835754
2004-10-01,76.101318
2004-10-04,76.228539
2004-10-05,76.268723
2004-10-06,76.791023
2004-10-07,75.967407
2004-10-08,75.337952
2004-10-11,75.645973
2004-10-12,75.351357
2004-10-13,74.688454
2004-10-14,74.085777
2004-10-15,74.500938
2004-10-18,74.782166
2004-10-19,74.152771
2004-10-20,74.005402
2004-10-21,74.487556
2004-10-22,73.650505
2004-10-25,73.563477
2004-10-26,74.688454
2004-10-27,75.585716
2004-10-28,75.81337
2004-10-29,75.799957
2004-11-01,76.007568
2004-11-02,76.034348
2004-11-03,76.991867
2004-11-04,78.043182
2004-11-05,78.532021
2004-11-08,78.418175
2004-11-09,78.26413
2004-11-10,78.32444
2004-11-11,78.920349
2004-11-12,79.543129
2004-11-15,79.738533
2004-11-16,79.167694
2004-11-17,79.637802
2004-11-18,79.74527
2004-11-19,78.858749
2004-11-22,79.234848
2004-11-23,79.355721
2004-11-24,79.543808
2004-11-26,79.483345
2004-11-29,79.120651
2004-11-30,79.174377
2004-12-01,80.074348
2004-12-02,80.141495
2004-12-03,80.087769
2004-12-06,80.060921
2004-12-07,79.315453
2004-12-08,79.77887
2004-12-09,80.060921
2004-12-10,80.141495
2004-12-13,80.839981
2004-12-14,81.122025
2004-12-15,81.182465
2004-12-16,81.135475
2004-12-17,80.594315
2004-12-20,80.614555
2004-12-21,81.235359
2004-12-22,81.431015
2004-12-23,81.491707
2004-12-27,81.323059
2004-12-28,81.768402
2004-12-29,81.88987
2004-12-30,81.734642
2004-12-31,81.559227
2005-01-03,81.174576
2005-01-04,80.182663
2005-01-05,79.629379
2005-01-06,80.034248
2005-01-07,79.91954
2005-01-10,80.297409
2005-01-11,79.744064
2005-01-12,80.007294
2005-01-13,79.366219
2005-01-14,79.784584
2005-01-18,80.614555
2005-01-19,79.771088
2005-01-20,79.285263
2005-01-21,78.799423
2005-01-24,78.644249
2005-01-25,78.866852
2005-01-26,79.103073
2005-01-27,79.238045
2005-01-28,79.238045
2005-01-31,79.730583
2005-02-01,80.236679
2005-02-02,80.479568
2005-02-03,80.270386
2005-02-04,81.127335
2005-02-07,81.019394
2005-02-08,81.113861
2005-02-09,80.506577
2005-02-10,80.79673
2005-02-11,81.491707
2005-02-14,81.431015
2005-02-15,81.734642
2005-02-16,81.78862
2005-02-17,81.127335
2005-02-18,81.235359
2005-02-22,80.027496
2005-02-23,80.601044
2005-02-24,81.13414
2005-02-25,81.937119
2005-02-28,81.397278
2005-03-01,81.802162
2005-03-02,81.761627
2005-03-03,81.795387
2005-03-04,82.814339
2005-03-07,82.854805
2005-03-08,82.544357
2005-03-09,81.626678
2005-03-10,81.808899
2005-03-11,81.235359
2005-03-14,81.741402
2005-03-15,81.066628
2005-03-16,80.378357
2005-03-17,80.540352
2005-03-18,80.30117
2005-03-21,80.003151
2005-03-22,79.190254
2005-03-23,79.257973
2005-03-24,79.352806
2005-03-28,79.468002
2005-03-29,78.93959
2005-03-30,80.057281
2005-03-31,79.908287
2005-04-01,79.549278
2005-04-04,79.684753
2005-04-05,80.064064
2005-04-06,80.34182
2005-04-07,80.775391
2005-04-08,79.935394
2005-04-11,79.996361
2005-04-12,80.409569
2005-04-13,79.461182
2005-04-14,78.424713
2005-04-15,77.327316
2005-04-18,77.564423
2005-04-19,78.180847
2005-04-20,77.090256
2005-04-21,78.587311
2005-04-22,78.289253
2005-04-25,78.804108
2005-04-26,78.038605
2005-04-27,78.343437
2005-04-28,77.361191
2005-04-29,78.411194
2005-05-02,78.85154
2005-05-03,78.987
2005-05-04,79.596672
2005-05-05,79.569595
2005-05-06,79.318893
2005-05-09,79.813423
2005-05-10,78.987
2005-05-11,79.42054
2005-05-12,78.546661
2005-05-13,78.390854
2005-05-16,79.122513
2005-05-17,79.650887
2005-05-18,80.470566
2005-05-19,80.80925
2005-05-20,80.694115
2005-05-23,81.141205
2005-05-24,80.9515
2005-05-25,80.890533
2005-05-26,81.324127
2005-05-27,81.459572
2005-05-31,80.937965
2005-06-01,81.628922
2005-06-02,81.805077
2005-06-03,81.391838
2005-06-06,81.317345
2005-06-07,81.378304
2005-06-08,81.229248
2005-06-09,81.615402
2005-06-10,81.425697
2005-06-13,81.683136
2005-06-14,81.872818
2005-06-15,82.028603
2005-06-16,82.238602
2005-06-17,82.543343
2005-06-20,82.570518
2005-06-21,82.618111
2005-06-22,82.686165
2005-06-23,81.523079
2005-06-24,80.924507
2005-06-27,81.040192
2005-06-28,81.720337
2005-06-29,81.502716
2005-06-30,81.060593
2005-07-01,81.29863
2005-07-05,81.951576
2005-07-06,81.264633
2005-07-07,81.584297
2005-07-08,82.516129
2005-07-11,82.93782
2005-07-12,83.155472
2005-07-13,83.27108
2005-07-14,83.597557
2005-07-15,83.549942
2005-07-18,83.216698
2005-07-19,83.672363
2005-07-20,83.958031
2005-07-21,83.468315
2005-07-22,84.026009
2005-07-25,83.787994
2005-07-26,83.890015
2005-07-27,84.196091
2005-07-28,84.726631
2005-07-29,84.162079
2005-08-01,84.100883
2005-08-02,84.604172
2005-08-03,84.828613
2005-08-04,84.148476
2005-08-05,83.577148
2005-08-08,83.420746
2005-08-09,83.924042
2005-08-10,83.883194
2005-08-11,84.216476
2005-08-12,83.699577
2005-08-15,84.216476
2005-08-16,83.121445
2005-08-17,83.114677
2005-08-18,83.107826
2005-08-19,83.298279
2005-08-22,83.298279
2005-08-23,83.14183
2005-08-24,82.400497
2005-08-25,82.699753
2005-08-26,82.135239
2005-08-29,82.767769
2005-08-30,82.332466
2005-08-31,83.373108
2005-09-01,83.311913
2005-09-02,83.162262
2005-09-06,84.134857
2005-09-07,84.277664
2005-09-08,83.998863
2005-09-09,84.747009
2005-09-12,84.576965
2005-09-13,84.107674
2005-09-14,83.801613
2005-09-15,83.760803
2005-09-16,84.356422
2005-09-19,84.076355
2005-09-20,83.365929
2005-09-21,82.587318
2005-09-22,82.88102
2005-09-23,82.949326
2005-09-26,83.044991
2005-09-27,83.024483
2005-09-28,83.106422
2005-09-29,83.782661
2005-09-30,84.042206
2005-10-03,83.741646
2005-10-04,82.799065
2005-10-05,81.713013
2005-10-06,81.419289
2005-10-07,81.699364
2005-10-10,81.009483
2005-10-11,80.893349
2005-10-12,80.258148
2005-10-13,80.210327
2005-10-14,81.057304
2005-10-17,81.357819
2005-10-18,80.476692
2005-10-19,81.815475
2005-10-20,80.374222
2005-10-21,80.688446
2005-10-24,81.938416
2005-10-25,81.774513
2005-10-26,81.535431
2005-10-27,80.667923
2005-10-28,81.829124
2005-10-31,82.05452
2005-11-01,82.300423
2005-11-02,83.161087
2005-11-03,83.516258
2005-11-04,83.406937
2005-11-07,83.48893
2005-11-08,83.48893
2005-11-09,83.598206
2005-11-10,84.247116
2005-11-11,84.533989
2005-11-14,84.486176
2005-11-15,84.178825
2005-11-16,84.349579
2005-11-17,85.135078
2005-11-18,85.469772
2005-11-21,85.900101
2005-11-22,86.268936
2005-11-23,86.767548
2005-11-25,86.835892
2005-11-28,86.221123
2005-11-29,86.125519
2005-11-30,85.661026
2005-12-01,86.535355
2005-12-02,86.6446
2005-12-05,86.460205
2005-12-06,86.624115
2005-12-07,86.118668
2005-12-08,86.064011
2005-12-09,86.289421
2005-12-12,86.371407
2005-12-13,86.958817
2005-12-14,87.300316
2005-12-15,87.04763
2005-12-16,86.767448
2005-12-19,86.321114
2005-12-20,86.403496
2005-12-21,86.540871
2005-12-22,86.99408
2005-12-23,87.042122
2005-12-27,86.156326
2005-12-28,86.348595
2005-12-29,85.964027
2005-12-30,85.497101
2006-01-03,87.000916
2006-01-04,87.412903
2006-01-05,87.467865
2006-01-06,88.195755
2006-01-09,88.422318
2006-01-10,88.511566
2006-01-11,88.793121
2006-01-12,88.442955
2006-01-13,88.360519
2006-01-17,88.120193
2006-01-18,87.769951
2006-01-19,88.106445
2006-01-20,86.499672
2006-01-23,86.80867
2006-01-24,86.897926
2006-01-25,86.97345
2006-01-26,87.454132
2006-01-27,88.264359
2006-01-30,88.195755
2006-01-31,87.550247
2006-02-01,88.1614
2006-02-02,87.138245
2006-02-03,86.70565
2006-02-06,86.932259
2006-02-07,86.163185
2006-02-08,86.946014
2006-02-09,86.801773
2006-02-10,86.959709
2006-02-13,86.801773
2006-02-14,87.721947
2006-02-15,88.030914
2006-02-16,88.690132
2006-02-17,88.449776
2006-02-21,88.230057
2006-02-22,88.765686
2006-02-23,88.635178
2006-02-24,88.861794
2006-02-27,88.896118
2006-02-28,88.051521
2006-03-01,88.834328
2006-03-02,88.827461
2006-03-03,88.415474
2006-03-06,88.010345
2006-03-07,87.872993
2006-03-08,88.05838
2006-03-09,87.467865
2006-03-10,88.298714
2006-03-13,88.463524
2006-03-14,89.390526
2006-03-15,89.788811
2006-03-16,89.974205
2006-03-17,90.049347
2006-03-20,89.904564
2006-03-21,89.339241
2006-03-22,89.883881
2006-03-23,89.697739
2006-03-24,89.766655
2006-03-27,89.635704
2006-03-28,89.08419
2006-03-29,89.642624
2006-03-30,89.484024
2006-03-31,89.504692
2006-04-03,89.435768
2006-04-04,90.007988
2006-04-05,90.318207
2006-04-06,90.221664
2006-04-07,89.304779
2006-04-10,89.442688
2006-04-11,88.684311
2006-04-12,88.84977
2006-04-13,88.732559
2006-04-17,88.698112
2006-04-18,90.1045
2006-04-19,90.276855
2006-04-20,90.400909
2006-04-21,90.414742
2006-04-24,90.249283
2006-04-25,89.877022
2006-04-26,89.897667
2006-04-27,90.33197
2006-04-28,90.635323
2006-05-01,89.897667
2006-05-02,90.57328
2006-05-03,90.235458
2006-05-04,90.559525
2006-05-05,91.359192
2006-05-08,91.248917
2006-05-09,91.428123
2006-05-10,91.379883
2006-05-11,90.276855
2006-05-12,89.097984
2006-05-15,89.277206
2006-05-16,89.146217
2006-05-17,87.450287
2006-05-18,87.009087
2006-05-19,87.622612
2006-05-22,86.953934
2006-05-23,86.29213
2006-05-24,86.981529
2006-05-25,88.056953
2006-05-26,88.505081
2006-05-30,86.933235
2006-05-31,87.905281
2006-06-01,88.746338
2006-06-02,88.932518
2006-06-05,87.636436
2006-06-06,87.422691
2006-06-07,86.767799
2006-06-08,86.691978
2006-06-09,86.416199
2006-06-12,85.478622
2006-06-13,84.485893
2006-06-14,85.140816
2006-06-15,86.947037
2006-06-16,86.313461
2006-06-19,85.634865
2006-06-20,85.92569
2006-06-21,86.562752
2006-06-22,86.181915
2006-06-23,86.168007
2006-06-26,86.548874
2006-06-27,85.801033
2006-06-28,86.382713
2006-06-29,88.127663
2006-06-30,88.13459
2006-07-03,88.494667
2006-07-05,87.989159
2006-07-06,88.245392
2006-07-07,87.670654
2006-07-10,87.836807
2006-07-11,88.224617
2006-07-12,87.282883
2006-07-13,85.863358
2006-07-14,85.530952
2006-07-17,85.406334
2006-07-18,85.842575
2006-07-19,87.033577
2006-07-20,86.438095
2006-07-21,85.828751
2006-07-24,87.393661
2006-07-25,87.705276
2006-07-26,87.823021
2006-07-27,87.739906
2006-07-28,88.619293
2006-07-31,88.529251
2006-08-01,88.093033
2006-08-02,88.688545
2006-08-03,88.923996
2006-08-04,88.771622
2006-08-07,88.563904
2006-08-08,88.224617
2006-08-09,87.926834
2006-08-10,88.196915
2006-08-11,87.947647
2006-08-14,88.016876
2006-08-15,89.069397
2006-08-16,89.810326
2006-08-17,90.038841
2006-08-18,90.49585
2006-08-21,90.108055
2006-08-22,90.101128
2006-08-23,89.851868
2006-08-24,89.775673
2006-08-25,89.886475
2006-08-28,90.315796
2006-08-29,90.41964
2006-08-30,90.475052
2006-08-31,90.461212
2006-09-01,91.001305
2006-09-05,91.174423
2006-09-06,90.371185
2006-09-07,89.955711
2006-09-08,90.211945
2006-09-11,90.301941
2006-09-12,91.188286
2006-09-13,91.555244
2006-09-14,91.56218
2006-09-15,91.77713
2006-09-18,91.902275
2006-09-19,91.672752
2006-09-20,92.159599
2006-09-21,91.714516
2006-09-22,91.436295
2006-09-25,92.138779
2006-09-26,92.903778
2006-09-27,93.015076
2006-09-28,92.980278
2006-09-29,92.903778
2006-10-02,92.55603
2006-10-03,92.750778
2006-10-04,93.835716
2006-10-05,94.016579
2006-10-06,93.898323
2006-10-09,93.953987
2006-10-10,94.079201
2006-10-11,93.96788
2006-10-12,94.781609
2006-10-13,95.025063
2006-10-16,95.171104
2006-10-17,94.87207
2006-10-18,94.997231
2006-10-19,95.150208
2006-10-20,95.171104
2006-10-23,95.609268
2006-10-24,95.894402
2006-10-25,96.221252
2006-10-26,96.520302
2006-10-27,95.915283
2006-10-30,95.845749
2006-10-31,95.831833
2006-11-01,95.185013
2006-11-02,95.129425
2006-11-03,94.962425
2006-11-06,96.033524
2006-11-07,96.402176
2006-11-08,96.610756
2006-11-09,96.103043
2006-11-10,96.144814
2006-11-13,96.381241
2006-11-14,97.104591
2006-11-15,97.382774
2006-11-16,97.633156
2006-11-17,97.660965
2006-11-20,97.716621
2006-11-21,97.813972
2006-11-22,98.008728
2006-11-24,97.612259
2006-11-27,96.269997
2006-11-28,96.687248
2006-11-29,97.695778
2006-11-30,97.73748
2006-12-01,97.521805
2006-12-04,98.266037
2006-12-05,98.690277
2006-12-06,98.606834
2006-12-07,98.175613
2006-12-08,98.356468
2006-12-11,98.64164
2006-12-12,98.565155
2006-12-13,98.669426
2006-12-14,99.538765
2006-12-15,99.547867
2006-12-18,99.275146
2006-12-19,99.463966
2006-12-20,99.408028
2006-12-21,99.044365
2006-12-22,98.435883
2006-12-26,99.016342
2006-12-27,99.666771
2006-12-28,99.45697
2006-12-29,99.044365
2007-01-03,98.869484
2007-01-04,99.079277
2007-01-05,98.289009
2007-01-08,98.743614
2007-01-09,98.659683
2007-01-10,98.98838
2007-01-11,99.421997
2007-01-12,100.177338
2007-01-16,99.981499
2007-01-17,100.023453
2007-01-18,99.687782
2007-01-19,99.883583
2007-01-22,99.575874
2007-01-23,99.869591
2007-01-24,100.673874
2007-01-25,99.49192
2007-01-26,99.401001
2007-01-29,99.345116
2007-01-30,99.86261
2007-01-31,100.533989
2007-02-01,101.135452
2007-02-02,101.27533
2007-02-05,101.303322
2007-02-06,101.331291
2007-02-07,101.555038
2007-02-08,101.422203
2007-02-09,100.666832
2007-02-12,100.324188
2007-02-13,101.170441
2007-02-14,101.834831
2007-02-15,101.967697
2007-02-16,101.918739
2007-02-20,102.135536
2007-02-21,102.093567
2007-02-22,102.016663
2007-02-23,101.617989
2007-02-26,101.527107
2007-02-27,97.561668
2007-02-28,98.561768
2007-03-01,98.268036
2007-03-02,96.981194
2007-03-05,96.058029
2007-03-06,97.70153
2007-03-07,97.603653
2007-03-08,98.428917
2007-03-09,98.456879
2007-03-12,98.603745
2007-03-13,96.687477
2007-03-14,97.407814
2007-03-15,97.540703
2007-03-16,97.267548
2007-03-19,98.44014
2007-03-20,98.980804
2007-03-21,100.609772
2007-03-22,100.532516
2007-03-23,100.679977
2007-03-26,100.546516
2007-03-27,100.307846
2007-03-28,99.577606
2007-03-29,99.682945
2007-03-30,99.704002
2007-04-02,99.816338
2007-04-03,100.890594
2007-04-04,101.00293
2007-04-05,101.276772
2007-04-09,101.417252
2007-04-10,101.536575
2007-04-11,101.122345
2007-04-12,101.571701
2007-04-13,102.035103
2007-04-16,103.004051
2007-04-17,103.277916
2007-04-18,103.404274
2007-04-19,103.376167
2007-04-20,104.35218
2007-04-23,103.958977
2007-04-24,104.001083
2007-04-25,104.956024
2007-04-26,105.075371
2007-04-27,104.991127
2007-04-30,104.12043
2007-05-01,104.38726
2007-05-02,104.998131
2007-05-03,105.566864
2007-05-04,105.967056
2007-05-07,105.988182
2007-05-08,105.847771
2007-05-09,106.135689
2007-05-10,105.02623
2007-05-11,105.924973
2007-05-14,105.693237
2007-05-15,105.721382
2007-05-16,106.444565
2007-05-17,106.233864
2007-05-18,107.160759
2007-05-21,107.104568
2007-05-22,107.020317
2007-05-23,107.034332
2007-05-24,106.065399
2007-05-25,106.507759
2007-05-29,106.893921
2007-05-30,107.764565
2007-05-31,107.652222
2007-06-01,108.18586
2007-06-04,108.199913
2007-06-05,107.771545
2007-06-06,106.61306
2007-06-07,104.689194
2007-06-08,106.051353
2007-06-11,106.233864
2007-06-12,105.075371
2007-06-13,106.648209
2007-06-14,107.329193
2007-06-15,107.939934
2007-06-18,107.812988
2007-06-19,108.080948
2007-06-20,106.578926
2007-06-21,107.171318
2007-06-22,106.162918
2007-06-25,105.65519
2007-06-26,104.569176
2007-06-27,106.057152
2007-06-28,106.043015
2007-06-29,106.078293
2007-07-02,107.0373
2007-07-03,107.425102
2007-07-05,107.312355
2007-07-06,107.87648
2007-07-09,107.961082
2007-07-10,106.42382
2007-07-11,107.178375
2007-07-12,108.870758
2007-07-13,109.195122
2007-07-16,109.181061
2007-07-17,109.124596
2007-07-18,108.927124
2007-07-19,109.350243
2007-07-20,108.243149
2007-07-23,108.574562
2007-07-24,106.691803
2007-07-25,106.91037
2007-07-26,104.378853
2007-07-27,102.326782
2007-07-30,103.927528
2007-07-31,102.75695
2007-08-01,103.257607
2007-08-02,104.082672
2007-08-03,101.403038
2007-08-06,103.102425
2007-08-07,104.202576
2007-08-08,105.65519
2007-08-09,102.524231
2007-08-10,102.044716
2007-08-13,102.411446
2007-08-14,100.845909
2007-08-15,99.456795
2007-08-16,100.204208
2007-08-17,102.044716
2007-08-20,101.995316
2007-08-21,102.199829
2007-08-22,103.412766
2007-08-23,103.32103
2007-08-24,104.597404
2007-08-27,103.624275
2007-08-28,101.346619
2007-08-29,103.335136
2007-08-30,103.06015
2007-08-31,104.075623
2007-09-04,105.126282
2007-09-05,104.216675
2007-09-06,104.456367
2007-09-07,103.003761
2007-09-10,102.80632
2007-09-11,104.005081
2007-09-12,104.273003
2007-09-13,105.00647
2007-09-14,104.999367
2007-09-17,104.435257
2007-09-18,107.509758
2007-09-19,108.144386
2007-09-20,107.382843
2007-09-21,107.6726
2007-09-24,107.474236
2007-09-25,107.261726
2007-09-26,107.828468
2007-09-27,108.466179
2007-09-28,108.10479
2007-10-01,109.323433
2007-10-02,109.174629
2007-10-03,108.955063
2007-10-04,109.125092
2007-10-05,110.421638
2007-10-08,109.833611
2007-10-09,110.867996
2007-10-10,110.683731
2007-10-11,110.152382
2007-10-12,110.761734
2007-10-15,109.82653
2007-10-16,108.955063
2007-10-17,109.28804
2007-10-18,108.891251
2007-10-19,106.043068
2007-10-22,106.659439
2007-10-23,107.523781
2007-10-24,107.325455
2007-10-25,107.580521
2007-10-26,108.84169
2007-10-29,109.202972
2007-10-30,108.444908
2007-10-31,109.571434
2007-11-01,107.006607
2007-11-02,107.127098
2007-11-05,106.312263
2007-11-06,107.743477
2007-11-07,104.796082
2007-11-08,104.264671
2007-11-09,102.833488
2007-11-12,101.813179
2007-11-13,104.916458
2007-11-14,104.626022
2007-11-15,103.116882
2007-11-16,103.294014
2007-11-19,101.855736
2007-11-20,102.479187
2007-11-21,100.382011
2007-11-23,102.11792
2007-11-26,99.864822
2007-11-27,101.012596
2007-11-28,104.243431
2007-11-29,104.27887
2007-11-30,105.327461
2007-12-03,104.633087
2007-12-04,103.697868
2007-12-05,105.433685
2007-12-06,106.942802
2007-12-07,106.9216
2007-12-10,107.750565
2007-12-11,104.796082
2007-12-12,105.83049
2007-12-13,105.610825
2007-12-14,104.271805
2007-12-17,102.78392
2007-12-18,103.35778
2007-12-19,103.35778
2007-12-20,104.009598
2007-12-21,105.508926
2007-12-24,106.292458
2007-12-26,106.520409
2007-12-27,105.181305
2007-12-28,104.917786
2007-12-31,104.141342
2008-01-02,103.229645
2008-01-03,103.179848
2008-01-04,100.651237
2008-01-07,100.565758
2008-01-08,98.941795
2008-01-09,99.981728
2008-01-10,100.636986
2008-01-11,99.825012
2008-01-14,100.62989
2008-01-15,98.414703
2008-01-16,97.567108
2008-01-17,95.038536
2008-01-18,94.062683
2008-01-22,93.108276
2008-01-23,95.344803
2008-01-24,96.149673
2008-01-25,94.760765
2008-01-28,96.327759
2008-01-29,96.804993
2008-01-30,96.092735
2008-01-31,97.844902
2008-02-01,99.419022
2008-02-04,98.165413
2008-02-05,95.537125
2008-02-06,94.767853
2008-02-07,95.394691
2008-02-08,94.782097
2008-02-11,95.266479
2008-02-12,96.149673
2008-02-13,97.132622
2008-02-14,96.277901
2008-02-15,96.256516
2008-02-19,96.527191
2008-02-20,96.812103
2008-02-21,96.007233
2008-02-22,96.598419
2008-02-25,97.816429
2008-02-26,98.550056
2008-02-27,98.450294
2008-02-28,97.488739
2008-02-29,95.316345
2008-03-03,95.088425
2008-03-04,94.725159
2008-03-05,95.323486
2008-03-06,93.350441
2008-03-07,92.388908
2008-03-10,91.170883
2008-03-11,94.447342
2008-03-12,93.564148
2008-03-13,93.770699
2008-03-14,92.317657
2008-03-17,91.384598
2008-03-18,95.181
2008-03-19,92.82338
2008-03-20,94.542709
2008-03-24,96.432419
2008-03-25,96.52549
2008-03-26,95.344429
2008-03-27,95.0438
2008-03-28,94.134697
2008-03-31,94.464012
2008-04-01,97.785286
2008-04-02,97.849701
2008-04-03,98.093063
2008-04-04,97.98568
2008-04-07,98.035812
2008-04-08,97.935631
2008-04-09,97.226944
2008-04-10,97.362968
2008-04-11,95.473259
2008-04-14,95.151115
2008-04-15,95.373055
2008-04-16,97.9571
2008-04-17,98.100227
2008-04-18,99.123817
2008-04-21,99.173935
2008-04-22,98.73732
2008-04-23,98.579811
2008-04-24,99.009308
2008-04-25,99.925568
2008-04-28,99.946991
2008-04-29,99.553345
2008-04-30,98.966354
2008-05-01,101.013573
2008-05-02,101.292679
2008-05-05,100.805962
2008-05-06,101.679245
2008-05-07,99.868263
2008-05-08,99.610611
2008-05-09,99.4244
2008-05-12,100.541122
2008-05-13,100.55545
2008-05-14,100.76297
2008-05-15,102.02285
2008-05-16,102.115929
2008-05-19,102.395058
2008-05-20,101.564713
2008-05-21,99.846779
2008-05-22,99.861115
2008-05-23,98.52256
2008-05-27,99.252678
2008-05-28,99.710793
2008-05-29,100.211838
2008-05-30,100.462387
2008-06-02,99.4244
2008-06-03,98.844696
2008-06-04,98.794586
2008-06-05,100.770187
2008-06-06,97.556229
2008-06-09,97.792458
2008-06-10,97.305695
2008-06-11,95.87413
2008-06-12,96.239151
2008-06-13,97.456001
2008-06-16,97.51326
2008-06-17,97.040886
2008-06-18,96.095993
2008-06-19,96.217697
2008-06-20,94.655914
2008-06-23,94.56237
2008-06-24,94.375359
2008-06-25,94.821388
2008-06-26,92.24601
2008-06-27,91.742424
2008-06-30,92.066154
2008-07-01,92.35392
2008-07-02,90.771263
2008-07-03,90.864792
2008-07-07,89.936798
2008-07-08,91.533813
2008-07-09,89.771332
2008-07-10,90.138222
2008-07-11,89.087921
2008-07-14,88.282234
2008-07-15,87.037697
2008-07-16,89.17424
2008-07-17,90.066269
2008-07-18,90.62738
2008-07-21,90.67775
2008-07-22,91.70649
2008-07-23,92.202835
2008-07-24,90.289299
2008-07-25,90.267715
2008-07-28,88.944031
2008-07-29,90.843216
2008-07-30,92.4618
2008-07-31,91.238846
2008-08-01,90.756859
2008-08-04,89.915207
2008-08-05,92.339508
2008-08-06,92.749557
2008-08-07,91.36834
2008-08-08,93.066078
2008-08-11,94.03006
2008-08-12,93.051704
2008-08-13,92.490585
2008-08-14,93.188377
2008-08-15,93.641602
2008-08-18,92.361145
2008-08-19,91.353958
2008-08-20,91.778419
2008-08-21,91.936653
2008-08-22,93.267502
2008-08-25,91.375542
2008-08-26,91.641724
2008-08-27,92.533752
2008-08-28,93.655968
2008-08-29,92.648819
2008-09-02,92.073334
2008-09-03,91.994255
2008-09-04,89.224579
2008-09-05,89.50518
2008-09-08,91.353958
2008-09-09,88.64193
2008-09-10,89.001587
2008-09-11,90.289299
2008-09-12,90.70652
2008-09-15,86.390236
2008-09-16,87.836197
2008-09-17,83.886803
2008-09-18,86.375862
2008-09-19,89.806168
2008-09-22,87.772995
2008-09-23,85.776031
2008-09-24,86.050987
2008-09-25,87.39679
2008-09-26,87.440208
2008-09-29,80.588219
2008-09-30,83.923775
2008-10-01,83.974403
2008-10-02,80.928291
2008-10-03,79.835762
2008-10-06,75.769409
2008-10-07,72.376022
2008-10-08,70.552696
2008-10-09,65.625359
2008-10-10,64.033562
2008-10-13,73.3311
2008-10-14,72.245773
2008-10-15,65.133354
2008-10-16,67.846634
2008-10-17,67.44146
2008-10-20,71.493301
2008-10-21,69.358856
2008-10-22,65.581963
2008-10-23,66.341698
2008-10-24,62.977219
2008-10-27,60.741478
2008-10-28,67.839401
2008-10-29,67.347374
2008-10-30,69.677216
2008-10-31,70.060692
2008-11-03,70.263252
2008-11-04,72.651001
2008-11-05,69.597641
2008-11-06,65.741119
2008-11-07,67.911751
2008-11-10,67.021797
2008-11-11,64.952477
2008-11-12,62.094456
2008-11-13,65.965446
2008-11-14,62.673317
2008-11-17,61.841248
2008-11-18,63.006142
2008-11-19,58.968769
2008-11-20,54.591316
2008-11-21,57.536156
2008-11-24,61.522896
2008-11-25,61.978733
2008-11-26,64.373611
2008-11-28,65.183998
2008-12-01,59.410156
2008-12-02,61.696495
2008-12-03,63.17981
2008-12-04,61.718243
2008-12-05,63.621159
2008-12-08,65.8424
2008-12-09,64.757095
2008-12-10,65.198456
2008-12-11,63.628376
2008-12-12,64.388123
2008-12-15,63.490891
2008-12-16,66.479141
2008-12-17,65.83519
2008-12-18,64.605171
2008-12-19,64.327301
2008-12-22,63.503014
2008-12-23,62.846554
2008-12-24,63.211235
2008-12-26,63.575962
2008-12-29,63.39362
2008-12-30,64.89621
2008-12-31,65.822556
2009-01-02,67.806541
2009-01-05,67.726334
2009-01-06,68.178574
2009-01-07,66.136223
2009-01-08,66.406097
2009-01-09,64.983719
2009-01-12,63.422791
2009-01-13,63.539505
2009-01-14,61.540909
2009-01-15,61.562767
2009-01-16,62.044205
2009-01-20,58.7691
2009-01-21,61.307514
2009-01-22,60.359226
2009-01-23,60.621826
2009-01-26,61.037613
2009-01-27,61.657585
2009-01-28,63.743717
2009-01-29,61.672176
2009-01-30,60.417568
2009-02-02,60.235229
2009-02-03,61.081345
2009-02-04,60.782303
2009-02-05,61.686752
2009-02-06,63.444687
2009-02-09,63.532188
2009-02-10,60.621826
2009-02-11,60.979244
2009-02-12,61.023018
2009-02-13,60.366524
2009-02-17,57.784416
2009-02-18,57.645794
2009-02-19,57.025799
2009-02-20,56.471447
2009-02-23,54.450962
2009-02-24,56.515205
2009-02-25,56.07029
2009-02-26,55.158516
2009-02-27,53.925785
2009-03-02,51.496819
2009-03-03,51.110222
2009-03-04,52.321056
2009-03-05,50.183857
2009-03-06,50.271397
2009-03-09,49.68058
2009-03-10,52.642014
2009-03-11,52.984825
2009-03-12,55.070972
2009-03-13,55.50132
2009-03-16,55.333565
2009-03-17,57.025799
2009-03-18,58.30228
2009-03-19,57.580162
2009-03-20,56.354046
2009-03-23,60.401878
2009-03-24,59.211777
2009-03-25,59.836239
2009-03-26,61.055702
2009-03-27,59.953777
2009-03-30,57.882072
2009-03-31,58.418369
2009-04-01,59.549732
2009-04-02,61.290813
2009-04-03,61.900558
2009-04-06,61.415707
2009-04-07,59.983166
2009-04-08,60.629623
2009-04-09,63.039249
2009-04-13,63.053951
2009-04-14,61.966675
2009-04-15,62.627831
2009-04-16,63.546139
2009-04-17,63.972237
2009-04-20,61.290813
2009-04-21,62.488285
2009-04-22,62.106255
2009-04-23,62.715996
2009-04-24,63.663673
2009-04-27,63.061283
2009-04-28,62.862926
2009-04-29,64.199974
2009-04-30,64.222023
2009-05-01,64.567307
2009-05-04,66.763855
2009-05-05,66.536133
2009-05-06,67.689522
2009-05-07,66.749184
2009-05-08,68.306587
2009-05-11,67.028313
2009-05-12,66.829979
2009-05-13,65.147659
2009-05-14,65.706009
2009-05-15,65.169693
2009-05-18,67.021004
2009-05-19,66.940163
2009-05-20,66.49205
2009-05-21,65.537003
2009-05-22,65.397446
2009-05-26,67.072433
2009-05-27,65.874947
2009-05-28,66.793243
2009-05-29,67.976013
2009-06-01,69.621643
2009-06-02,69.680382
2009-06-03,68.798805
2009-06-04,69.445282
2009-06-05,69.459961
2009-06-08,69.17347
2009-06-09,69.5261
2009-06-10,69.349792
2009-06-11,69.65834
2009-06-12,69.84935
2009-06-15,68.247841
2009-06-16,67.322189
2009-06-17,67.256065
2009-06-18,67.748276
2009-06-19,67.997963
2009-06-22,65.958961
2009-06-23,66.010658
2009-06-24,66.579514
2009-06-25,68.027512
2009-06-26,67.850243
2009-06-29,68.485565
2009-06-30,67.931465
2009-07-01,68.212219
2009-07-02,66.350471
2009-07-06,66.343117
2009-07-07,65.057594
2009-07-08,65.01329
2009-07-09,65.138885
2009-07-10,64.983727
2009-07-13,66.564766
2009-07-14,66.941505
2009-07-15,68.899323
2009-07-16,68.788521
2009-07-17,69.542061
2009-07-20,70.280838
2009-07-21,70.605904
2009-07-22,70.591118
2009-07-23,72.149979
2009-07-24,72.445488
2009-07-27,72.659714
2009-07-28,72.319893
2009-07-29,72.142563
2009-07-30,72.896156
2009-07-31,72.999596
2009-08-03,74.203819
2009-08-04,74.395844
2009-08-05,74.181641
2009-08-06,73.797493
2009-08-07,74.765289
2009-08-10,74.610146
2009-08-11,73.679291
2009-08-12,74.469772
2009-08-13,75.038651
2009-08-14,74.462372
2009-08-17,72.63018
2009-08-18,73.206429
2009-08-19,73.849174
2009-08-20,74.610146
2009-08-21,76.072937
2009-08-24,76.065552
2009-08-25,76.213287
2009-08-26,76.220695
2009-08-27,76.390617
2009-08-28,76.375801
2009-08-31,75.696129
2009-09-01,74.026482
2009-09-02,73.74575
2009-09-03,74.358948
2009-09-04,75.400635
2009-09-08,76.050751
2009-09-09,76.634384
2009-09-10,77.417542
2009-09-11,77.402725
2009-09-14,77.779556
2009-09-15,78.104607
2009-09-16,79.286636
2009-09-17,79.168434
2009-09-18,79.218948
2009-09-21,79.018509
2009-09-22,79.478729
2009-09-23,78.818092
2009-09-24,77.9496
2009-09-25,77.533928
2009-09-28,78.92202
2009-09-29,78.684456
2009-09-30,78.380127
2009-10-01,76.435287
2009-10-02,76.078957
2009-10-05,77.214714
2009-10-06,78.320747
2009-10-07,78.536018
2009-10-08,79.137268
2009-10-09,79.619774
2009-10-12,79.931549
2009-10-13,79.76825
2009-10-14,81.141479
2009-10-15,81.438416
2009-10-16,80.829735
2009-10-19,81.497826
2009-10-20,81.067276
2009-10-21,80.339798
2009-10-22,81.156334
2009-10-23,80.228455
2009-10-26,79.359985
2009-10-27,78.996208
2009-10-28,77.504204
2009-10-29,79.166954
2009-10-30,76.873238
2009-11-02,77.437386
2009-11-03,77.682365
2009-11-04,77.882767
2009-11-05,79.315445
2009-11-06,79.523247
2009-11-09,81.334526
2009-11-10,81.349327
2009-11-11,81.765038
2009-11-12,80.93367
2009-11-13,81.37162
2009-11-16,82.551872
2009-11-17,82.648361
2009-11-18,82.596428
2009-11-19,81.520081
2009-11-20,81.23056
2009-11-23,82.262398
2009-11-24,82.388565
2009-11-25,82.678055
2009-11-27,81.334526
2009-11-30,81.609169
2009-12-01,82.618713
2009-12-02,82.581566
2009-12-03,81.935776
2009-12-04,82.403427
2009-12-07,82.277214
2009-12-08,81.364204
2009-12-09,81.668533
2009-12-10,82.128777
2009-12-11,82.477631
2009-12-14,83.041801
2009-12-15,82.655777
2009-12-16,82.781975
2009-12-17,81.787292
2009-12-18,82.250008
2009-12-21,83.085892
2009-12-22,83.384392
2009-12-23,83.548592
2009-12-24,83.94413
2009-12-28,84.123245
2009-12-29,84.00383
2009-12-30,83.973991
2009-12-31,83.167992
2010-01-04,84.578476
2010-01-05,84.802361
2010-01-06,84.862083
2010-01-07,85.220306
2010-01-08,85.503922
2010-01-11,85.623306
2010-01-12,84.82476
2010-01-13,85.541191
2010-01-14,85.772583
2010-01-15,84.809837
2010-01-19,85.869591
2010-01-20,84.996384
2010-01-21,83.362007
2010-01-22,81.503708
2010-01-25,81.921631
2010-01-26,81.578346
2010-01-27,81.966408
2010-01-28,81.026054
2010-01-29,80.145439
2010-02-01,81.391754
2010-02-02,82.3769
2010-02-03,81.966408
2010-02-04,79.436455
2010-02-05,79.600616
2010-02-08,79.025978
2010-02-09,80.018578
2010-02-10,79.861816
2010-02-11,80.697693
2010-02-12,80.630531
2010-02-16,81.899246
2010-02-17,82.287315
2010-02-18,82.772438
2010-02-19,82.944031
2010-02-22,82.959
2010-02-23,81.951508
2010-02-24,82.705269
2010-02-25,82.593315
2010-02-26,82.645546
2010-03-01,83.503807
2010-03-02,83.735146
2010-03-03,83.809792
2010-03-04,84.06353
2010-03-05,85.265106
2010-03-08,85.279999
2010-03-09,85.421791
2010-03-10,85.802391
2010-03-11,86.160652
2010-03-12,86.168083
2010-03-15,86.19046
2010-03-16,86.877106
2010-03-17,87.392052
2010-03-18,87.347267
2010-03-19,86.905113
2010-03-22,87.369751
2010-03-23,87.984261
2010-03-24,87.557091
2010-03-25,87.414688
2010-03-26,87.362244
2010-03-29,87.916794
2010-03-30,87.97673
2010-03-31,87.677002
2010-04-01,88.276482
2010-04-05,88.995903
2010-04-06,89.205719
2010-04-07,88.696144
2010-04-08,89.003403
2010-04-09,89.587898
2010-04-12,89.730278
2010-04-13,89.797707
2010-04-14,90.816879
2010-04-15,90.8918
2010-04-16,89.445511
2010-04-19,89.78273
2010-04-20,90.584587
2010-04-21,90.419701
2010-04-22,90.689468
2010-04-23,91.281502
2010-04-26,90.93676
2010-04-27,88.786064
2010-04-28,89.46048
2010-04-29,90.569557
2010-04-30,89.033348
2010-05-03,90.187401
2010-05-04,88.066658
2010-05-05,87.542122
2010-05-06,84.634552
2010-05-07,83.375565
2010-05-10,87.047523
2010-05-11,86.800194
2010-05-12,88.014229
2010-05-13,86.920135
2010-05-14,85.346443
2010-05-17,85.39138
2010-05-18,84.229866
2010-05-19,83.750267
2010-05-20,80.587883
2010-05-21,81.76442
2010-05-24,80.715256
2010-05-25,80.797729
2010-05-26,80.3106
2010-05-27,83.000893
2010-05-28,81.959251
2010-06-01,80.580391
2010-06-02,82.678673
2010-06-03,82.963425
2010-06-04,80.04834
2010-06-07,79.051674
2010-06-08,79.898483
2010-06-09,79.471283
2010-06-10,81.794373
2010-06-11,82.191574
2010-06-14,82.064156
2010-06-15,83.930122
2010-06-16,83.900162
2010-06-17,84.035019
2010-06-18,84.126137
2010-06-21,83.885162
2010-06-22,82.499779
2010-06-23,82.243752
2010-06-24,80.880959
2010-06-25,81.219803
2010-06-28,80.963783
2010-06-29,78.464012
2010-06-30,77.718605
2010-07-01,77.372231
2010-07-02,76.950577
2010-07-06,77.455086
2010-07-07,79.894615
2010-07-08,80.685165
2010-07-09,81.287537
2010-07-12,81.340248
2010-07-13,82.567558
2010-07-14,82.560043
2010-07-15,82.582603
2010-07-16,80.308716
2010-07-19,80.783073
2010-07-20,81.679092
2010-07-21,80.617409
2010-07-22,82.416954
2010-07-23,83.132263
2010-07-26,83.998138
2010-07-27,83.990601
2010-07-28,83.448509
2010-07-29,83.041901
2010-07-30,83.02681
2010-08-02,84.901649
2010-08-03,84.495087
2010-08-04,85.059769
2010-08-05,84.969429
2010-08-06,84.62307
2010-08-09,85.074837
2010-08-10,84.615532
2010-08-11,82.296532
2010-08-12,81.792023
2010-08-13,81.551041
2010-08-16,81.51342
2010-08-17,82.514801
2010-08-18,82.665413
2010-08-19,81.22728
2010-08-20,80.963783
2010-08-23,80.655083
2010-08-24,79.457893
2010-08-25,79.766632
2010-08-26,79.231995
2010-08-27,80.459305
2010-08-30,79.292236
2010-08-31,79.292236
2010-09-01,81.664001
2010-09-02,82.4245
2010-09-03,83.493645
2010-09-07,82.552498
2010-09-08,83.132263
2010-09-09,83.516228
2010-09-10,83.937889
2010-09-13,84.871529
2010-09-14,84.818855
2010-09-15,85.142624
2010-09-16,85.12001
2010-09-17,85.151817
2010-09-20,86.453789
2010-09-21,86.279701
2010-09-22,85.855797
2010-09-23,85.159378
2010-09-24,86.91555
2010-09-27,86.499222
2010-09-28,86.802002
2010-09-29,86.650635
2010-09-30,86.39325
2010-10-01,86.756577
2010-10-04,86.105591
2010-10-05,87.839043
2010-10-06,87.831482
2010-10-07,87.725502
2010-10-08,88.217545
2010-10-11,88.300812
2010-10-12,88.573311
2010-10-13,89.262161
2010-10-14,88.913971
2010-10-15,89.095634
2010-10-18,89.534683
2010-10-19,88.361397
2010-10-20,89.224312
2010-10-21,89.421089
2010-10-22,89.587654
2010-10-25,89.852608
2010-10-26,89.867744
2010-10-27,89.610352
2010-10-28,89.625511
2010-10-29,89.693619
2010-11-01,89.723907
2010-11-02,90.435478
2010-11-03,90.798828
2010-11-04,92.547424
2010-11-05,92.895638
2010-11-08,92.721527
2010-11-09,92.055374
2010-11-10,92.426315
2010-11-11,92.07811
2010-11-12,90.988083
2010-11-15,90.859344
2010-11-16,89.443825
2010-11-17,89.489243
2010-11-18,90.806381
2010-11-19,91.056198
2010-11-22,90.980522
2010-11-23,89.663368
2010-11-24,90.988083
2010-11-26,89.928284
2010-11-29,90.200806
2010-11-30,89.693619
2010-12-01,91.601189
2010-12-02,92.774506
2010-12-03,93.0243
2010-12-06,92.925888
2010-12-07,92.978897
2010-12-08,93.319542
2010-12-09,93.682892
2010-12-10,94.227898
2010-12-13,94.288475
2010-12-14,94.371719
2010-12-15,93.940247
2010-12-16,94.485275
2010-12-17,94.586502
2010-12-20,94.814781
2010-12-21,95.415886
2010-12-22,95.712685
2010-12-23,95.575729
2010-12-27,95.613747
2010-12-28,95.750771
2010-12-29,95.819214
2010-12-30,95.66703
2010-12-31,95.689835
2011-01-03,96.679115
2011-01-04,96.625847
2011-01-05,97.128052
2011-01-06,96.93782
2011-01-07,96.747597
2011-01-10,96.625847
2011-01-11,96.968277
2011-01-12,97.843376
2011-01-13,97.683563
2011-01-14,98.391235
2011-01-18,98.558662
2011-01-19,97.592239
2011-01-20,97.462883
2011-01-21,97.683563
2011-01-24,98.239044
2011-01-25,98.292313
2011-01-26,98.672798
2011-01-27,98.916275
2011-01-28,97.188927
2011-01-31,97.919456
2011-02-01,99.487015
2011-02-02,99.296783
2011-02-03,99.517441
2011-02-04,99.799011
2011-02-07,100.422997
2011-02-08,100.879578
2011-02-09,100.651276
2011-02-10,100.689339
2011-02-11,101.290489
2011-02-14,101.533981
2011-02-15,101.214386
2011-02-16,101.853584
2011-02-17,102.157959
2011-02-18,102.371017
2011-02-22,100.316467
2011-02-23,99.700089
2011-02-24,99.631592
2011-02-25,100.696945
2011-02-28,101.320923
2011-03-01,99.631592
2011-03-02,99.844666
2011-03-03,101.564438
2011-03-04,100.803513
2011-03-07,100.012093
2011-03-08,100.887177
2011-03-09,100.742592
2011-03-10,98.87825
2011-03-11,99.563103
2011-03-14,98.96199
2011-03-15,97.828133
2011-03-16,96.017059
2011-03-17,97.287857
2011-03-18,97.641724
2011-03-21,99.154991
2011-03-22,98.811028
2011-03-23,99.093811
2011-03-24,100.041473
2011-03-25,100.347191
2011-03-28,100.102615
2011-03-29,100.775177
2011-03-30,101.470665
2011-03-31,101.333061
2011-04-01,101.761055
2011-04-04,101.845161
2011-04-05,101.829834
2011-04-06,102.150856
2011-04-07,101.890984
2011-04-08,101.539436
2011-04-11,101.233734
2011-04-12,100.477112
2011-04-13,100.469467
2011-04-14,100.545921
2011-04-15,100.912735
2011-04-18,99.781647
2011-04-19,100.354836
2011-04-20,101.722832
2011-04-21,102.242569
2011-04-25,102.135551
2011-04-26,103.014481
2011-04-27,103.686981
2011-04-28,104.023323
2011-04-29,104.267845
2011-05-02,104.107361
2011-05-03,103.732864
2011-05-04,103.045036
2011-05-05,102.11261
2011-05-06,102.563538
2011-05-09,102.960976
2011-05-10,103.839859
2011-05-11,102.746979
2011-05-12,103.236069
2011-05-13,102.441284
2011-05-16,101.791664
2011-05-17,101.776329
2011-05-18,102.685829
2011-05-19,102.930397
2011-05-20,102.11261
2011-05-23,100.928032
2011-05-24,100.843956
2011-05-25,101.180244
2011-05-26,101.646416
2011-05-27,102.036217
2011-05-31,103.098534
2011-06-01,100.782852
2011-06-02,100.67585
2011-06-03,99.674644
2011-06-06,98.619949
2011-06-07,98.558838
2011-06-08,98.146149
2011-06-09,98.895126
2011-06-10,97.519455
2011-06-13,97.595863
2011-06-14,98.833984
2011-06-15,97.07618
2011-06-16,97.290138
2011-06-17,97.58049
2011-06-20,98.079697
2011-06-21,99.42382
2011-06-22,98.824745
2011-06-23,98.54055
2011-06-24,97.396156
2011-06-27,98.264061
2011-06-28,99.546684
2011-06-29,100.399239
2011-06-30,101.359261
2011-07-01,102.856987
2011-07-05,102.772491
2011-07-06,102.895348
2011-07-07,103.962936
2011-07-08,103.225616
2011-07-11,101.359261
2011-07-12,100.921494
2011-07-13,101.259445
2011-07-14,100.560501
2011-07-15,101.144257
2011-07-18,100.31472
2011-07-19,101.942978
2011-07-20,101.881523
2011-07-21,103.294739
2011-07-22,103.363899
2011-07-25,102.78788
2011-07-26,102.403793
2011-07-27,100.307037
2011-07-28,100.015198
2011-07-29,99.331642
2011-08-01,98.909225
2011-08-02,96.382309
2011-08-03,96.904602
2011-08-04,92.365425
2011-08-05,92.227203
2011-08-08,86.221062
2011-08-09,90.23027
2011-08-10,86.244064
2011-08-11,90.115051
2011-08-12,90.72184
2011-08-15,92.641953
2011-08-16,91.85083
2011-08-17,91.912277
2011-08-18,87.949158
2011-08-19,86.512917
2011-08-22,86.582054
2011-08-23,89.431503
2011-08-24,90.691086
2011-08-25,89.308624
2011-08-26,90.606613
2011-08-29,93.210289
2011-08-30,93.45607
2011-08-31,93.870827
2011-09-01,92.887711
2011-09-02,90.514435
2011-09-06,89.853897
2011-09-07,92.388466
2011-09-08,91.428436
2011-09-09,89.032127
2011-09-12,89.608154
2011-09-13,90.429947
2011-09-14,91.681892
2011-09-15,93.264046
2011-09-16,93.816025
2011-09-19,92.881866
2011-09-20,92.773819
2011-09-21,90.040863
2011-09-22,87.130356
2011-09-23,87.655319
2011-09-26,89.739777
2011-09-27,90.743385
2011-09-28,88.890572
2011-09-29,89.593071
2011-09-30,87.354225
2011-10-03,84.868309
2011-10-04,86.728882
2011-10-05,88.334702
2011-10-06,89.932777
2011-10-07,89.330582
2011-10-10,92.318329
2011-10-11,92.410973
2011-10-12,93.221619
2011-10-13,93.036301
2011-10-14,94.626656
2011-10-17,92.820122
2011-10-18,94.634415
2011-10-19,93.514969
2011-10-20,93.924149
2011-10-21,95.707512
2011-10-24,96.880974
2011-10-25,94.997253
2011-10-26,95.962257
2011-10-27,99.305145
2011-10-28,99.28196
2011-10-31,96.888687
2011-11-01,94.186607
2011-11-02,95.722908
2011-11-03,97.46772
2011-11-04,96.873245
2011-11-07,97.475441
2011-11-08,98.726112
2011-11-09,95.082176
2011-11-10,95.977722
2011-11-11,97.784248
2011-11-14,96.857803
2011-11-15,97.336456
2011-11-16,95.792419
2011-11-17,94.271523
2011-11-18,94.171165
2011-11-21,92.380058
2011-11-22,92.017227
2011-11-23,89.986809
2011-11-25,89.816956
2011-11-28,92.418694
2011-11-29,92.681168
2011-11-30,96.494942
2011-12-01,96.47953
2011-12-02,96.3946
2011-12-05,97.444534
2011-12-06,97.475441
2011-12-07,97.83828
2011-12-08,95.69207
2011-12-09,97.313332
2011-12-12,95.892807
2011-12-13,94.997253
2011-12-14,93.985878
2011-12-15,94.325562
2011-12-16,94.465393
2011-12-19,93.455421
2011-12-20,96.283417
2011-12-21,96.469894
2011-12-22,97.324463
2011-12-23,98.194603
2011-12-27,98.272316
2011-12-28,96.982628
2011-12-29,97.984863
2011-12-30,97.503181
2012-01-03,99.057022
2012-01-04,99.212395
2012-01-05,99.476562
2012-01-06,99.220161
2012-01-09,99.460983
2012-01-10,100.32341
2012-01-11,100.377792
2012-01-12,100.618629
2012-01-13,100.098076
2012-01-17,100.486549
2012-01-18,101.597572
2012-01-19,102.133614
2012-01-20,102.51429
2012-01-23,102.250137
2012-01-24,102.133614
2012-01-25,102.988213
2012-01-26,102.459938
2012-01-27,102.4133
2012-01-30,102.063698
2012-01-31,102.024864
2012-02-01,102.918274
2012-02-02,103.081444
2012-02-03,104.52652
2012-02-06,104.456573
2012-02-07,104.720734
2012-02-08,105.031517
2012-02-09,105.16362
2012-02-10,104.386658
2012-02-13,105.16362
2012-02-14,105.031517
2012-02-15,104.542053
2012-02-16,105.699654
2012-02-17,105.979324
2012-02-21,106.025955
2012-02-22,105.684113
2012-02-23,106.150253
2012-02-24,106.383339
2012-02-27,106.562073
2012-02-28,106.872787
2012-02-29,106.45327
2012-03-01,107.00486
2012-03-02,106.678596
2012-03-05,106.243507
2012-03-06,104.689682
2012-03-07,105.419937
2012-03-08,106.468773
2012-03-09,106.880577
2012-03-12,106.888336
2012-03-13,108.815063
2012-03-14,108.698578
2012-03-15,109.327835
2012-03-16,109.479271
2012-03-19,109.908424
2012-03-20,109.588463
2012-03-21,109.409035
2012-03-22,108.620888
2012-03-23,108.972038
2012-03-26,110.501457
2012-03-27,110.15815
2012-03-28,109.611923
2012-03-29,109.424622
2012-03-30,109.877213
2012-04-02,110.680901
2012-04-03,110.22834
2012-04-04,109.135887
2012-04-05,109.081268
2012-04-09,107.856155
2012-04-10,106.045792
2012-04-11,106.904213
2012-04-12,108.300934
2012-04-13,107.013435
2012-04-16,106.943222
2012-04-17,108.527214
2012-04-18,108.160522
2012-04-19,107.466003
2012-04-20,107.645477
2012-04-23,106.740288
2012-04-24,107.14608
2012-04-25,108.613113
2012-04-26,109.369987
2012-04-27,109.549446
2012-04-30,109.143684
2012-05-01,109.822586
2012-05-02,109.494873
2012-05-03,108.659904
2012-05-04,106.904213
2012-05-07,106.982216
2012-05-08,106.553047
2012-05-09,105.920982
2012-05-10,106.139465
2012-05-11,105.819527
2012-05-14,104.649063
2012-05-15,104.048218
2012-05-16,103.650269
2012-05-17,102.112999
2012-05-18,101.239059
2012-05-21,102.979126
2012-05-22,103.158661
2012-05-23,103.213257
2012-05-24,103.416153
2012-05-25,103.080589
2012-05-29,104.329109
2012-05-30,102.815277
2012-05-31,102.588989
2012-06-01,100.006126
2012-06-04,99.959297
2012-06-05,100.716232
2012-06-06,102.979126
2012-06-07,103.041595
2012-06-08,103.860939
2012-06-11,102.542198
2012-06-12,103.720482
2012-06-13,103.057213
2012-06-14,104.149628
2012-06-15,105.21476
2012-06-18,105.418724
2012-06-19,106.438438
2012-06-20,106.265846
2012-06-21,103.881416
2012-06-22,104.681458
2012-06-25,103.002914
2012-06-26,103.520561
2012-06-27,104.453972
2012-06-28,104.15593
2012-06-29,106.752159
2012-07-02,107.073769
2012-07-03,107.779694
2012-07-05,107.293365
2012-07-06,106.273727
2012-07-09,106.140388
2012-07-10,105.21476
2012-07-11,105.230522
2012-07-12,104.720665
2012-07-13,106.477631
2012-07-16,106.226624
2012-07-17,106.956131
2012-07-18,107.748283
2012-07-19,108.030685
2012-07-20,107.042343
2012-07-23,105.959961
2012-07-24,105.050087
2012-07-25,105.073631
2012-07-26,106.807083
2012-07-27,108.775848
2012-07-30,108.775848
2012-07-31,108.015015
2012-08-01,107.920876
2012-08-02,107.175713
2012-08-03,109.301384
2012-08-06,109.513123
2012-08-07,110.062202
2012-08-08,110.195526
2012-08-09,110.28965
2012-08-10,110.470093
2012-08-13,110.415199
2012-08-14,110.430878
2012-08-15,110.556366
2012-08-16,111.372139
2012-08-17,111.521072
2012-08-20,111.528969
2012-08-21,111.191628
2012-08-22,111.238724
2012-08-23,110.328896
2012-08-24,110.99556
2012-08-27,111.019089
2012-08-28,110.90934
2012-08-29,110.99556
2012-08-30,110.195526
2012-08-31,110.721046
2012-09-04,110.61911
2012-09-05,110.524986
2012-09-06,112.768265
2012-09-07,113.207481
2012-09-10,112.564316
2012-09-11,112.87809
2012-09-12,113.254562
2012-09-13,114.980194
2012-09-14,115.48999
2012-09-17,115.097862
2012-09-18,115.00367
2012-09-19,115.066452
2012-09-20,115.074326
2012-09-21,115.026207
2012-09-24,114.852707
2012-09-25,113.630501
2012-09-26,112.99173
2012-09-27,114.056244
2012-09-28,113.527916
2012-10-01,113.827591
2012-10-02,113.945885
2012-10-03,114.411125
2012-10-04,115.231277
2012-10-05,115.239128
2012-10-08,114.844841
2012-10-09,113.709282
2012-10-10,112.983856
2012-10-11,113.046951
2012-10-12,112.676292
2012-10-15,113.614685
2012-10-16,114.765968
2012-10-17,115.2864
2012-10-18,114.986755
2012-10-19,113.070549
2012-10-22,113.086342
2012-10-23,111.517143
2012-10-24,111.201706
2012-10-25,111.525032
2012-10-26,111.461906
2012-10-31,111.461906
2012-11-01,112.629013
2012-11-02,111.627541
2012-11-05,111.856201
2012-11-06,112.731537
2012-11-07,110.176613
2012-11-08,108.851845
2012-11-09,108.946449
2012-11-12,109.033173
2012-11-13,108.654671
2012-11-14,107.187988
2012-11-15,107.006615
2012-11-16,107.53495
2012-11-19,109.711388
2012-11-20,109.758698
2012-11-21,109.963661
2012-11-23,111.461906
2012-11-26,111.225395
2012-11-27,110.657623
2012-11-28,111.548676
2012-11-29,112.069122
2012-11-30,112.092758
2012-12-03,111.540802
2012-12-04,111.383049
2012-12-05,111.580238
2012-12-06,111.958733
2012-12-07,112.297806
2012-12-10,112.345123
2012-12-11,113.110031
2012-12-12,113.165176
2012-12-13,112.47123
2012-12-14,112.053368
2012-12-17,113.370201
2012-12-18,114.631935
2012-12-19,113.780273
2012-12-20,114.434761
2012-12-21,113.396027
2012-12-24,113.04657
2012-12-26,112.570114
2012-12-27,112.41922
2012-12-28,111.204185
2012-12-31,113.094254
2013-01-02,115.992905
2013-01-03,115.730782
2013-01-04,116.239044
2013-01-07,115.921417
2013-01-08,115.587914
2013-01-09,115.881714
2013-01-10,116.802902
2013-01-11,116.794975
2013-01-14,116.715584
2013-01-15,116.794975
2013-01-16,116.779099
2013-01-17,117.533478
2013-01-18,117.795609
2013-01-22,118.430946
2013-01-23,118.621513
2013-01-24,118.653282
2013-01-25,119.320335
2013-01-28,119.177376
2013-01-29,119.64592
2013-01-30,119.177376
2013-01-31,118.883606
2013-02-01,120.106567
2013-02-04,118.756538
2013-02-05,119.955658
2013-02-06,120.04306
2013-02-07,119.884201
2013-02-08,120.551254
2013-02-11,120.527466
2013-02-12,120.725983
2013-02-13,120.829193
2013-02-14,120.940414
2013-02-15,120.797462
2013-02-19,121.702797
2013-02-20,120.185951
2013-02-21,119.455338
2013-02-22,120.622765
2013-02-25,118.32769
2013-02-26,119.137703
2013-02-27,120.638618
2013-02-28,120.400429
2013-03-01,120.797462
2013-03-04,121.440712
2013-03-05,122.52877
2013-03-06,122.695427
2013-03-07,122.917831
2013-03-08,123.442001
2013-03-11,123.910515
2013-03-12,123.632545
2013-03-13,123.807228
2013-03-14,124.466438
2013-03-15,124.302094
2013-03-18,123.616089
2013-03-19,123.328964
2013-03-20,124.190407
2013-03-21,123.129562
2013-03-22,124.118675
2013-03-25,123.600166
2013-03-26,124.589272
2013-03-27,124.589272
2013-03-28,124.972122
2013-04-01,124.477577
2013-04-02,125.091797
2013-04-03,123.823448
2013-04-04,124.326027
2013-04-05,123.767662
2013-04-08,124.605194
2013-04-09,125.035995
2013-04-10,126.567566
2013-04-11,126.982323
2013-04-12,126.671173
2013-04-15,123.735771
2013-04-16,125.562454
2013-04-17,123.727791
2013-04-18,122.954002
2013-04-19,124.022934
2013-04-22,124.573303
2013-04-23,125.857567
2013-04-24,125.937347
2013-04-25,126.447884
2013-04-26,126.224518
2013-04-29,127.070068
2013-04-30,127.373146
2013-05-01,126.256416
2013-05-02,127.429016
2013-05-03,128.721222
2013-05-06,129.048294
2013-05-07,129.702377
2013-05-08,130.292679
2013-05-09,129.925735
2013-05-10,130.34848
2013-05-13,130.452164
2013-05-14,131.800293
2013-05-15,132.510178
2013-05-16,131.888077
2013-05-17,133.164307
2013-05-20,133.156311
2013-05-21,133.347763
2013-05-22,132.358643
2013-05-23,131.975769
2013-05-24,131.86409
2013-05-28,132.653763
2013-05-29,131.792267
2013-05-30,132.278885
2013-05-31,130.380386
2013-06-03,131.098297
2013-06-04,130.468109
2013-06-05,128.641479
2013-06-06,129.806061
2013-06-07,131.457245
2013-06-10,131.457245
2013-06-11,130.101227
2013-06-12,129.024292
2013-06-13,130.986618
2013-06-14,130.165024
2013-06-17,131.170135
2013-06-18,132.207047
2013-06-19,130.380386
2013-06-20,127.149818
2013-06-21,127.558022
2013-06-24,125.946205
2013-06-25,127.157043
2013-06-26,128.416
2013-06-27,129.169769
2013-06-28,128.640549
2013-07-01,129.394318
2013-07-02,129.274033
2013-07-03,129.3302
2013-07-05,130.725418
2013-07-08,131.471268
2013-07-09,132.417526
2013-07-10,132.465576
2013-07-11,134.269974
2013-07-12,134.325989
2013-07-15,134.839188
2013-07-16,134.33403
2013-07-17,134.678848
2013-07-18,135.416565
2013-07-19,135.65712
2013-07-22,135.921783
2013-07-23,135.633087
2013-07-24,135.13588
2013-07-25,135.464645
2013-07-26,135.608994
2013-07-29,135.192032
2013-07-30,135.192032
2013-07-31,135.288284
2013-08-01,136.851974
2013-08-02,137.084534
2013-08-05,136.884018
2013-08-06,136.106186
2013-08-07,135.665131
2013-08-08,136.162338
2013-08-09,135.769394
2013-08-12,135.608994
2013-08-13,136.01001
2013-08-14,135.312317
2013-08-15,133.419907
2013-08-16,132.978775
2013-08-19,132.128784
2013-08-20,132.77832
2013-08-21,131.960388
2013-08-22,133.163315
2013-08-23,133.61232
2013-08-26,133.115128
2013-08-27,130.973999
2013-08-28,131.439163
2013-08-29,131.647675
2013-08-30,131.230682
2013-09-03,131.824112
2013-09-04,132.914642
2013-09-05,133.083084
2013-09-06,133.147171
2013-09-09,134.422241
2013-09-10,135.416565
2013-09-11,135.841553
2013-09-12,135.480713
2013-09-13,135.785431
2013-09-16,136.571335
2013-09-17,137.180786
2013-09-18,138.768524
2013-09-19,138.53595
2013-09-20,137.567383
2013-09-23,136.930771
2013-09-24,136.608475
2013-09-25,136.213623
2013-09-26,136.737427
2013-09-27,136.108826
2013-09-30,135.383652
2013-10-01,136.455338
2013-10-02,136.326416
2013-10-03,135.069366
2013-10-04,136.092743
2013-10-07,134.916306
2013-10-08,133.34494
2013-10-09,133.441696
2013-10-10,136.318344
2013-10-11,137.196762
2013-10-14,137.744659
2013-10-15,136.745453
2013-10-16,138.655228
2013-10-17,139.581909
2013-10-18,140.524689
2013-10-21,140.532761
2013-10-22,141.346634
2013-10-23,140.669754
2013-10-24,141.137131
2013-10-25,141.781769
2013-10-28,142.007385
2013-10-29,142.764832
2013-10-30,142.05574
2013-10-31,141.652786
2013-11-01,141.991257
2013-11-04,142.49086
2013-11-05,142.039597
2013-11-06,142.764832
2013-11-07,140.959824
2013-11-08,142.861542
2013-11-11,142.885742
2013-11-12,142.595627
2013-11-13,143.739899
2013-11-14,144.457047
2013-11-15,145.085587
2013-11-18,144.577942
2013-11-19,144.263657
2013-11-20,143.812424
2013-11-21,144.972809
2013-11-22,145.697968
2013-11-25,145.552887
2013-11-26,145.593201
2013-11-27,145.947769
2013-11-29,145.851089
2013-12-02,145.472366
2013-12-03,144.843811
2013-12-04,144.827744
2013-12-05,144.191116
2013-12-06,145.802719
2013-12-09,146.173401
2013-12-10,145.649658
2013-12-11,144.013855
2013-12-12,143.538452
2013-12-13,143.522354
2013-12-16,144.416763
2013-12-17,143.957474
2013-12-18,146.415207
2013-12-19,146.245926
2013-12-20,147.096603
2013-12-23,147.882462
2013-12-24,148.206558
2013-12-26,148.960052
2013-12-27,148.951965
2013-12-30,148.927673
2013-12-31,149.632492
2014-01-02,148.198486
2014-01-03,148.174194
2014-01-06,147.744751
2014-01-07,148.65213
2014-01-08,148.68457
2014-01-09,148.781784
2014-01-10,149.18692
2014-01-13,147.201965
2014-01-14,148.806107
2014-01-15,149.6082
2014-01-16,149.413773
2014-01-17,148.781784
2014-01-21,149.219299
2014-01-22,149.316528
2014-01-23,148.093155
2014-01-24,144.933426
2014-01-27,144.220474
2014-01-28,145.079224
2014-01-29,143.685776
2014-01-30,145.208908
2014-01-31,144.358185
2014-02-03,141.10936
2014-02-04,142.097809
2014-02-05,141.91954
2014-02-06,143.791077
2014-02-07,145.573456
2014-02-10,145.840851
2014-02-11,147.43689
2014-02-12,147.509827
2014-02-13,148.271362
2014-02-14,149.089722
2014-02-18,149.267944
2014-02-19,148.279526
2014-02-20,149.15448
2014-02-21,148.984344
2014-02-24,149.810684
2014-02-25,149.753998
2014-02-26,149.762131
2014-02-27,150.548019
2014-02-28,150.928772
2014-03-03,149.867462
2014-03-04,151.973953
2014-03-05,152.111603
2014-03-06,152.460007
2014-03-07,152.524857
2014-03-10,152.443848
2014-03-11,151.690308
2014-03-12,151.730865
2014-03-13,150.029495
2014-03-14,149.6082
2014-03-17,150.961151
2014-03-18,152.038727
2014-03-19,151.228516
2014-03-20,152.111603
2014-03-21,151.521698
2014-03-24,150.895065
2014-03-25,151.611176
2014-03-26,150.520798
2014-03-27,150.203384
2014-03-28,150.943939
2014-03-31,152.180771
2014-04-01,153.189911
2014-04-02,153.702621
2014-04-03,153.4991
2014-04-04,151.684372
2014-04-07,150.008118
2014-04-08,150.626587
2014-04-09,152.245941
2014-04-10,149.047806
2014-04-11,147.705139
2014-04-14,148.86879
2014-04-15,149.89415
2014-04-16,151.464737
2014-04-17,151.67627
2014-04-21,152.205231
2014-04-22,152.896896
2014-04-23,152.538895
2014-04-24,152.84819
2014-04-25,151.594879
2014-04-28,152.075043
2014-04-29,152.78299
2014-04-30,153.238739
2014-05-01,153.255005
2014-05-02,153.035217
2014-05-05,153.328156
2014-05-06,151.993683
2014-05-07,152.888779
2014-05-08,152.726059
2014-05-09,152.953888
2014-05-12,154.443069
2014-05-13,154.581421
2014-05-14,153.84903
2014-05-15,152.498154
2014-05-16,153.027191
2014-05-19,153.588623
2014-05-20,152.620285
2014-05-21,153.90596
2014-05-22,154.280304
2014-05-23,154.898804
2014-05-27,155.850906
2014-05-28,155.736969
2014-05-29,156.542526
2014-05-30,156.794815
2014-06-02,156.973846
2014-06-03,156.892487
2014-06-04,157.209824
2014-06-05,158.235214
2014-06-06,158.991959
2014-06-09,159.154739
2014-06-10,159.170959
2014-06-11,158.617599
2014-06-12,157.494629
2014-06-13,157.974731
2014-06-16,158.105011
2014-06-17,158.544434
2014-06-18,159.708069
2014-06-19,159.887085
2014-06-20,160.21167
2014-06-23,160.162659
2014-06-24,159.19783
2014-06-25,159.917358
2014-06-26,159.802872
2014-06-27,160.113586
2014-06-30,160.03183
2014-07-01,161.102966
2014-07-02,161.266495
2014-07-03,162.05957
2014-07-07,161.495453
2014-07-08,160.45697
2014-07-09,161.176498
2014-07-10,160.538712
2014-07-11,160.759598
2014-07-14,161.569
2014-07-15,161.266495
2014-07-16,161.863342
2014-07-17,160.023697
2014-07-18,161.658981
2014-07-21,161.356415
2014-07-22,162.05957
2014-07-23,162.419434
2014-07-24,162.427551
2014-07-25,161.66713
2014-07-28,161.732544
2014-07-29,161.037552
2014-07-30,161.062057
2014-07-31,157.881424
2014-08-01,157.398987
2014-08-04,158.535538
2014-08-05,156.998367
2014-08-06,157.047409
2014-08-07,156.197021
2014-08-08,158.004028
2014-08-11,158.461914
2014-08-12,158.241119
2014-08-13,159.312271
2014-08-14,160.064499
2014-08-15,160.03183
2014-08-18,161.372818
2014-08-19,162.214905
2014-08-20,162.6483
2014-08-21,163.12262
2014-08-22,162.869095
2014-08-25,163.694901
2014-08-26,163.801224
2014-08-27,163.735809
2014-08-28,163.645828
2014-08-29,164.111969
2014-09-02,164.030167
2014-09-03,163.940247
2014-09-04,163.703094
2014-09-05,164.438995
2014-09-08,164.013779
2014-09-09,162.975372
2014-09-10,163.588638
2014-09-11,163.776703
2014-09-12,162.820038
2014-09-15,162.697418
2014-09-16,163.923874
2014-09-17,164.144653
2014-09-18,165.019531
2014-09-19,164.870819
2014-09-22,163.597534
2014-09-23,162.661087
2014-09-24,163.934326
2014-09-25,161.2892
2014-09-26,162.570709
2014-09-29,162.274979
2014-09-30,161.847794
2014-10-01,159.654434
2014-10-02,159.679138
2014-10-03,161.437103
2014-10-06,161.248199
2014-10-07,158.759003
2014-10-08,161.535645
2014-10-09,158.331894
2014-10-10,156.524628
2014-10-13,153.953369
2014-10-14,154.191605
2014-10-15,153.1483
2014-10-16,153.016922
2014-10-17,154.824188
2014-10-20,156.327499
2014-10-21,159.424454
2014-10-22,158.290817
2014-10-23,160.130905
2014-10-24,161.363129
2014-10-27,161.141327
2014-10-28,162.989655
2014-10-29,162.743179
2014-10-30,163.786453
2014-10-31,165.65947
2014-11-03,165.749878
2014-11-04,165.174805
2014-11-05,166.218018
2014-11-06,166.883453
2014-11-07,167.039566
2014-11-10,167.565277
2014-11-11,167.729614
2014-11-12,167.548889
2014-11-13,167.737808
2014-11-14,167.778885
2014-11-17,167.885635
2014-11-18,168.855026
2014-11-19,168.583923
2014-11-20,168.879654
2014-11-21,169.783264
2014-11-24,170.259735
2014-11-25,170.136536
2014-11-26,170.57193
2014-11-28,170.210449
2014-12-01,169.027542
2014-12-02,170.120117
2014-12-03,170.777252
2014-12-04,170.588379
2014-12-05,170.867691
2014-12-08,169.725769
2014-12-09,169.610733
2014-12-10,166.891739
2014-12-11,167.737808
2014-12-12,165.026947
2014-12-15,163.89328
2014-12-16,162.578903
2014-12-17,165.766251
2014-12-18,169.865448
2014-12-19,170.588257
2014-12-22,171.372925
2014-12-23,171.604218
2014-12-24,171.620773
2014-12-26,172.174118
2014-12-29,172.405411
2014-12-30,171.48027
2014-12-31,169.778702
2015-01-02,169.68782
2015-01-05,166.623367
2015-01-06,165.053909
2015-01-07,167.110596
2015-01-08,170.076019
2015-01-09,168.713181
2015-01-12,167.391541
2015-01-13,166.920654
2015-01-14,165.91301
2015-01-15,164.393066
2015-01-16,166.549042
2015-01-20,166.904221
2015-01-21,167.74675
2015-01-22,170.241257
2015-01-23,169.307892
2015-01-26,169.70433
2015-01-27,167.465912
2015-01-28,165.318222
2015-01-29,166.846375
2015-01-30,164.748276
2015-02-02,166.788528
2015-02-03,169.200516
2015-02-04,168.556198
2015-02-05,170.257843
2015-02-06,169.787018
2015-02-09,169.027069
2015-02-10,170.827759
2015-02-11,170.926849
2015-02-12,172.570663
2015-02-13,173.280975
2015-02-17,173.553589
2015-02-18,173.570099
2015-02-19,173.446228
2015-02-20,174.486969
2015-02-23,174.462219
2015-02-24,174.957809
2015-02-25,174.809174
2015-02-26,174.602631
2015-02-27,174.007904
2015-03-02,175.106506
2015-03-03,174.387848
2015-03-04,173.652725
2015-03-05,173.842728
2015-03-06,171.397705
2015-03-09,172.108047
2015-03-10,169.316193
2015-03-11,168.919617
2015-03-12,171.067291
2015-03-13,170.018265
2015-03-16,172.28981
2015-03-17,171.777649
2015-03-18,173.842728
2015-03-19,173.049713
2015-03-20,174.577179
2015-03-23,174.237
2015-03-24,173.25798
2015-03-25,170.719101
2015-03-26,170.312546
2015-03-27,170.70256
2015-03-30,172.785049
2015-03-31,171.274979
2015-04-01,170.669327
2015-04-02,171.283279
2015-04-06,172.436554
2015-04-07,171.980255
2015-04-08,172.561035
2015-04-09,173.324402
2015-04-10,174.270187
2015-04-13,173.482025
2015-04-14,173.813889
2015-04-15,174.593811
2015-04-16,174.543961
2015-04-17,172.536102
2015-04-20,174.112579
2015-04-21,173.905182
2015-04-22,174.759705
2015-04-23,175.199463
2015-04-24,175.606079
2015-04-27,174.875885
2015-04-28,175.431778
2015-04-29,174.709961
2015-04-30,172.959274
2015-05-01,174.834427
2015-05-04,175.332245
2015-05-05,173.324402
2015-05-06,172.610825
2015-05-07,173.299423
2015-05-08,175.581116
2015-05-11,174.743149
2015-05-12,174.220444
2015-05-13,174.253616
2015-05-14,176.070709
2015-05-15,176.26152
2015-05-18,176.809082
2015-05-19,176.751007
2015-05-20,176.626541
2015-05-21,177.140991
2015-05-22,176.717804
2015-05-26,174.817841
2015-05-27,176.477203
2015-05-28,176.278091
2015-05-29,175.182861
2015-06-01,175.539612
2015-06-02,175.365417
2015-06-03,175.830078
2015-06-04,174.344894
2015-06-05,174.046204
2015-06-08,172.975922
2015-06-09,172.951019
2015-06-10,175.025208
2015-06-11,175.589462
2015-06-12,174.245316
2015-06-15,173.498611
2015-06-16,174.444473
2015-06-17,174.726486
2015-06-18,176.543564
2015-06-19,175.759857
2015-06-22,176.660263
2015-06-23,176.78537
2015-06-24,175.501404
2015-06-25,174.967819
2015-06-26,174.934494
2015-06-29,171.266068
2015-06-30,171.624573
2015-07-01,173.000259
2015-07-02,172.841843
2015-07-06,172.349899
2015-07-07,173.433746
2015-07-08,170.524033
2015-07-09,170.83252
2015-07-10,172.983551
2015-07-13,174.892822
2015-07-14,175.651505
2015-07-15,175.593124
2015-07-16,177.002106
2015-07-17,177.152252
2015-07-20,177.243958
2015-07-21,176.543579
2015-07-22,176.226822
2015-07-23,175.234619
2015-07-24,173.417099
2015-07-27,172.408264
2015-07-28,174.52594
2015-07-29,175.726547
2015-07-30,175.768234
2015-07-31,175.501404
2015-08-03,174.909485
2015-08-04,174.567596
2015-08-05,175.142883
2015-08-06,173.708908
2015-08-07,173.375412
2015-08-10,175.559784
2015-08-11,173.975723
2015-08-12,174.184143
2015-08-13,173.967377
2015-08-14,174.600922
2015-08-17,175.576401
2015-08-18,175.067886
2015-08-19,173.683884
2015-08-20,170.057098
2015-08-21,164.938019
2015-08-24,157.992935
2015-08-25,156.133774
2015-08-26,162.128296
2015-08-27,166.138565
2015-08-28,166.146881
2015-08-31,164.804581
2015-09-01,159.885574
2015-09-02,162.920319
2015-09-03,163.037094
2015-09-04,160.569183
2015-09-08,164.604477
2015-09-09,162.403427
2015-09-10,163.287216
2015-09-11,164.029282
2015-09-14,163.420532
2015-09-15,165.463257
2015-09-16,166.897232
2015-09-17,166.522095
2015-09-18,163.800858
2015-09-21,164.647369
2015-09-22,162.510269
2015-09-23,162.250412
2015-09-24,161.663803
2015-09-25,161.621872
2015-09-28,157.565659
2015-09-29,157.657776
2015-09-30,160.599503
2015-10-01,161.018448
2015-10-02,163.423721
2015-10-05,166.331848
2015-10-06,165.761932
2015-10-07,167.119644
2015-10-08,168.628174
2015-10-09,168.728714
2015-10-12,168.887955
2015-10-13,167.823593
2015-10-14,167.019028
2015-10-15,169.583603
2015-10-16,170.354553
2015-10-19,170.438354
2015-10-20,170.220474
2015-10-21,169.164536
2015-10-22,172.022263
2015-10-23,173.908051
2015-10-26,173.48056
2015-10-27,173.14537
2015-10-28,175.114838
2015-10-29,175.014313
2015-10-30,174.259979
2015-11-02,176.321594
2015-11-03,176.832916
2015-11-04,176.296524
2015-11-05,176.120514
2015-11-06,176.02832
2015-11-09,174.385651
2015-11-10,174.787979
2015-11-11,174.100784
2015-11-12,171.670334
2015-11-13,169.742798
2015-11-16,172.324051
2015-11-17,172.198318
2015-11-18,174.930435
2015-11-19,174.779587
2015-11-20,175.416534
2015-11-23,175.215363
2015-11-24,175.450012
2015-11-25,175.424896
2015-11-27,175.626007
2015-11-30,174.896927
2015-12-01,176.564697
2015-12-02,174.762833
2015-12-03,172.315659
2015-12-04,175.676331
2015-12-07,174.61203
2015-12-08,173.43869
2015-12-09,172.089371
2015-12-10,172.533554
2015-12-11,169.189621
2015-12-14,170.044479
2015-12-15,171.829544
2015-12-16,174.343781
2015-12-17,171.687103
2015-12-18,168.62851
2015-12-21,170.019547
2015-12-22,171.562317
2015-12-23,173.686874
2015-12-24,173.400177
2015-12-28,173.003937
2015-12-29,174.850281
2015-12-30,173.610947
2015-12-31,171.874298
2016-01-04,169.471542
2016-01-05,169.758224
2016-01-06,167.616821
2016-01-07,163.595459
2016-01-08,161.799713
2016-01-11,161.959961
2016-01-12,163.266617
2016-01-13,159.194656
2016-01-14,161.808121
2016-01-15,158.334793
2016-01-19,158.545563
2016-01-20,156.513809
2016-01-21,157.390518
2016-01-22,160.619415
2016-01-25,158.191452
2016-01-26,160.34967
2016-01-27,158.604523
2016-01-28,159.430756
2016-01-29,163.31723
2016-02-01,163.258163
2016-02-02,160.315948
2016-02-03,161.277054
2016-02-04,161.529953
2016-02-05,158.452805
2016-02-08,156.319855
2016-02-09,156.328293
2016-02-10,156.19342
2016-02-11,154.161636
2016-02-12,157.339966
2016-02-16,159.995544
2016-02-17,162.6091
2016-02-18,161.943024
2016-02-19,161.867126
2016-02-22,164.210846
2016-02-23,162.136932
2016-02-24,162.87883
2016-02-25,164.851593
2016-02-26,164.472183
2016-02-29,163.182343
2016-03-01,167.01825
2016-03-02,167.768585
2016-03-03,168.426178
2016-03-04,168.974152
2016-03-07,169.109009
2016-03-08,167.262726
2016-03-09,168.088943
2016-03-10,168.223785
2016-03-11,170.938461
2016-03-14,170.719284
2016-03-15,170.441071
2016-03-16,171.427414
2016-03-17,172.514938
2016-03-18,173.192963
2016-03-21,173.438644
2016-03-22,173.345459
2016-03-23,172.201462
2016-03-24,172.125153
2016-03-28,172.226868
2016-03-29,173.819977
2016-03-30,174.582657
2016-03-31,174.158981
2016-04-01,175.345306
2016-04-04,174.777588
2016-04-05,173.031891
2016-04-06,174.921616
2016-04-07,172.828491
2016-04-08,173.294586
2016-04-11,172.887833
2016-04-12,174.497955
2016-04-13,176.260544
2016-04-14,176.268997
2016-04-15,176.074066
2016-04-18,177.31131
2016-04-19,177.870636
2016-04-20,178.04007
2016-04-21,177.082443
2016-04-22,177.082443
2016-04-25,176.777405
2016-04-26,177.040131
2016-04-27,177.404495
2016-04-28,175.794464
2016-04-29,174.845352
2016-05-02,176.235092
2016-05-03,174.701294
2016-05-04,173.726791
2016-05-05,173.692932
2016-05-06,174.328445
2016-05-09,174.472488
2016-05-10,176.64183
2016-05-11,174.989426
2016-05-12,175.040298
2016-05-13,173.514938
2016-05-16,175.226715
2016-05-17,173.591187
2016-05-18,173.642044
2016-05-19,173.040344
2016-05-20,174.133575
2016-05-23,173.89624
2016-05-24,176.15036
2016-05-25,177.345215
2016-05-26,177.396042
2016-05-27,178.158768
2016-05-31,177.819702
2016-06-01,178.184158
2016-06-02,178.726471
2016-06-03,178.192551
2016-06-06,179.099289
2016-06-07,179.378967
2016-06-08,179.963715
2016-06-09,179.717896
2016-06-10,178.014648
2016-06-13,176.64183
2016-06-14,176.294403
2016-06-15,176.04863
2016-06-16,176.574051
2016-06-17,175.916458
2016-06-20,177.049362
2016-06-21,177.551987
2016-06-22,177.26236
2016-06-23,179.57074
2016-06-24,173.122482
2016-06-27,170.021942
2016-06-28,173.088425
2016-06-29,176.035736
2016-06-30,178.437866
2016-07-01,178.812637
2016-07-05,177.526367
2016-07-06,178.591141
2016-07-07,178.480469
2016-07-08,181.138077
2016-07-11,181.777008
2016-07-12,183.09726
2016-07-13,183.071716
2016-07-14,184.093842
2016-07-15,183.846878
2016-07-18,184.340912
2016-07-19,184.153503
2016-07-20,184.92012
2016-07-21,184.22168
2016-07-22,185.047943
2016-07-25,184.545319
2016-07-26,184.630508
2016-07-27,184.434555
2016-07-28,184.647552
2016-07-29,184.945724
2016-08-01,184.792389
2016-08-02,183.608368
2016-08-03,184.144989
2016-08-04,184.340912
2016-08-05,185.848587
2016-08-08,185.737869
2016-08-09,185.848587
2016-08-10,185.388672
2016-08-11,186.248993
2016-08-12,186.087082
2016-08-15,186.623749
2016-08-16,185.661194
2016-08-17,186.010452
2016-08-18,186.427841
2016-08-19,186.155243
2016-08-22,186.146729
2016-08-23,186.521545
2016-08-24,185.56752
2016-08-25,185.439743
2016-08-26,185.0905
2016-08-29,186.001968
2016-08-30,185.695312
2016-08-31,185.167145
2016-09-01,185.175674
2016-09-02,186.010452
2016-09-06,186.572647
2016-09-07,186.555588
2016-09-08,186.1297
2016-09-09,181.674728
2016-09-12,184.281296
2016-09-13,181.632126
2016-09-14,181.56395
2016-09-15,183.378418
2016-09-16,182.66954
2016-09-19,182.70372
2016-09-20,182.712296
2016-09-21,184.766998
2016-09-22,185.931229
2016-09-23,184.912491
2016-09-26,183.414307
2016-09-27,184.552933
2016-09-28,185.468979
2016-09-29,183.790955
2016-09-30,185.177963
2016-10-03,184.732712
2016-10-04,183.790955
2016-10-05,184.604324
2016-10-06,184.732712
2016-10-07,184.099213
2016-10-10,185.058029
2016-10-11,182.720871
2016-10-12,182.960556
2016-10-13,182.361252
2016-10-14,182.45546
2016-10-17,181.82193
2016-10-18,182.960556
2016-10-19,183.448593
2016-10-20,183.10611
2016-10-21,183.191696
2016-10-24,183.970779
2016-10-25,183.354401
2016-10-26,182.986267
2016-10-27,182.498245
2016-10-28,181.958923
2016-10-31,181.967484
2016-11-01,180.649063
2016-11-02,179.561783
2016-11-03,178.739929
2016-11-04,178.543015
2016-11-07,182.481125
2016-11-08,183.302994
2016-11-09,185.246399
2016-11-10,185.708649
2016-11-11,185.280655
2016-11-14,185.426102
2016-11-15,186.873032
2016-11-16,186.521988
2016-11-17,187.480865
2016-11-18,187.06134
2016-11-21,188.473938
2016-11-22,188.842087
2016-11-23,188.944794
2016-11-25,189.64682
2016-11-28,188.7565
2016-11-29,189.124557
2016-11-30,188.670837
2016-12-01,187.977432
2016-12-02,188.071564
2016-12-05,189.201599
2016-12-06,189.800964
2016-12-07,192.283676
2016-12-08,192.754532
2016-12-09,193.918854
2016-12-12,193.696243
2016-12-13,194.988968
2016-12-14,193.379471
2016-12-15,194.175659
2016-12-16,193.795914
2016-12-19,194.21785
2016-12-20,194.967148
2016-12-21,194.424576
2016-12-22,194.088699
2016-12-23,194.372925
2016-12-27,194.855179
2016-12-28,193.244781
2016-12-29,193.201736
2016-12-30,192.49556
2017-01-03,193.968155
2017-01-04,195.122101
2017-01-05,194.967148
2017-01-06,195.664642
2017-01-09,195.018784
2017-01-10,195.018784
2017-01-11,195.569916
2017-01-12,195.079025
2017-01-13,195.526855
2017-01-17,194.837891
2017-01-18,195.268509
2017-01-19,194.545105
2017-01-20,195.259888
2017-01-23,194.751785
2017-01-24,196.000443
2017-01-25,197.696991
2017-01-26,197.490265
2017-01-27,197.180267
2017-01-30,195.957413
2017-01-31,195.940186
2017-02-01,196.017731
2017-02-02,196.146835
2017-02-03,197.498871
2017-02-06,197.145767
2017-02-07,197.154434
2017-02-08,197.412781
2017-02-09,198.583984
2017-02-10,199.367615
2017-02-13,200.452698
2017-02-14,201.253586
2017-02-15,202.30423
2017-02-16,202.131973
2017-02-17,202.450623
2017-02-21,203.656265
2017-02-22,203.475342
2017-02-23,203.613174
2017-02-24,203.871552
2017-02-27,204.190094
2017-02-28,203.639008
2017-03-01,206.489441
2017-03-02,205.189087
2017-03-03,205.318314
2017-03-06,204.706833
2017-03-07,204.095413
2017-03-08,203.716507
2017-03-09,203.974808
2017-03-10,204.689621
2017-03-13,204.792908
2017-03-14,204.009293
2017-03-15,205.774689
2017-03-16,205.369934
2017-03-17,205.009247
2017-03-20,204.784348
2017-03-21,202.155014
2017-03-22,202.630753
2017-03-23,202.414581
2017-03-24,202.267502
2017-03-27,202.059952
2017-03-28,203.530258
2017-03-29,203.720596
2017-03-30,204.369232
2017-03-31,203.893539
2017-04-03,203.538879
2017-04-04,203.668686
2017-04-05,203.063202
2017-04-06,203.634033
2017-04-07,203.426453
2017-04-10,203.547546
2017-04-11,203.30542
2017-04-12,202.414581
2017-04-13,201.099838
2017-04-17,202.881577
2017-04-18,202.276138
2017-04-19,201.904251
2017-04-20,203.547546
2017-04-21,202.898911
2017-04-24,205.130325
2017-04-25,206.323914
2017-04-26,206.194183
2017-04-27,206.367188
2017-04-28,205.917435
2017-05-01,206.436386
2017-05-02,206.514175
2017-05-03,206.263367
2017-05-04,206.505539
2017-05-05,207.318542
2017-05-08,207.283981
2017-05-09,207.093674
2017-05-10,207.465576
2017-05-11,207.041824
2017-05-12,206.695801
2017-05-15,207.837463
2017-05-16,207.647247
2017-05-17,203.962738
2017-05-18,204.784348
2017-05-19,206.116302
2017-05-22,207.162872
2017-05-23,207.621277
2017-05-24,208.105621
2017-05-25,209.100296
2017-05-26,209.057022
2017-05-30,208.875397
2017-05-31,208.823471
2017-06-01,210.484177
2017-06-02,211.184692
2017-06-05,211.029037
2017-06-06,210.354385
2017-06-07,210.743591
2017-06-08,210.847382
2017-06-09,210.52739
2017-06-12,210.484177
2017-06-13,211.513367
2017-06-14,211.245285
2017-06-15,210.838745
2017-06-16,210.884811
2017-06-19,212.640396
2017-06-20,211.20636
2017-06-21,211.154251
2017-06-22,211.058624
2017-06-23,211.310669
2017-06-26,211.449753
2017-06-27,209.746292
2017-06-28,211.623566
2017-06-29,209.763626
2017-06-30,210.154755
2017-07-03,210.511032
2017-07-05,210.997803
2017-07-06,209.068283
2017-07-07,210.424164
2017-07-10,210.650116
2017-07-11,210.493668
2017-07-12,212.075439
2017-07-13,212.431885
2017-07-14,213.422623
2017-07-17,213.396606
2017-07-18,213.509552
2017-07-19,214.665543
2017-07-20,214.761124
2017-07-21,214.569885
2017-07-24,214.517746
2017-07-25,215.039215
2017-07-26,215.047913
2017-07-27,214.848007
2017-07-28,214.595963
2017-07-31,214.474274
2017-08-01,214.952423
2017-08-02,215.05661
2017-08-03,214.63942
2017-08-04,215.030548
2017-08-07,215.430344
2017-08-08,214.900223
2017-08-09,214.891495
2017-08-10,211.858185
2017-08-11,212.171127
2017-08-14,214.274399
2017-08-15,214.248306
2017-08-16,214.622101
2017-08-17,211.275879
2017-08-18,210.945663
2017-08-21,211.110748
2017-08-22,213.318375
2017-08-23,212.553558
2017-08-24,212.058136
2017-08-25,212.553558
2017-08-28,212.562271
2017-08-29,212.805618
2017-08-30,213.813751
2017-08-31,215.100067
2017-09-01,215.404266
2017-09-05,213.857269
2017-09-06,214.587265
2017-09-07,214.561249
2017-09-08,214.309143
2017-09-11,216.594955
2017-09-12,217.325073
2017-09-13,217.429337
2017-09-14,217.359741
2017-09-15,217.652374
2017-09-18,218.115341
2017-09-19,218.333649
2017-09-20,218.412292
2017-09-21,217.827103
2017-09-22,217.870773
2017-09-25,217.425369
2017-09-26,217.55632
2017-09-27,218.40358
2017-09-28,218.665604
2017-09-29,219.434204
2017-10-02,220.386276
2017-10-03,220.857925
2017-10-04,221.11998
2017-10-05,222.430161
2017-10-06,222.176804
2017-10-09,221.809998
2017-10-10,222.395187
2017-10-11,222.744598
2017-10-12,222.412659
2017-10-13,222.683395
2017-10-16,222.980408
2017-10-17,223.137604
2017-10-18,223.355942
2017-10-19,223.417053
2017-10-20,224.570068
2017-10-23,223.696579
2017-10-24,224.08963
2017-10-25,222.980408
2017-10-26,223.268631
2017-10-27,225.094116
2017-10-30,224.255646
2017-10-31,224.60495
2017-11-01,224.901978
2017-11-02,224.989304
2017-11-03,225.740463
2017-11-06,226.089828
2017-11-07,225.932648
2017-11-08,226.316879
2017-11-09,225.495941
2017-11-10,225.425995
2017-11-13,225.635605
2017-11-14,225.111603
2017-11-15,223.984863
2017-11-16,225.888947
2017-11-17,225.225098
2017-11-20,225.609406
2017-11-21,227.085495
2017-11-22,226.884674
2017-11-24,227.408707
2017-11-27,227.295166
2017-11-28,229.601044
2017-11-29,229.461288
2017-11-30,231.47023
2017-12-01,230.989792
2017-12-04,230.710358
2017-12-05,229.880554
2017-12-06,229.92424
2017-12-07,230.649231
2017-12-08,231.906967
2017-12-11,232.605698
2017-12-12,233.016174
2017-12-13,232.990021
2017-12-14,232.038025
2017-12-15,233.970245
2017-12-18,235.453949
2017-12-19,234.549652
2017-12-20,234.426743
2017-12-21,234.909546
2017-12-22,234.848114
2017-12-26,234.567154
2017-12-27,234.681351
2017-12-28,235.164169
2017-12-29,234.277496
2018-01-02,235.9543
2018-01-03,237.446655
2018-01-04,238.447403
2018-01-05,240.036606
2018-01-08,240.475479
2018-01-09,241.019775
2018-01-10,240.651062
2018-01-11,242.406906
2018-01-12,243.987122
2018-01-16,243.153137
2018-01-17,245.470749
2018-01-18,245.058182
2018-01-19,246.173111
2018-01-22,248.174683
2018-01-23,248.701508
2018-01-24,248.604813
2018-01-25,248.710281
2018-01-26,251.589737
2018-01-29,249.921753
2018-01-30,247.358231
2018-01-31,247.481201
2018-02-01,247.200272
2018-02-02,241.81868
2018-02-05,231.705231
2018-02-06,236.270416
2018-02-07,234.988541
2018-02-08,226.174454
2018-02-09,229.57193
2018-02-12,232.9431
2018-02-13,233.522491
2018-02-14,236.674194
2018-02-15,239.694229
2018-02-16,239.764404
2018-02-20,238.263184
2018-02-21,237.078003
2018-02-22,237.385269
2018-02-23,241.169083
2018-02-26,243.969513
2018-02-27,240.923172
2018-02-28,238.482666
2018-03-01,235.014893
2018-03-02,236.226425
2018-03-05,238.956772
2018-03-06,239.562469
2018-03-07,239.474701
2018-03-08,240.63356
2018-03-09,244.821091
2018-03-12,244.51384
2018-03-13,242.933655
2018-03-14,241.686966
2018-03-15,241.42363
2018-03-16,241.685471
2018-03-19,238.415314
2018-03-20,238.820831
2018-03-21,238.362442
2018-03-22,232.404099
2018-03-23,227.450516
2018-03-26,233.67334
2018-03-27,229.698074
2018-03-28,229.019394
2018-03-29,231.945694
2018-04-02,226.939285
2018-04-03,229.847931
2018-04-04,232.307098
2018-04-05,234.140488
2018-04-06,228.92247
2018-04-09,230.05069
2018-04-10,233.708542
2018-04-11,232.483383
2018-04-12,234.396042
2018-04-13,233.708542
2018-04-16,235.630035
2018-04-17,238.15094
2018-04-18,238.327225
2018-04-19,237.005112
2018-04-20,234.995392
2018-04-23,234.960236
2018-04-24,231.795898
2018-04-25,232.36879
2018-04-26,234.731018
2018-04-27,234.95137
2018-04-30,233.144424
2018-05-01,233.558762
2018-05-02,231.989792
2018-05-03,231.478577
2018-05-04,234.475449
2018-05-07,235.268723
2018-05-08,235.268723
2018-05-09,237.542755
2018-05-10,239.763977
2018-05-11,240.495575
2018-05-14,240.610107
2018-05-15,238.953003
2018-05-16,239.957855
2018-05-17,239.755157
2018-05-18,239.155746
2018-05-21,240.953857
2018-05-22,240.283997
2018-05-23,240.945007
2018-05-24,240.451447
2018-05-25,239.878555
2018-05-29,237.119644
2018-05-30,240.283997
2018-05-31,238.81192
2018-06-01,241.15657
2018-06-04,242.302414
2018-06-05,242.47876
2018-06-06,244.505951
2018-06-07,244.479553
2018-06-08,245.202271
2018-06-11,245.528427
2018-06-12,245.845718
2018-06-13,245.061249
2018-06-14,245.678314
2018-06-15,245.364883
2018-06-18,244.860184
2018-06-19,243.921616
2018-06-20,244.337814
2018-06-21,242.806122
2018-06-22,243.248795
2018-06-25,239.937485
2018-06-26,240.468735
2018-06-27,238.476562
2018-06-28,239.840118
2018-06-29,240.185349
2018-07-02,240.698868
2018-07-03,239.848953
2018-07-05,241.805603
2018-07-06,243.85083
2018-07-09,246.046585
2018-07-10,246.931961
2018-07-11,245.125778
2018-07-12,247.348114
2018-07-13,247.542862
2018-07-16,247.321503
2018-07-17,248.322037
2018-07-18,248.844315
2018-07-19,247.905869
2018-07-20,247.622574
2018-07-23,248.083038
2018-07-24,249.331299
2018-07-25,251.456223
2018-07-26,250.863007
2018-07-27,249.163086
2018-07-30,247.861618
2018-07-31,249.083435
2018-08-01,248.667236
2018-08-02,250.022018
2018-08-03,251.093231
2018-08-06,252.014053
2018-08-07,252.846359
2018-08-08,252.740036
2018-08-09,252.394775
2018-08-10,250.703735
2018-08-13,249.765121
2018-08-14,251.358795
2018-08-15,249.481781
2018-08-16,251.50058
2018-08-17,252.38588
2018-08-20,252.925949
2018-08-21,253.519226
2018-08-22,253.368622
2018-08-23,253.032242
2018-08-24,254.555038
2018-08-27,256.564911
2018-08-28,256.688751
2018-08-29,258.069946
2018-08-30,257.025269
2018-08-31,257.03421
2018-09-04,256.591431
2018-09-05,255.900772
2018-09-06,255.1306
2018-09-07,254.634705
2018-09-10,255.077408
2018-09-11,255.918472
2018-09-12,255.980499
2018-09-13,257.494537
2018-09-14,257.538818
2018-09-17,256.175293
2018-09-18,257.565308
2018-09-19,257.839783
2018-09-20,259.929291
2018-09-21,259.691803
2018-09-24,258.829132
2018-09-25,258.588989
2018-09-26,257.815277
2018-09-27,258.535614
2018-09-28,258.562378
2018-10-01,259.460541
2018-10-02,259.309479
2018-10-03,259.45166
2018-10-04,257.42392
2018-10-05,255.983063
2018-10-08,255.983063
2018-10-09,255.609558
2018-10-10,247.516129
2018-10-11,242.064178
2018-10-12,245.426117
2018-10-15,244.047501
2018-10-16,249.38382
2018-10-17,249.428391
2018-10-18,245.826248
2018-10-19,245.692871
2018-10-22,244.590027
2018-10-23,243.344864
2018-10-24,235.971939
2018-10-25,240.205307
2018-10-26,235.980789
2018-10-29,234.673401
2018-10-30,238.150864
2018-10-31,240.69455
2018-11-01,243.255951
2018-11-02,241.81517
2018-11-05,243.149368
2018-11-06,244.687958
2018-11-07,249.926407
2018-11-08,249.472763
2018-11-09,247.035858
2018-11-12,242.419968
2018-11-13,241.966354
2018-11-14,240.312057
2018-11-15,242.820145
2018-11-16,243.451645
2018-11-19,239.333786
2018-11-20,234.904572
2018-11-21,235.705063
2018-11-23,234.130875
2018-11-26,237.910797
2018-11-27,238.711151
2018-11-28,244.207581
2018-11-29,243.673965
2018-11-30,245.15918
2018-12-03,248.405579
2018-12-04,240.356567
2018-12-06,239.991898
2018-12-07,234.415482
2018-12-10,234.860168
2018-12-11,234.913574
2018-12-12,236.096436
2018-12-13,236.016388
2018-12-14,231.658417
2018-12-17,227.113602
2018-12-18,226.864609
2018-12-19,223.467133
2018-12-20,219.829529
2018-12-21,215.325348
2018-12-24,209.635803
2018-12-26,220.227661
2018-12-27,221.918396
2018-12-28,221.632095
2018-12-31,223.573441
2019-01-02,223.805939
2019-01-03,218.465302
2019-01-04,225.782974
2019-01-07,227.563171
2019-01-08,229.701218
2019-01-09,230.77478
2019-01-10,231.588791
2019-01-11,231.678253
2019-01-14,230.264832
2019-01-15,232.903854
2019-01-16,233.467422
2019-01-17,235.238647
2019-01-18,238.369675
2019-01-22,235.149231
2019-01-23,235.64122
2019-01-24,235.766495
2019-01-25,237.761429
2019-01-28,235.95433
2019-01-29,235.64122
2019-01-30,239.371658
2019-01-31,241.473816
2019-02-01,241.590164
2019-02-04,243.289963
2019-02-05,244.309784
2019-02-06,243.987747
2019-02-07,241.661774
2019-02-08,241.956955
2019-02-11,242.091141
2019-02-12,245.204407
2019-02-13,246.000488
2019-02-14,245.454742
2019-02-15,248.129608
2019-02-19,248.55899
2019-02-20,249.059937
2019-02-21,248.174362
2019-02-22,249.713028
2019-02-25,250.052979
2019-02-26,249.874023
2019-02-27,249.766632
2019-02-28,249.301559
2019-03-01,250.858109
2019-03-04,249.945694
2019-03-05,249.605606
2019-03-06,248.093796
2019-03-07,246.018402
2019-03-08,245.526306
2019-03-11,249.086746
2019-03-12,250.026001
2019-03-13,251.681
2019-03-14,251.520065
2019-03-15,252.762589
2019-03-18,253.679214
2019-03-19,253.742081
2019-03-20,252.978302
2019-03-21,255.835663
2019-03-22,250.911758
2019-03-25,250.723083
2019-03-26,252.59198
2019-03-27,251.271072
2019-03-28,252.223541
2019-03-29,253.813965
2019-04-01,256.824005
2019-04-02,256.949799
2019-04-03,257.354156
2019-04-04,258.037018
2019-04-05,259.285919
2019-04-08,259.483612
2019-04-09,258.153778
2019-04-10,259.034302
2019-04-11,258.962494
2019-04-12,260.7146
2019-04-15,260.543945
2019-04-16,260.7146
2019-04-17,260.07666
2019-04-18,260.588837
2019-04-22,260.813507
2019-04-23,263.1586
2019-04-24,262.574585
2019-04-25,262.41275
2019-04-26,263.634827
2019-04-29,264.048096
2019-04-30,264.182861
2019-05-01,262.197235
2019-05-02,261.631134
2019-05-03,264.191864
2019-05-06,263.104675
2019-05-07,258.710907
2019-05-08,258.351379
2019-05-09,257.569824
2019-05-10,258.863617
2019-05-13,252.358383
2019-05-14,254.640625
2019-05-15,256.132172
2019-05-16,258.504211
2019-05-17,256.832947
2019-05-20,255.134827
2019-05-21,257.434967
2019-05-22,256.644257
2019-05-23,253.508514
2019-05-24,254.083557
2019-05-28,251.720444
2019-05-29,250.031204
2019-05-30,250.714005
2019-05-31,247.335678
2019-06-03,246.70665
2019-06-04,252.061874
2019-06-05,254.24527
2019-06-06,255.898529
2019-06-07,258.459351
2019-06-10,259.645233
2019-06-11,259.58252
2019-06-12,259.124298
2019-06-13,260.193451
2019-06-14,259.905884
2019-06-17,260.004791
2019-06-18,262.727295
2019-06-19,263.320221
2019-06-20,265.83609
2019-06-21,265.449738
2019-06-24,265.124664
2019-06-25,262.524384
2019-06-26,262.262573
2019-06-27,263.192474
2019-06-28,264.546814
2019-07-01,266.948456
2019-07-02,267.643738
2019-07-03,269.783569
2019-07-05,269.476685
2019-07-08,267.99588
2019-07-09,268.330017
2019-07-10,269.61203
2019-07-11,270.24408
2019-07-12,271.454041
2019-07-15,271.544312
2019-07-16,270.668518
2019-07-17,268.826569
2019-07-18,269.810638
2019-07-19,268.31189
2019-07-22,268.970978
2019-07-23,270.894135
2019-07-24,272.167175
2019-07-25,270.867065
2019-07-26,272.681885
2019-07-29,272.185272
2019-07-30,271.51712
2019-07-31,268.546631
2019-08-01,266.208252
2019-08-02,264.203705
2019-08-05,256.258362
2019-08-06,259.851837
2019-08-07,260.005371
2019-08-08,265.106628
2019-08-09,263.300842
2019-08-12,260.095581
2019-08-13,264.140564
2019-08-14,256.330536
2019-08-15,257.007721
2019-08-16,260.799805
2019-08-19,263.941772
2019-08-20,261.919434
2019-08-21,264.050293
2019-08-22,263.969025
2019-08-23,257.188293
2019-08-26,260.032379
2019-08-27,259.012146
2019-08-28,260.835938
2019-08-29,264.167572
2019-08-30,264.050293
2019-09-03,262.506317
2019-09-04,265.48584
2019-09-05,268.898804
2019-09-06,269.106506
2019-09-09,269.241882
2019-09-10,269.17868
2019-09-11,271.092865
2019-09-12,272.03186
2019-09-13,271.851227
2019-09-16,271.011475
2019-09-17,271.697754
2019-09-18,271.86026
2019-09-19,271.842255
2019-09-20,270.55777
2019-09-23,270.494293
2019-09-24,268.371826
2019-09-25,269.959167
2019-09-26,269.396729
2019-09-27,267.945435
2019-09-30,269.188171
2019-10-01,265.986176
2019-10-02,261.287628
2019-10-03,263.428345
2019-10-04,266.993042
2019-10-07,265.841034
2019-10-08,261.713898
2019-10-09,264.199341
2019-10-10,265.986176
2019-10-11,268.743744
2019-10-14,268.444336
2019-10-15,271.102081
2019-10-16,270.666595
2019-10-17,271.464813
2019-10-18,270.276581
2019-10-21,272.108856
2019-10-22,271.219971
2019-10-23,272.009094
2019-10-24,272.453583
2019-10-25,273.569305
2019-10-28,275.111237
2019-10-29,275.029572
2019-10-30,275.873169
2019-10-31,275.138489
2019-11-01,277.687378
2019-11-04,278.802948
2019-11-05,278.494629
2019-11-06,278.558136
2019-11-07,279.537659
2019-11-08,280.227051
2019-11-11,279.691925
2019-11-12,280.281525
2019-11-13,280.372223
2019-11-14,280.780304
2019-11-15,282.812164
2019-11-18,283.020752
2019-11-19,282.939148
2019-11-20,281.886963
2019-11-21,281.433441
2019-11-22,282.059296
2019-11-25,284.2453
2019-11-26,284.889343
2019-11-27,286.15918
2019-11-29,285.097961
2019-12-02,282.676086
2019-12-03,280.780304
2019-12-04,282.512787
2019-12-05,283.020752
2019-12-06,285.605865
2019-12-09,284.707916
2019-12-10,284.390503
2019-12-11,285.197754
2019-12-12,287.655914
2019-12-13,287.828247
2019-12-16,289.805542
2019-12-17,289.86911
2019-12-18,289.887146
2019-12-19,291.075409
2019-12-20,292.351593
2019-12-23,292.798218
2019-12-24,292.807434
2019-12-26,294.366028
2019-12-27,294.293213
2019-12-30,292.670563
2019-12-31,293.381561
2020-01-02,296.125305
2020-01-03,293.882965
2020-01-06,295.004089
2020-01-07,294.174652
2020-01-08,295.742371
2020-01-09,297.747772
2020-01-10,296.89093
2020-01-13,298.9328
2020-01-14,298.477051
2020-01-15,299.151489
2020-01-16,301.639862
2020-01-17,302.578918
2020-01-21,301.986359
2020-01-22,302.022858
2020-01-23,302.369171
2020-01-24,299.680176
2020-01-27,294.876404
2020-01-28,297.966614
2020-01-29,297.720428
2020-01-30,298.686584
2020-01-31,293.263184
2020-02-03,295.44165
2020-02-04,299.94455
2020-02-05,303.408356
2020-02-06,304.42926
2020-02-07,302.806671
2020-02-10,305.067352
2020-02-11,305.595947
2020-02-12,307.56485
2020-02-13,307.236725
2020-02-14,307.728912
2020-02-18,306.935822
2020-02-19,308.403534
2020-02-20,307.136444
2020-02-21,303.97348
2020-02-24,293.892059
2020-02-25,284.986511
2020-02-26,283.938232
2020-02-27,271.186157
2020-02-28,270.046814
2020-03-02,281.741486
2020-03-03,273.674591
2020-03-04,285.177917
2020-03-05,275.698181
2020-03-06,271.140594
2020-03-09,249.965942
2020-03-10,262.900421
2020-03-11,250.084366
2020-03-12,226.157089
2020-03-13,245.490417
2020-03-16,218.62793
2020-03-17,230.432098
2020-03-18,218.764664
2020-03-19,219.229523
2020-03-20,209.782013
2020-03-23,204.418243
2020-03-24,222.939209
2020-03-25,226.276642
2020-03-26,239.488876
2020-03-27,232.355606
2020-03-30,239.901459
2020-03-31,236.325699
2020-04-01,225.689865
2020-04-02,230.897736
2020-04-03,227.560287
2020-04-06,242.844681
2020-04-07,243.092209
2020-04-08,251.252472
2020-04-09,255.075806
2020-04-13,252.746948
2020-04-14,260.201141
2020-04-15,254.67244
2020-04-16,255.901077
2020-04-17,262.81424
2020-04-20,258.184082
2020-04-21,250.344803
2020-04-22,255.901077
2020-04-23,255.88269
2020-04-24,259.449341
2020-04-27,263.190186
2020-04-28,261.97998
2020-04-29,268.838165
2020-04-30,266.335114
2020-05-01,259.284332
2020-05-04,259.999512
2020-05-05,262.401642
2020-05-06,260.622864
2020-05-07,263.767822
2020-05-08,268.132233
2020-05-11,268.187164
2020-05-12,262.841766
2020-05-13,258.193207
2020-05-14,261.283173
2020-05-15,262.484253
2020-05-18,270.479309
2020-05-19,267.701263
2020-05-20,272.248962
2020-05-21,270.369415
2020-05-22,270.882812
2020-05-26,274.220306
2020-05-27,278.300323
2020-05-28,277.786926
2020-05-29,279.02475
2020-06-01,280.152496
2020-06-02,282.472137
2020-06-03,286.231323
2020-06-04,285.479492
2020-06-05,292.796295
2020-06-08,296.335388
2020-06-09,294.125793
2020-06-10,292.484528
2020-06-11,275.623077
2020-06-12,278.923889
2020-06-15,281.52774
2020-06-16,286.946503
2020-06-17,285.754578
2020-06-18,285.864655
2020-06-19,284.230865
2020-06-22,286.054321
2020-06-23,287.371277
2020-06-24,280.04071
2020-06-25,283.042938
2020-06-26,276.320251
2020-06-29,280.381561
2020-06-30,283.973114
2020-07-01,285.96225
2020-07-02,287.537048
2020-07-06,291.975769
2020-07-07,288.964508
2020-07-08,291.174591
2020-07-09,289.516937
2020-07-10,292.473083
2020-07-13,289.940613
2020-07-14,293.697906
2020-07-15,296.396271
2020-07-16,295.420105
2020-07-17,296.276489
2020-07-20,298.670898
2020-07-21,299.306366
2020-07-22,301.009949
2020-07-23,297.418488
2020-07-24,295.502899
2020-07-27,297.657867
2020-07-28,295.769989
2020-07-29,299.407623
2020-07-30,298.339325
2020-07-31,300.69693
2020-08-03,302.787384
2020-08-04,303.95697
2020-08-05,305.844818
2020-08-06,307.889282
2020-08-07,308.110352
2020-08-10,309.031128
2020-08-11,306.480225
2020-08-12,310.753326
2020-08-13,310.191467
2020-08-14,310.200653
2020-08-17,311.186157
2020-08-18,311.858307
2020-08-19,310.559906
2020-08-20,311.526825
2020-08-21,312.631958
2020-08-24,315.799835
2020-08-25,316.904999
2020-08-26,320.082092
2020-08-27,320.782013
2020-08-28,322.854034
2020-08-31,321.684479
2020-09-01,324.714264
2020-09-02,329.41095
2020-09-03,318.074524
2020-09-04,315.47757
2020-09-08,306.857788
2020-09-09,312.917419
2020-09-10,307.48407
2020-09-11,307.640625
2020-09-14,311.692566
2020-09-15,313.267426
2020-09-16,312.024109
2020-09-17,309.279846
2020-09-18,305.719116
2020-09-21,302.316772
2020-09-22,305.395538
2020-09-23,298.31311
2020-09-24,299.108276
2020-09-25,303.94397
2020-09-28,308.992279
2020-09-29,307.309479
2020-09-30,309.639496
2020-10-01,311.62738
2020-10-02,308.66861
2020-10-05,314.142303
2020-10-06,309.676453
2020-10-07,315.066864
2020-10-08,317.859192
2020-10-09,320.697632
2020-10-12,325.856964
2020-10-13,323.730408
2020-10-14,321.696289
2020-10-15,321.298676
2020-10-16,321.104523
2020-10-19,316.222626
2020-10-20,317.489319
2020-10-21,316.888397
2020-10-22,318.626556
2020-10-23,319.708344
2020-10-26,313.800171
2020-10-27,312.718445
2020-10-28,302.029999
2020-10-29,305.09967
2020-10-30,301.919037
2020-11-02,305.303131
2020-11-03,310.693481
2020-11-04,317.637299
2020-11-05,323.832062
2020-11-06,323.758209
2020-11-09,327.826385
2020-11-10,327.345642
2020-11-11,329.777313
2020-11-12,326.578064
2020-11-13,331.099487
2020-11-16,335.232452
2020-11-17,333.429504
2020-11-18,329.416718
2020-11-19,330.803558
2020-11-20,328.53833
2020-11-23,330.50769
2020-11-24,335.833466
2020-11-25,335.315704
2020-11-27,336.249481
2020-11-30,334.760834
2020-12-01,338.422241
2020-12-02,339.134308
2020-12-03,339.041748
2020-12-04,341.963562
2020-12-07,341.260773
2020-12-08,342.259369
2020-12-09,339.189697
2020-12-10,339.078796
2020-12-11,338.681244
2020-12-14,337.164856
2020-12-15,341.723114
2020-12-16,342.259369
2020-12-17,344.173279
2020-12-18,342.799103
2020-12-21,341.573364
2020-12-22,340.997681
2020-12-23,341.304077
2020-12-24,342.631927
2020-12-28,345.575439
2020-12-29,344.916107
2020-12-30,345.408203
2020-12-31,347.163269
2021-01-04,342.436981
2021-01-05,344.79541
2021-01-06,346.856781
2021-01-07,352.010223
2021-01-08,354.0159
2021-01-11,351.629456
2021-01-12,351.703674
2021-01-13,352.650909
2021-01-14,351.415863
2021-01-15,348.85318
2021-01-19,351.592316
2021-01-20,356.457977
2021-01-21,356.782867
2021-01-22,355.519989
2021-01-25,356.92215
2021-01-26,356.365051
2021-01-27,347.655396
2021-01-28,350.645264
2021-01-29,343.625488
2021-02-01,349.345245
2021-02-02,354.285095
2021-02-03,354.56366
2021-02-04,358.593536
2021-02-05,360.004974
2021-02-08,362.604858
2021-02-09,362.363495
2021-02-10,362.205597
2021-02-11,362.790588
2021-02-12,364.582703
2021-02-16,364.266968
2021-02-17,364.350525
2021-02-18,362.799835
2021-02-19,362.159119
2021-02-22,359.373505
2021-02-23,359.809967
2021-02-24,363.774811
2021-02-25,355.009369
2021-02-26,353.180115
2021-03-01,361.741302
2021-03-02,358.918549
2021-03-03,354.164368
2021-03-04,349.781708
2021-03-05,356.216492
2021-03-08,354.442963
2021-03-09,359.50354
2021-03-10,361.741302
2021-03-11,365.409058
2021-03-12,365.901215
2021-03-15,368.083282
2021-03-16,367.618988
2021-03-17,368.872559
2021-03-18,363.505493
2021-03-19,362.832916
2021-03-22,365.730103
2021-03-23,362.851593
2021-03-24,361.00705
2021-03-25,363.037903
2021-03-26,368.888245
2021-03-29,368.701996
2021-03-30,367.723755
2021-03-31,369.214294
2021-04-01,373.201416
2021-04-05,378.558075
2021-04-06,378.334473
2021-04-07,378.772308
2021-04-08,380.570343
2021-04-09,383.337097
2021-04-12,383.476868
2021-04-13,384.613342
2021-04-14,383.299896
2021-04-15,387.417419
2021-04-16,388.712372
2021-04-19,386.802612
2021-04-20,383.970612
2021-04-21,387.603699
2021-04-22,384.063751
2021-04-23,388.227875
2021-04-26,389.03833
2021-04-27,388.954559
2021-04-28,388.842743
2021-04-29,391.320709
2021-04-30,388.749573
2021-05-03,389.587982
2021-05-04,387.18454
2021-05-05,387.305603
2021-05-06,390.398438
2021-05-07,393.239838
2021-05-10,389.345825
2021-05-11,385.871002
2021-05-12,377.673004
2021-05-13,382.209869
2021-05-14,388.078888
2021-05-17,387.091339
2021-05-18,383.756287
2021-05-19,382.750153
2021-05-20,386.867798
2021-05-21,386.551056
2021-05-24,390.491638
2021-05-25,389.625244
2021-05-26,390.398438
2021-05-27,390.603424
2021-05-28,391.302063
2021-06-01,390.957397
2021-06-02,391.572266
2021-06-03,390.118988
2021-06-04,393.686981
2021-06-07,393.304993
2021-06-08,393.388855
2021-06-09,392.80191
2021-06-10,394.627838
2021-06-11,395.279938
2021-06-14,396.164948
2021-06-15,395.438385
2021-06-16,393.230499
2021-06-17,393.100067
2021-06-18,387.796997
2021-06-21,393.348694
2021-06-22,395.451691
2021-06-23,394.974915
2021-06-24,397.311554
2021-06-25,398.722809
2021-06-28,399.526611
2021-06-29,399.741638
2021-06-30,400.077972
2021-07-01,402.293121
2021-07-02,405.368042
2021-07-06,404.6297
2021-07-07,406.059662
2021-07-08,402.751038
2021-07-09,407.050354
2021-07-12,408.508392
2021-07-13,407.115845
2021-07-14,407.723267
2021-07-15,406.33075
2021-07-16,403.143616
2021-07-19,397.190033
2021-07-20,402.881958
2021-07-21,406.143799
2021-07-22,406.994293
2021-07-23,411.181458
2021-07-26,412.190887
2021-07-27,410.312225
2021-07-28,410.143982
2021-07-29,411.845032
2021-07-30,409.84494
2021-08-02,408.985016
2021-08-03,412.312347
2021-08-04,410.284241
2021-08-05,412.882507
2021-08-06,413.564697
2021-08-09,413.228271
2021-08-10,413.742279
2021-08-11,414.770386
2021-08-12,416.013397
2021-08-13,416.770569
2021-08-16,417.751862
2021-08-17,415.013458
2021-08-18,410.4711
2021-08-19,411.106628
2021-08-20,414.377899
2021-08-23,418.022949
2021-08-24,418.686523
2021-08-25,419.565063
2021-08-26,417.088348
2021-08-27,420.817505
2021-08-30,422.668091
2021-08-31,422.04187
2021-09-01,422.266174
2021-09-02,423.565308
2021-09-03,423.462524
2021-09-07,421.948425
2021-09-08,421.434418
2021-09-09,419.630463
2021-09-10,416.32193
2021-09-13,417.387299
2021-09-14,415.134949
2021-09-15,418.602417
2021-09-16,417.938843
2021-09-17,413.867645
2021-09-20,406.966766
2021-09-21,406.582367
2021-09-22,410.548492
2021-09-23,415.536621
2021-09-24,416.22113
2021-09-27,415.030304
2021-09-28,406.666687
2021-09-29,407.351196
2021-09-30,402.372406
2021-10-01,407.154297
2021-10-04,401.903656
2021-10-05,406.08548
2021-10-06,407.773132
2021-10-07,411.298523
2021-10-08,410.548492
2021-10-11,407.576263
2021-10-12,406.572968
2021-10-13,408.035614
2021-10-14,414.899048
2021-10-15,418.058807
2021-10-18,419.296478
2021-10-19,422.531281
2021-10-20,424.190979
2021-10-21,425.297302
2021-10-22,424.856628
2021-10-25,427.135071
2021-10-26,427.519501
2021-10-27,425.625519
2021-10-28,429.732239
2021-10-29,430.604279
2021-11-01,431.345001
2021-11-02,433.088959
2021-11-03,435.733124
2021-11-04,437.78653
2021-11-05,439.30545
2021-11-08,439.680511
2021-11-09,438.227173
2021-11-10,434.701691
2021-11-11,434.842285
2021-11-12,438.124023
2021-11-15,438.274048
2021-11-16,440.008698
2021-11-17,438.939789
2021-11-18,440.430603
2021-11-19,439.643036
2021-11-22,438.405304
2021-11-23,438.986633
2021-11-24,440.158661
2021-11-26,430.341766
2021-11-29,435.620514
2021-11-30,427.14447
2021-12-01,422.400055
2021-12-02,428.869629
2021-12-03,425.137909
2021-12-06,430.172974
2021-12-07,439.071014
2021-12-08,440.233643
2021-12-09,437.261414
2021-12-10,441.377625
2021-12-13,437.467651
2021-12-14,434.457947
2021-12-15,441.246338
2021-12-16,437.355194
2021-12-17,432.700439
2021-12-20,428.099396
2021-12-21,435.701996
2021-12-22,440.058411
2021-12-23,442.796539
2021-12-27,449.06308
2021-12-28,448.696045
2021-12-29,449.270081
2021-12-30,448.028015
2021-12-31,446.898895
2022-01-03,449.486511
2022-01-04,449.335876
2022-01-05,440.707672
2022-01-06,440.293671
2022-01-07,438.553009
2022-01-10,438.007233
2022-01-11,441.996765
2022-01-12,443.191681
2022-01-13,437.085114
2022-01-14,437.263947
2022-01-18,429.520172
2022-01-19,425.060242
2022-01-20,420.355652
2022-01-21,412.10376
2022-01-24,413.853851
2022-01-25,408.801117
2022-01-26,407.775482
2022-01-27,405.761963
2022-01-28,415.839233
2022-01-31,423.328918
2022-02-01,426.189362
2022-02-02,430.329376
2022-02-03,420.214539
2022-02-04,422.190399
2022-02-07,420.835449
2022-02-08,424.298065
2022-02-09,430.508148
2022-02-10,422.773804
2022-02-11,414.437256
2022-02-14,413.082245
2022-02-15,419.744049
2022-02-16,420.214539
2022-02-17,411.238098
2022-02-18,408.575317
2022-02-22,404.190613
2022-02-23,397.020844
2022-02-24,402.995667
2022-02-25,411.88736
2022-02-28,410.833527
2022-03-01,404.576416
2022-03-02,412.019043
2022-03-03,409.967865
2022-03-04,406.636963
2022-03-07,394.649658
2022-03-08,391.657501
2022-03-09,402.158203
2022-03-10,400.342285
2022-03-11,395.251892
2022-03-14,392.363281
2022-03-15,400.991455
2022-03-16,409.88327
2022-03-17,415.0112
2022-03-18,419.55658
2022-03-21,419.434021
2022-03-22,424.34198
2022-03-23,418.877136
2022-03-24,425.191406
2022-03-25,427.267853
2022-03-28,430.307037
2022-03-29,435.63031
2022-03-30,432.940399
2022-03-31,426.276917
2022-04-01,427.484985
2022-04-04,431.147095
2022-04-05,425.701141
2022-04-06,421.444366
2022-04-07,423.567993
2022-04-08,422.435425
2022-04-11,415.215088
2022-04-12,413.676514
2022-04-13,418.414673
2022-04-14,413.20462
2022-04-18,413.374573
2022-04-19,420.047485
2022-04-20,419.736023
2022-04-21,413.459473
2022-04-22,402.114502
2022-04-25,404.44577
2022-04-26,392.732727
2022-04-27,393.836945
2022-04-28,403.785156
2022-04-29,388.862946
2022-05-02,391.203674
2022-05-03,392.997009
2022-05-04,404.964935
2022-05-05,390.57132
2022-05-06,388.23999
2022-05-09,375.809662
2022-05-10,376.678009
2022-05-11,370.694031
2022-05-12,370.307037
2022-05-13,379.160278
2022-05-16,377.621796
2022-05-17,385.389618
2022-05-18,369.853943
2022-05-19,367.588745
2022-05-20,367.749237
2022-05-23,374.629822
2022-05-24,371.77002
2022-05-25,375.054535
2022-05-26,382.548645
2022-05-27,391.939911
2022-05-31,389.740723
2022-06-01,386.588318
2022-06-02,393.950317
2022-06-03,387.485016
2022-06-06,388.664764
2022-06-07,392.392883
2022-06-08,388.12677
2022-06-09,378.895996
2022-06-10,367.909698
2022-06-13,353.940826
2022-06-14,352.874268
2022-06-15,357.904968
2022-06-16,346.059723
2022-06-17,346.805725
2022-06-21,355.536072
2022-06-22,354.891541
2022-06-23,358.370331
2022-06-24,369.764252
2022-06-27,368.35199
2022-06-28,360.825439
2022-06-29,360.531708
2022-06-30,357.60257
2022-07-01,361.384766
2022-07-05,362.067291
2022-07-06,363.2901
2022-07-07,368.73114
2022-07-08,368.427734
2022-07-11,364.219055
2022-07-12,360.996124
2022-07-13,359.10025
2022-07-14,358.228149
2022-07-15,365.072113
2022-07-18,362.05777
2022-07-19,371.840271
2022-07-20,374.210083
2022-07-21,378.020721
2022-07-22,374.513397
2022-07-25,374.968445
2022-07-26,370.532196
2022-07-27,380.153564
2022-07-28,384.92157
2022-07-29,390.533234
2022-08-01,389.376801
2022-08-02,386.807922
2022-08-03,392.865143
2022-08-04,392.599731
2022-08-05,391.936157
2022-08-08,391.481171
2022-08-09,389.926605
2022-08-10,398.116608
2022-08-11,398.116608
2022-08-12,404.856293
2022-08-15,406.524597
2022-08-16,407.320892
2022-08-17,404.429718
2022-08-18,405.605194
2022-08-19,400.154633
2022-08-22,391.822449
2022-08-23,390.874603
2022-08-24,392.125763
2022-08-25,397.661621
2022-08-26,384.201141
2022-08-29,381.660706
2022-08-30,377.470947
2022-08-31,374.598663
2022-09-01,375.77417
2022-09-02,371.811829
2022-09-06,370.409027
2022-09-07,377.063293
2022-09-08,379.527954
2022-09-09,385.424011
2022-09-12,389.566437
2022-09-13,372.627045
2022-09-14,374.04892
2022-09-15,369.802277
2022-09-16,366.98111
2022-09-19,369.827026
2022-09-20,365.58194
2022-09-21,359.204834
2022-09-22,356.187531
2022-09-23,350.219696
2022-09-26,346.755096
2022-09-27,345.869873
2022-09-28,352.675354
2022-09-29,345.30838
2022-09-30,339.968597
2022-10-03,348.944183
2022-10-04,359.756836
2022-10-05,358.91922
2022-10-06,355.216644
2022-10-07,345.30838
2022-10-10,342.671753
2022-10-11,340.501709
2022-10-12,339.378479
2022-10-13,348.335083
2022-10-14,340.396973
2022-10-17,349.144104
2022-10-18,353.246429
2022-10-19,350.743134
2022-10-20,347.802063
2022-10-21,356.25412
2022-10-24,360.613464
2022-10-25,366.371948
2022-10-26,363.611694
2022-10-27,361.669983
2022-10-28,370.274353
2022-10-31,367.599762
2022-11-01,365.99115
2022-11-02,356.806213
2022-11-03,353.132172
2022-11-04,358.214905
2022-11-07,361.641449
2022-11-08,363.592621
2022-11-09,356.101868
2022-11-10,375.671173
2022-11-11,379.307098
2022-11-14,376.080444
2022-11-15,379.288025
2022-11-16,376.394531
2022-11-17,375.242828
2022-11-18,376.946594
2022-11-21,375.575928
2022-11-22,380.630096
2022-11-23,383.028687
2022-11-25,382.942902
2022-11-28,376.832367
2022-11-29,376.18515
2022-11-30,388.035217
2022-12-01,387.749664
2022-12-02,387.302307
2022-12-05,380.335052
2022-12-06,374.852509
2022-12-07,374.214935
2022-12-08,377.146393
2022-12-09,374.329102
2022-12-12,379.725891
2022-12-13,382.600342
2022-12-14,380.154205
2022-12-15,370.85498
2022-12-16,366.476593
2022-12-19,363.368958
2022-12-20,363.866211
2022-12-21,369.306946
2022-12-22,364.03833
2022-12-23,366.132385
2022-12-27,364.688507
2022-12-28,360.156281
2022-12-29,366.63913
2022-12-30,365.67337
2023-01-03,364.133972
2023-01-04,366.94516
2023-01-05,362.75705
2023-01-06,371.075867
2023-01-09,370.865479
2023-01-10,373.466339
2023-01-11,378.18988
2023-01-12,379.566772
2023-01-13,381.039337
2023-01-17,380.341309
2023-01-18,374.336426
2023-01-19,371.611359
2023-01-20,378.534088
2023-01-23,383.075958
2023-01-24,382.664856
2023-01-25,382.808258
2023-01-26,387.015472
2023-01-27,387.904694
2023-01-30,383.03772
2023-01-31,388.669617
2023-02-01,392.800354
2023-02-02,398.518372
2023-02-03,394.282501
2023-02-06,391.872894
2023-02-07,396.997955
2023-02-08,392.656952
2023-02-09,389.252899
2023-02-10,390.161255
2023-02-13,394.741394
2023-02-14,394.559723
2023-02-15,395.841034
2023-02-16,390.390778
2023-02-17,389.415497
2023-02-21,381.603455
2023-02-22,381.077545
2023-02-23,383.104614
2023-02-24,379.012177
2023-02-27,380.30304
2023-02-28,378.897461
2023-03-01,377.444061
2023-03-02,380.379517
2023-03-03,386.47998
2023-03-06,386.747742
2023-03-07,380.819336
2023-03-08,381.440887
2023-03-09,374.403351
2023-03-10,369.000885
2023-03-13,368.475006
2023-03-14,374.565887
2023-03-15,372.223267
2023-03-16,378.753998
2023-03-17,374.325348
2023-03-20,377.924713
2023-03-21,382.887085
2023-03-22,376.360199
2023-03-23,377.377655
2023-03-24,379.854034
2023-03-27,380.56424
2023-03-28,379.710022
2023-03-29,385.229065
2023-03-30,387.48465
2023-03-31,392.946106
2023-04-03,394.443481
2023-04-04,392.255066
2023-04-05,391.227997
2023-04-06,392.754181
2023-04-10,393.157257
2023-04-11,393.262817
2023-04-12,391.659912
2023-04-13,396.862213
2023-04-14,395.892792
2023-04-17,397.313354
2023-04-18,397.572479
2023-04-19,397.50531
2023-04-20,395.336121
2023-04-21,395.64328
2023-04-24,396.056
2023-04-25,389.769073
2023-04-26,388.118134
2023-04-27,395.844788
2023-04-28,399.223419
2023-05-01,398.820312
2023-05-02,394.33786
2023-05-03,391.631134
2023-05-04,388.857239
2023-05-05,396.056
2023-05-08,396.16153
2023-05-09,394.424286
2023-05-10,396.267151
2023-05-11,395.57605
2023-05-12,395.0578
2023-05-15,396.420776
2023-05-16,393.771576
2023-05-17,398.551544
2023-05-18,402.390869
2023-05-19,401.80542
2023-05-22,401.968567
2023-05-23,397.457367
2023-05-24,394.57782
2023-05-25,397.994873
2023-05-26,403.149109
2023-05-30,403.302673
2023-05-31,401.066345
2023-06-01,404.876831
2023-06-02,410.731812
2023-06-05,409.944733
2023-06-06,410.837433
2023-06-07,409.41684
2023-06-08,411.893219
2023-06-09,412.632263
2023-06-12,416.375641
2023-06-13,419.120789
2023-06-14,419.619843
2023-06-15,424.822113
2023-06-16,423.375153
2023-06-20,421.178589
2023-06-21,419.020599
2023-06-22,420.533112
2023-06-23,417.353882
2023-06-26,415.648651
2023-06-27,420.205566
2023-06-28,420.417511
2023-06-29,422.074524
2023-06-30,427.055359
2023-07-03,427.546692
2023-07-05,426.910858
2023-07-06,423.56781
2023-07-07,422.498444
2023-07-10,423.56781
2023-07-11,426.26535
2023-07-12,429.694977
2023-07-13,433.105469
2023-07-14,432.835785
2023-07-17,434.338623
2023-07-18,437.56601
2023-07-19,438.539032
2023-07-20,435.629578
2023-07-21,435.629578
2023-07-24,437.575653
2023-07-25,438.770203
2023-07-26,438.837708
2023-07-27,435.928253
2023-07-28,440.196136
2023-07-31,441.034271
2023-08-01,439.772186
2023-08-02,433.654602
2023-08-03,432.411835
2023-08-04,430.456116
2023-08-07,434.213379
2023-08-08,432.325134
2023-08-09,429.434875
2023-08-10,429.58905
2023-08-11,429.338531
2023-08-14,431.708527
2023-08-15,426.679657
2023-08-16,423.548615
2023-08-17,420.321136
2023-08-18,420.523438
2023-08-21,423.259521
2023-08-22,422.113068
2023-08-23,426.814545
2023-08-24,420.899231
2023-08-25,423.866486
2023-08-28,426.554321
2023-08-29,432.720123
2023-08-30,434.502441
2023-08-31,433.866577
2023-09-01,434.675751
2023-09-05,432.79718
2023-09-06,429.887695
2023-09-07,428.567902
2023-09-08,429.213287
2023-09-11,432.036102
2023-09-12,429.666107
2023-09-13,430.167114
2023-09-14,433.87619
2023-09-15,428.648712
2023-09-18,428.900116
2023-09-19,428.01059
2023-09-20,424.075745
2023-09-21,417.066528
2023-09-22,416.128662
2023-09-25,417.878601
2023-09-26,411.73941
2023-09-27,411.903778
2023-09-28,414.291748
2023-09-29,413.286377
2023-10-02,413.121948
2023-10-03,407.591827
2023-10-04,410.559937
2023-10-05,410.405273
2023-10-06,415.277924
2023-10-09,417.936584
2023-10-10,420.111908
2023-10-11,421.832794
2023-10-12,419.261108
2023-10-13,417.172852
2023-10-16,421.562073
2023-10-17,421.542755
2023-10-18,415.925629
2023-10-19,412.271149
2023-10-20,407.205139
2023-10-23,406.49939
2023-10-24,409.564148
2023-10-25,403.686005
2023-10-26,398.852051
2023-10-27,397.044159
2023-10-30,401.791046
2023-10-31,404.314484
2023-11-01,408.626343
2023-11-02,416.457428
2023-11-03,420.256958
2023-11-06,421.223694
2023-11-07,422.422516
2023-11-08,422.731903
2023-11-09,419.43515
2023-11-10,425.980286
2023-11-13,425.57428
2023-11-14,433.83075
2023-11-15,434.749176
2023-11-16,435.280945
2023-11-17,435.822357
2023-11-20,439.177155
2023-11-21,438.219971
2023-11-22,439.911896
2023-11-24,440.182556
2023-11-27,439.389832
2023-11-28,439.82486
2023-11-29,439.515503
2023-11-30,441.246063
2023-12-01,443.856445
2023-12-04,441.526459
2023-12-05,441.439453
2023-12-06,439.660583
2023-12-07,443.01532
2023-12-08,444.919861
2023-12-11,446.650452
2023-12-12,448.690399
2023-12-13,454.877899
2023-12-14,456.337769
2023-12-15,455.586456
2023-12-18,458.149139
2023-12-19,460.935059
2023-12-20,454.547791
2023-12-21,458.857788
2023-12-22,459.779968
2023-12-26,461.721313
2023-12-27,462.556213
2023-12-28,462.730896
2023-12-29,461.391327
2024-01-02,458.809204
2024-01-03,455.062286
2024-01-04,453.596466
2024-01-05,454.217773
2024-01-08,460.702118
2024-01-09,460.003174
2024-01-10,462.604736
2024-01-11,462.400879
2024-01-12,462.721191
2024-01-16,461.02243
2024-01-17,458.459747
2024-01-18,462.536804
2024-01-19,468.302795
2024-01-22,469.292969
2024-01-23,470.661621
2024-01-24,471.176147
2024-01-25,473.738861
2024-01-26,473.137024
2024-01-29,476.883881
2024-01-30,476.515106
2024-01-31,468.739655
2024-02-01,474.874573
2024-02-02,479.873779
2024-02-05,478.126465
2024-02-06,479.514618
2024-02-07,483.514008
2024-02-08,483.72757
2024-02-09,486.523193
2024-02-12,486.309601
2024-02-13,479.611664
2024-02-14,483.970215
2024-02-15,487.309448
2024-02-16,484.88269
2024-02-20,482.213196
2024-02-21,482.649994
2024-02-22,492.638672
2024-02-23,492.978455
2024-02-26,491.172852
2024-02-27,492.085358
2024-02-28,491.435028
2024-02-29,493.201691
2024-03-01,497.83197
2024-03-04,497.298126
2024-03-05,492.328033
2024-03-06,494.822815
2024-03-07,499.73465
2024-03-08,496.735107
2024-03-11,496.308014
2024-03-12,501.647003
2024-03-13,500.860657
2024-03-14,499.870605
2024-03-15,496.43811
2024-03-18,499.38858
2024-03-19,502.163727
2024-03-20,506.80838
2024-03-21,508.483185
2024-03-22,507.519287
2024-03-25,506.117065
2024-03-26,505.182312
2024-03-27,509.427765
2024-03-28,509.330444
2024-04-01,508.444183
2024-04-02,505.211517
2024-04-03,505.766418
2024-04-04,499.593048
2024-04-05,504.812225
2024-04-08,505.094604
2024-04-09,505.678864
2024-04-10,500.615448
2024-04-11,504.393616
2024-04-12,497.431335
2024-04-15,491.199493
2024-04-16,490.303619
2024-04-17,487.401855
2024-04-18,486.398926
2024-04-19,482.153442
2024-04-22,486.593719
2024-04-23,492.367889
2024-04-24,492.134216
2024-04-25,490.264648
2024-04-26,494.909393
2024-04-29,496.662079
2024-04-30,488.794373
2024-05-01,487.207214
2024-05-02,491.764191
2024-05-03,497.859802
2024-05-06,503.00119
2024-05-07,503.556152
2024-05-08,503.604797
2024-05-09,506.506531
2024-05-10,507.158966
2024-05-13,507.22702
2024-05-14,509.554291
2024-05-15,515.864136
2024-05-16,514.802734
2024-05-17,515.542847
2024-05-20,516.136719
2024-05-21,517.402588
2024-05-22,515.91272
2024-05-23,512.14447
2024-05-24,515.53302
2024-05-28,515.89325
2024-05-29,512.280701
2024-05-30,508.882507
2024-05-31,513.517395
2024-06-03,513.936096
2024-06-04,514.51062
2024-06-05,520.625671
2024-06-06,520.615845
2024-06-07,519.983032
2024-06-10,521.5896
2024-06-11,522.845764
2024-06-12,527.139954
2024-06-13,528.201355
2024-06-14,528.522644
2024-06-17,532.729126
2024-06-18,534.082642
2024-06-20,532.631653
2024-06-21,531.917786
2024-06-24,530.188599
2024-06-25,532.230347
2024-06-26,532.894592
2024-06-27,533.734741
2024-06-28,531.634338
2024-07-01,532.728516
2024-07-02,536.31366
2024-07-03,538.70697
2024-07-05,541.813477
2024-07-08,542.438599
2024-07-09,542.966064
2024-07-10,548.338989
2024-07-11,543.610779
2024-07-12,547.039673
2024-07-15,548.544067
2024-07-16,551.797058
2024-07-17,544.060181
2024-07-18,539.87915
2024-07-19,536.294067
2024-07-22,541.82312
2024-07-23,540.973328
2024-07-24,528.713562
2024-07-25,525.958679
2024-07-26,531.849304
2024-07-29,532.161926
2024-07-30,529.465637
2024-07-31,538.07196
2024-08-01,530.452454
2024-08-02,520.576172
2024-08-05,505.415131
2024-08-06,510.074768
2024-08-07,506.665497
2024-08-08,518.378296
2024-08-09,520.664062
2024-08-12,520.937683
2024-08-13,529.504761
2024-08-14,531.175293
2024-08-15,540.279785
2024-08-16,541.491211
2024-08-19,546.668518
2024-08-20,545.77948
2024-08-21,547.655151
2024-08-22,543.356873
2024-08-23,549.130188
2024-08-26,547.821228
2024-08-27,548.573486
2024-08-28,545.388733
2024-08-29,545.437622
2024-08-30,550.644348
2024-09-03,539.312622
2024-09-04,538.208801
2024-09-05,536.899719
2024-09-06,527.863586
2024-09-09,533.773743
2024-09-10,536.098572
2024-09-11,541.598511
2024-09-12,546.160583
2024-09-13,549.012939
2024-09-16,549.823853
2024-09-17,550.048523
2024-09-18,548.417053
2024-09-19,557.775513
2024-09-20,556.81134
2024-09-23,558.202759
2024-09-24,559.799866
2024-09-25,558.565308
2024-09-26,560.779846
2024-09-27,559.966492
2024-09-30,562.210388
2024-10-01,557.17395
2024-10-02,557.408997
2024-10-03,556.389954
2024-10-04,561.446106
2024-10-07,556.370361
2024-10-08,561.632263
2024-10-09,565.5224
2024-10-10,564.532715
2024-10-11,567.91333
2024-10-14,572.557922
2024-10-15,568.109314
2024-10-16,570.578491
2024-10-17,570.627502
2024-10-18,572.822449
2024-10-21,571.881775
2024-10-22,571.578003
2024-10-23,566.355286
2024-10-24,567.580139
2024-10-25,567.384094
2024-10-28,569.138184
2024-10-29,570.059204
2024-10-30,568.334656
2024-10-31,557.193542
2024-11-01,559.545166
2024-11-04,558.339966
2024-11-05,565.091309
2024-11-06,579.142578
2024-11-07,583.620544
2024-11-08,586.148682
2024-11-11,586.707275
2024-11-12,584.884644
2024-11-13,585.168762
2024-11-14,581.406067
2024-11-15,573.959167
2024-11-18,576.310852
2024-11-19,578.41748
2024-11-20,578.613464
2024-11-21,581.719604
2024-11-22,583.522583
2024-11-25,585.502014
2024-11-26,588.559143
2024-11-27,586.775757
2024-11-29,590.420776
2024-12-02,591.479126
2024-12-03,591.75354
2024-12-04,595.427917
2024-12-05,594.44812
2024-12-06,595.575073
2024-12-09,592.507996
2024-12-10,590.665833
2024-12-11,595.232056
2024-12-12,592.165039
2024-12-13,592.047485
2024-12-16,594.5755
2024-12-17,592.125854
2024-12-18,574.478455
2024-12-19,574.302063
2024-12-20,581.199951
2024-12-23,584.680359
2024-12-24,591.179138
2024-12-26,591.218445
2024-12-27,584.994995
2024-12-30,578.319275
2024-12-31,576.215271
2025-01-02,574.799561
2025-01-03,581.986511
2025-01-06,585.339111
2025-01-07,578.722351
2025-01-08,579.567871
2025-01-10,570.719299
2025-01-13,571.604309
2025-01-14,572.390747
2025-01-15,582.802612
2025-01-16,581.681763
2025-01-17,587.521729
2025-01-21,592.899536
2025-01-22,596.232666
2025-01-23,599.486877
2025-01-24,597.736755
2025-01-27,589.281494
2025-01-28,594.34491
2025-01-29,591.680481
2025-01-30,594.856079
2025-01-31,591.690369
2025-02-03,587.708557
2025-02-04,591.651001
2025-02-05,594.049866
2025-02-06,596.114624
2025-02-07,590.658081
2025-02-10,594.669373
2025-02-11,595.121582
2025-02-12,593.204346
2025-02-13,599.467224
2025-02-14,599.437744
2025-02-18,601.197571
2025-02-19,602.613342
2025-02-20,600.106262
2025-02-21,589.842041
2025-02-24,587.157959
2025-02-25,584.237854
2025-02-26,584.532898
2025-02-27,575.202637
2025-02-28,584.178955
2025-03-03,573.944153
2025-03-04,567.150452
2025-03-05,573.246155
2025-03-06,563.070312
2025-03-07,566.226257
2025-03-10,551.14447
2025-03-11,546.562927
2025-03-12,549.463196
2025-03-13,542.138672
2025-03-14,553.336975
2025-03-17,557.604065
2025-03-18,551.577148
2025-03-19,557.584229
2025-03-20,555.971863
2025-03-21,556.155273
2025-03-24,566.115173
2025-03-25,567.476013
2025-03-26,560.701294
2025-03-27,559.212341
2025-03-28,547.950623
2025-03-31,551.628906
2025-04-01,553.186951
2025-04-02,556.687744
2025-04-03,529.253784
2025-04-04,498.269684
2025-04-07,497.382172
2025-04-08,489.591766
2025-04-09,541.008423
2025-04-10,517.30188
2025-04-11,526.532043
2025-04-14,531.640198
2025-04-15,530.151123
2025-04-16,518.366821
2025-04-17,519.106445
2025-04-21,506.750336
2025-04-22,519.934875
2025-04-23,527.991516
2025-04-24,539.105164
2025-04-25,543.000366
2025-04-28,543.207458
2025-04-29,546.629272
2025-04-30,546.846252
2025-05-01,550.72168
2025-05-02,558.896729
2025-05-05,555.691833
2025-05-06,551.04718
2025-05-07,553.364563
2025-05-08,557.220276
2025-05-09,556.510254
2025-05-12,574.90155
2025-05-13,578.698181
2025-05-14,579.437744
2025-05-15,582.267822
2025-05-16,585.955994
2025-05-19,586.596924
2025-05-20,584.624634
2025-05-21,574.773315
2025-05-22,575.000183
2025-05-23,571.075317
2025-05-27,582.948303
2025-05-28,579.575745
2025-05-29,581.863586
2025-05-30,581.212708
2025-06-02,584.486755
2025-06-03,587.819763
2025-06-04,587.661926
2025-06-05,584.82196
2025-06-06,590.827515
2025-06-09,591.359924
2025-06-10,594.71283
2025-06-11,593.016663
2025-06-12,595.373535
2025-06-13,588.717163
2025-06-16,594.318359
2025-06-17,589.239807
2025-06-18,589.151001
2025-06-20,587.767395
2025-06-23,593.573059
2025-06-24,600.130432
2025-06-25,600.466675
2025-06-26,605.164612
2025-06-27,608.171265
2025-06-30,611.079102
2025-07-01,610.881287
2025-07-02,613.650635
2025-07-03,618.487
2025-07-07,613.878052
2025-07-08,613.541809
2025-07-09,617.221069
2025-07-10,618.961792
2025-07-11,616.785767
2025-07-14,617.96283
2025-07-15,615.322083
2025-07-16,617.379272
2025-07-17,621.157349
2025-07-18,620.702515
2025-07-21,621.879395
2025-07-22,621.968445
2025-07-23,627.259827
2025-07-24,627.467468
2025-07-25,630.118103
2025-07-28,629.959839
2025-07-29,628.298279
2025-07-30,627.507019
2025-07-31,625.153137
2025-08-01,614.906616
2025-08-04,624.252991
2025-08-05,621.088074
2025-08-06,625.84552
2025-08-07,625.321228
2025-08-08,630.197205
2025-08-11,628.95105
2025-08-12,635.646851
2025-08-13,637.822815
2025-08-14,637.88208
2025-08-15,636.388672
2025-08-18,636.250122
2025-08-19,632.798401
2025-08-20,631.116943
2025-08-21,628.585144
2025-08-22,638.238159
2025-08-25,635.42926
2025-08-26,638.089783
2025-08-27,639.54364
2025-08-28,641.808594
2025-08-29,637.980957
2025-09-02,633.253357
2025-09-03,636.685364
2025-09-04,642.006409
2025-09-05,640.146973
2025-09-08,641.719604
2025-09-09,643.203186
2025-09-10,645.062561
2025-09-11,650.423096
2025-09-12,650.205505
2025-09-15,653.667175
2025-09-16,652.767151
2025-09-17,651.956116
2025-09-18,655.002441
2025-09-19,658.246521
2025-09-22,661.360718
2025-09-23,657.760559
2025-09-24,655.667786
2025-09-25,652.642944
2025-09-26,656.381958
2025-09-29,658.226685
2025-09-30,660.706116
2025-10-01,662.957458
2025-10-02,663.721069
2025-10-03,663.711243
2025-10-06,666.091492
2025-10-07,663.621948
2025-10-08,667.579163
2025-10-09,665.645203
2025-10-10,647.654236
2025-10-13,657.591919
2025-10-14,656.788574
2025-10-15,659.704407
2025-10-16,655.211731
2025-10-17,658.930847
2025-10-20,665.784058
2025-10-21,665.774109
2025-10-22,662.312805
2025-10-23,666.240295
2025-10-24,671.685181
2025-10-27,679.609497
2025-10-28,681.41449
2025-10-29,681.741882
2025-10-30,674.244019
2025-10-31,676.455627
2025-11-03,677.725159
2025-11-04,669.691711
2025-11-05,672.012451
2025-11-06,664.802185
2025-11-07,665.456726
2025-11-10,675.840759
2025-11-11,677.387878
2025-11-12,677.764771
2025-11-13,666.518005
2025-11-14,666.408875
2025-11-17,660.200256
2025-11-18,654.656189
2025-11-19,657.185303
2025-11-20,647.168335
2025-11-21,653.614868
2025-11-24,663.235168
2025-11-25,669.47345
2025-11-26,674.095215
2025-11-28,677.774719
2025-12-01,674.680298
2025-12-02,675.930054
2025-12-03,678.27063
2025-12-04,678.766541
2025-12-05,680.055786
2025-12-08,678.012756
2025-12-09,677.427612
2025-12-10,681.92041
2025-12-11,683.507263
2025-12-12,676.158142
2025-12-15,675.136536
2025-12-16,673.29187
2025-12-17,665.88324
2025-12-18,670.911499
2025-12-19,676.99231
2025-12-22,681.209839
2025-12-23,684.323303
2025-12-24,686.73053
2025-12-26,686.660889
2025-12-29,684.213867
2025-12-30,683.378296
2025-12-31,678.315247
2026-01-02,679.558594
2026-01-05,684.084595
2026-01-06,688.152954
2026-01-07,685.934753
2026-01-08,685.865112
2026-01-09,690.401001
2026-01-12,691.485229
2026-01-13,690.1026
2026-01-14,686.710571
2026-01-15,688.580688
2026-01-16,688.003723
2026-01-20,673.998169
2026-01-21,681.776855
2026-01-22,685.337952
2026-01-23,685.586548
2026-01-26,689.068115
2026-01-27,691.813477
2026-01-28,691.743835
2026-01-29,690.371155
2026-01-30,688.312134
2026-02-02,691.733887
2026-02-03,685.88501
2026-02-04,682.562683
2026-02-05,674.037964
2026-02-06,686.969238
2026-02-09,690.281616
2026-02-10,688.461304
2026-02-11,688.302185
2026-02-12,677.668701
2026-02-13,678.146118
2026-02-17,679.240295
2026-02-18,682.662109
2026-02-19,680.861694
2026-02-20,685.785583
2026-02-23,678.782776
2026-02-24,683.716492
2026-02-25,689.485901
2026-02-26,685.656189
2026-02-27,682.363708
2026-03-02,682.751648
2026-03-03,676.733704
2026-03-04,681.508301
2026-03-05,677.708435
2026-03-06,668.825623
2026-03-09,674.684509
2026-03-10,673.600281
2026-03-11,672.754822
2026-03-12,662.539062
2026-03-13,658.789001
2026-03-16,665.493408
2026-03-17,667.244019
2026-03-18,657.933533
2026-03-19,656.312134
2026-03-20,646.903442
2026-03-23,653.695923
2026-03-24,651.501587
2026-03-25,655.132202
2026-03-26,643.432373
2026-03-27,632.460632
2026-03-30,630.346069
2026-03-31,648.668884
2026-04-01,653.556274
2026-04-02,654.144775
2026-04-06,657.236816
2026-04-07,657.526001
2026-04-08,674.272949
2026-04-09,678.162842
2026-04-10,677.71405
2026-04-13,684.336975
2026-04-14,692.675537
2026-04-15,698.141418
2026-04-16,699.856995
2026-04-17,708.315247
2026-04-20,706.898804
2026-04-21,702.270813
2026-04-22,709.382507
2026-04-23,706.629578
2026-04-24,712.105469
2026-04-27,713.332275
2026-04-28,709.861206
2026-04-29,709.751526
2026-04-30,716.813293
2026-05-01,718.798218
2026-05-04,716.164978
2026-05-05,721.910217
2026-05-06,731.944336
2026-05-07,729.700134
2026-05-08,735.724609
2026-05-11,737.400269
2026-05-12,736.283142
2026-05-13,740.402527
2026-05-14,746.247498
2026-05-15,737.27063
2026-05-18,736.751953
2026-05-19,731.844604
2026-05-20,739.345276
2026-05-21,740.811462
2026-05-22,743.723999
2026-05-26,748.661316
2026-05-27,748.531616
2026-05-28,752.66095
2026-05-29,754.536133
2026-06-01,756.59082
2026-06-02,757.618225
2026-06-03,752.30188
2026-06-04,755.144592
2026-06-05,735.654785
2026-06-08,737.320435
2026-06-09,735.156067
2026-06-10,723.565918
2026-06-11,735.864258
2026-06-12,739.843994
2026-06-15,752.890381
2026-06-16,748.401978
2026-06-17,739.05603
2026-06-18,746.73999
2026-06-22,744.390015
2026-06-23,733.580017
2026-06-24,733.23999
2026-06-25,734.299988
2026-06-26,728.98999
2026-06-29,741.0
2026-06-30,746.77002
2026-07-01,745.76001
2026-07-02,744.780029
2026-07-06,751.280029
2026-07-07,747.710022
2026-07-08,745.400024
2026-07-09,751.710022
2026-07-10,754.950012
2026-07-13,749.169983
2026-07-14,751.830017
2026-07-15,754.809998
2026-07-16,750.719971
2026-07-17,743.289978
2026-07-20,742.090027
2026-07-21,748.340027
